"Timestamp","Action","Actor","Actor Email","Target","Detail","IP/Status","Result"
"2026-03-17T06:31:26.218Z","REGISTER","Saurabh Gupta","deepagoel12may@gmail.com","deepagoel12may@gmail.com","City:Bangalore  Akna:रावत  Mobile:7011556067","","SUCCESS (Auto-Approved)"
"2026-03-17T06:46:43.420Z","FORGOT_PASSWORD","Saurabh Gupta","deepagoel12may@gmail.com","deepagoel12may@gmail.com","","","SUCCESS"
"2026-03-17T15:43:50.571Z","FORGOT_PASSWORD","Mayank Gupta","mayankgupta1984@gmail.com","mayankgupta1984@gmail.com","","","SUCCESS"
"2026-03-18T10:25:21.888Z","LOGIN","Unknown","gupta11anju@gmail.com","","","","FAILED: Email not found"
"2026-03-18T10:25:41.344Z","LOGIN","Unknown","gupta11anju@gmail.com","","","","FAILED: Email not found"
"2026-03-18T10:26:20.917Z","LOGIN","Unknown","gupta11anju@gmail.com","","","","FAILED: Email not found"
"2026-03-18T10:26:29.737Z","LOGIN","Unknown","gupta11anju@gmail.com","","","","FAILED: Email not found"
"2026-03-20T18:11:36.184Z","REGISTER","Manish kumar seth","mkseth1981@gmail.com","mkseth1981@gmail.com","City:Ghaziabad  Akna:सेठ  Mobile:7009501824","","SUCCESS (Pending)"
"2026-03-20T18:13:52.295Z","FORGOT_PASSWORD","Manish kumar seth","mkseth1981@gmail.com","mkseth1981@gmail.com","","","SUCCESS"
"2026-03-20T23:34:49.298Z","REGISTER","MAHESH CHANDRA KANKANE","maheshkankane@gmail.com","maheshkankane@gmail.com","City:NOIDA  Akna:KANKANE  Mobile:9015804041","","SUCCESS (Auto-Approved)"
"2026-03-25T03:34:21.164Z","REGISTER","RUPAL  GUPTA","rupal.guptaa@gmail.com","rupal.guptaa@gmail.com","City:Noida  Akna:विलैया  Mobile:9910116446","","SUCCESS (Auto-Approved)"
"2026-03-25T03:36:10.206Z","FORGOT_PASSWORD","RUPAL  GUPTA","rupal.guptaa@gmail.com","rupal.guptaa@gmail.com","","","SUCCESS"
"2026-03-26T01:32:06.585Z","DELETE_MAT","Shrinivash Gupta","shrinivashgupta@gmail.com","","Shrinivash Gupta","","SUCCESS"
"2026-03-26T07:51:10.705Z","FORGOT_PASSWORD","RAKSHA GUPTA","deepakarygupta@gmail.com","deepakarygupta@gmail.com","","","SUCCESS"
"2026-03-26T08:26:32.806Z","REGISTER","CA. Jitendra Gupta","cajgupta@gmail.com","cajgupta@gmail.com","City:Jhansi  Akna:सेठ  Mobile:9839119752","","SUCCESS (Auto-Approved)"
"2026-03-26T08:29:41.665Z","FORGOT_PASSWORD","CA. Jitendra Gupta","cajgupta@gmail.com","cajgupta@gmail.com","","","SUCCESS"
"2026-03-26T08:59:03.691Z","MAT_SUBMIT","RAKSHA GUPTA","deepakarygupta@gmail.com","RAKSHA GUPTA","Female | Datia | BA, PGDCA & Diploma (Fashion Designing)","","SUCCESS"
"2026-03-28T08:14:35.814Z","FORGOT_PASSWORD","Sachin kuchiya","sachinkuchiya@gmail.com","sachinkuchiya@gmail.com","","","SUCCESS"
"2026-04-09T15:52:18.985Z","GOOGLE_SIGNUP","ishant nigoti","ishant.nigoti@gmail.com","","New user — profile completion required","","PENDING"
"2026-04-09T15:53:36.979Z","REGISTER","ishant nigoti","ishant.nigoti@gmail.com","ishant.nigoti@gmail.com","City:Gwalior  Akna:निगोती  Mobile:9923304643","","SUCCESS (Auto-Approved)"
"2026-04-09T15:53:45.417Z","GOOGLE_LOGIN","ishant nigoti","ishant.nigoti@gmail.com","","Role:Member  Status:Approved","","SUCCESS"
"2026-04-12T07:31:51.689Z","GOOGLE_SIGNUP","Ashok Gupta","akg84222@gmail.com","","New user — profile completion required","","PENDING"
"2026-04-12T07:34:05.856Z","REGISTER","Ashok Gupta","akg84222@gmail.com","akg84222@gmail.com","City:Greater Noida west  Akna:सेठ  Mobile:7042510044","","SUCCESS (Auto-Approved)"
"2026-04-12T07:34:09.324Z","GOOGLE_LOGIN","Ashok Gupta","akg84222@gmail.com","","Role:Member  Status:Approved","","SUCCESS"
"2026-04-12T09:14:05.558Z","LOGIN","Unknown","prashanseth28@gmail.com","","","","FAILED: Email not found"
"2026-04-12T09:15:10.617Z","FORGOT_PASSWORD","Prashant Seth","prashantseth28@gmail.com","prashantseth28@gmail.com","","","SUCCESS"
"2026-04-12T11:43:55.497Z","GOOGLE_LOGIN","Sanjiv Kumar Gupta","mmmgreno@gmail.com","","Role:Member  Status:Approved","","SUCCESS"
"2026-04-12T12:01:59.571Z","GOOGLE_SIGNUP","RUSIA GROUP","rusia.group@gmail.com","","New user — profile completion required","","PENDING"
"2026-04-12T12:02:13.513Z","GOOGLE_SIGNUP","RUSIA GROUP","rusia.group@gmail.com","","New user — profile completion required","","PENDING"
"2026-04-12T13:09:07.820Z","GOOGLE_SIGNUP","Rahul Gupta","rahulgupta439@gmail.com","","New user — profile completion required","","PENDING"
"2026-04-14T12:29:35.877Z","SEND_MESSAGE","Anuj Viswari","Viswari@gmail.com","Gaurav Reja<dendthdel@gmail.com>","Subject:Re: Hi Anuj","","SUCCESS"
"2026-04-14T14:15:58.132Z","SEND_MESSAGE","Pramod Kumar Gupta","pkguptamca@gmail.com","Gaurav Reja<dendthdel@gmail.com>","Subject:Re: Ram Ram Ji","","SUCCESS"
"2026-04-14T14:25:20.637Z","GOOGLE_SIGNUP","Rajesh Gupta","rajeshneekhra59@gmail.com","","New user — profile completion required","","PENDING"
"2026-04-14T17:17:11.799Z","REGISTER","Manoj kumar Gupta","manojkumargupta8081@gmail.com","manojkumargupta8081@gmail.com","City:Seondha  Akna:मिसुरहा  Mobile:9329679079","","SUCCESS (Auto-Approved)"
"2026-04-14T17:17:38.021Z","FORGOT_PASSWORD","Manoj kumar Gupta","manojkumargupta8081@gmail.com","manojkumargupta8081@gmail.com","","","SUCCESS"
"2026-04-15T08:20:34.134Z","GOOGLE_SIGNUP","Gahoi Portal","gahoi.portal@gmail.com","","New user — profile completion required","","PENDING"
"2026-04-17T03:40:59.090Z","GOOGLE_SIGNUP","sandeep gupta","sg07989@gmail.com","","New user — profile completion required","","PENDING"
"2026-04-17T13:08:43.981Z","GOOGLE_SIGNUP","shailesh gupta","shailesh.seth1008@gmail.com","","New user — profile completion required","","PENDING"
"2026-04-17T13:09:58.205Z","REGISTER","shailesh gupta","shailesh.seth1008@gmail.com","shailesh.seth1008@gmail.com","City:Panna  Akna:बड़ेरिया  Mobile:7000811747","","SUCCESS (Auto-Approved)"
"2026-04-17T13:10:03.815Z","GOOGLE_LOGIN","shailesh gupta","shailesh.seth1008@gmail.com","","Role:Member  Status:Approved","","SUCCESS"
"2026-04-17T13:28:02.015Z","MAT_SUBMIT","shailesh gupta","shailesh.seth1008@gmail.com","Shailesh baderiya","Male | Panna | B.com DCA","","SUCCESS"
"2026-04-18T04:56:30.470Z","GOOGLE_LOGIN","GAGAN KUMAR RUSIA","gaganrusia@gmail.com","","Role:Member  Status:Approved","","SUCCESS"
"2026-04-18T05:44:50.676Z","GOOGLE_SIGNUP","mukesh baderia","mbaderia@gmail.com","","New user — profile completion required","","PENDING"
"2026-04-18T06:54:25.486Z","DRIP_EMAIL_FAIL","System","","gahoi.portal@gmail.com","Day:0","","FAILED: Service invoked too many times for one day: email."
"2026-04-18T06:57:43.567Z","DRIP_EMAIL_FAIL","System","","gahoi.portal@gmail.com","Day:0","","FAILED: Service invoked too many times for one day: email."
"2026-04-18T07:46:58.319Z","REGISTER","Abhishek Gupta","abhi.mpct02@gmail.com","abhi.mpct02@gmail.com","City:Greater Noida  Akna:लोहिया  Mobile:8506058143","","SUCCESS (Auto-Approved)"
"2026-04-18T08:02:14.367Z","GOOGLE_LOGIN","Dinesh Kumar Gupta","upsicnd@gmail.com","","Role:Member  Status:Approved","","SUCCESS"
"2026-04-18T08:20:05.365Z","DRIP_EMAIL_FAIL","System","","gahoi.portal@gmail.com","Day:0","","FAILED: Service invoked too many times for one day: email."
"2026-04-18T08:20:05.845Z","GOOGLE_SIGNUP","Gahoi Portal","gahoi.portal@gmail.com","","New user — profile completion required","","PENDING"
"2026-04-18T08:39:02.129Z","GOOGLE_LOGIN","Anuj Viswari","Viswari@gmail.com","","Role:Member  Status:Approved","","SUCCESS"
"2026-04-18T08:39:07.630Z","GOOGLE_LOGIN","Anuj Viswari","Viswari@gmail.com","","Role:Member  Status:Approved","","SUCCESS"
"2026-04-18T08:41:07.002Z","GOOGLE_LOGIN","shailesh gupta","shailesh.seth1008@gmail.com","","Role:Member  Status:Approved","","SUCCESS"
"2026-04-18T08:41:14.678Z","GOOGLE_LOGIN","shailesh gupta","shailesh.seth1008@gmail.com","","Role:Member  Status:Approved","","SUCCESS"
"2026-04-18T08:42:26.595Z","GOOGLE_SIGNUP","Pramod Gupta","gupta.pramod@gmail.com","","New user — profile completion required","","PENDING"
"2026-04-18T08:45:50.897Z","REGISTER","Pramod Gupta","gupta.pramod@gmail.com","gupta.pramod@gmail.com","City:Ghaziabad  Akna:Kankane  Mobile:7506642145","","SUCCESS (Auto-Approved)"
"2026-04-18T08:45:54.793Z","GOOGLE_LOGIN","Pramod Gupta","gupta.pramod@gmail.com","","Role:Member  Status:Approved","","SUCCESS"
"2026-04-18T08:47:15.753Z","REGISTER","Prashant Chauda","prashantchauda@gmail.com","prashantchauda@gmail.com","City:Gautam Budh Nagar  Akna:चौदा  Mobile:9650681730","","SUCCESS (Auto-Approved)"
"2026-04-18T09:19:35.526Z","REGISTER","Manas Gupta","jbmg.manasguptanaps@gmail.com","jbmg.manasguptanaps@gmail.com","City:Jhansi  Akna:कुरेले  Mobile:6392341036","","SUCCESS (Pending)"
"2026-04-18T09:21:57.520Z","REGISTER","Madhur Kumar Billaiya","madhurji.kumar@gmail.com","madhurji.kumar@gmail.com","City:Greater Noida  Akna:बिलैया  Mobile:8527283970","","SUCCESS (Pending)"
"2026-04-18T09:22:35.219Z","GOOGLE_LOGIN","Manas Gupta","jbmg.manasguptanaps@gmail.com","","Role:Member  Status:Pending","","SUCCESS"
"2026-04-18T09:23:44.849Z","GOOGLE_LOGIN","Manas Gupta","jbmg.manasguptanaps@gmail.com","","Role:Member  Status:Pending","","SUCCESS"
"2026-04-18T09:30:34.297Z","DRIP_EMAIL_FAIL","System","","gupta.shyamji@gmail.com","Day:0","","FAILED: Service invoked too many times for one day: email."
"2026-04-18T09:30:34.868Z","GOOGLE_SIGNUP","shyamji gupta","gupta.shyamji@gmail.com","","New user — profile completion required","","PENDING"
"2026-04-18T09:32:27.458Z","REGISTER","Shyamji Gupta","gupta.shyamji@gmail.com","gupta.shyamji@gmail.com","City:Lucknow  Akna:सेठ  Mobile:7525016097","","SUCCESS (Auto-Approved)"
"2026-04-18T09:32:30.997Z","GOOGLE_LOGIN","Shyamji Gupta","gupta.shyamji@gmail.com","","Role:Member  Status:Approved","","SUCCESS"
"2026-04-18T19:25:05.814Z","REGISTER","Gopal","sendtogopal@gmail.com","sendtogopal@gmail.com","City:Greater Noida West  Akna:नीखरा  Mobile:9711327994","","SUCCESS (Auto-Approved)"
"2026-04-18T19:27:14.374Z","GOOGLE_LOGIN","Gopal","sendtogopal@gmail.com","","Role:Member  Status:Approved","","SUCCESS"
"2026-04-18T19:32:47.284Z","GOOGLE_LOGIN","Gopal","sendtogopal@gmail.com","","Role:Member  Status:Approved","","SUCCESS"
"2026-04-18T19:32:55.069Z","GOOGLE_LOGIN","Gopal","sendtogopal@gmail.com","","Role:Member  Status:Approved","","SUCCESS"
"2026-04-19T03:18:10.195Z","GOOGLE_LOGIN","Anuj Viswari","Viswari@gmail.com","","Role:Member  Status:Approved","","SUCCESS"
"2026-04-19T03:18:15.882Z","GOOGLE_LOGIN","Anuj Viswari","Viswari@gmail.com","","Role:Member  Status:Approved","","SUCCESS"
"2026-04-19T03:31:13.454Z","REGISTER","NILAY GUPTA","advmaheshkumargupta@gmail.com","advmaheshkumargupta@gmail.com","City:JHANSI  Akna:विसवारी  Mobile:9451661925","","SUCCESS (Auto-Approved)"
"2026-04-19T03:32:05.439Z","FORGOT_PASSWORD","NILAY GUPTA","ADVMAHESHKUMARGUPTA@GMAIL.COM","ADVMAHESHKUMARGUPTA@GMAIL.COM","","","SUCCESS"
"2026-04-19T03:37:48.090Z","POST_BIZ","NILAY GUPTA","advmaheshkumargupta@gmail.com","","GUPTA ASSOCIATES | JHANSI","","SUCCESS"
"2026-04-19T03:38:22.808Z","REGISTER","Nikhil Viswari","nikhilgupta042@gmail.com","nikhilgupta042@gmail.com","City:Jhansi  Akna:विसवारी  Mobile:7754866715","","SUCCESS (Pending)"
"2026-04-19T03:39:16.861Z","GOOGLE_LOGIN","Nikhil Viswari","nikhilgupta042@gmail.com","","Role:Member  Status:Pending","","SUCCESS"
"2026-04-19T03:42:34.950Z","EDIT_PROFILE","NILAY GUPTA","advmaheshkumargupta@gmail.com","advmaheshkumargupta@gmail.com","No changes detected","","SUCCESS"
"2026-04-19T04:42:06.819Z","GOOGLE_SIGNUP","Vinay Nagriya","vinaynagriya1975@gmail.com","","New user — profile completion required","","PENDING"
"2026-04-19T04:47:21.725Z","GOOGLE_SIGNUP","Vinay Nagriya","vinaynagriya1975@gmail.com","","New user — profile completion required","","PENDING"
"2026-04-19T04:49:14.928Z","GOOGLE_SIGNUP","Vinay Nagriya","vinaynagriya1975@gmail.com","","New user — profile completion required","","PENDING"
"2026-04-19T04:49:50.231Z","GOOGLE_SIGNUP","Vinay Nagriya","vinaynagriya1975@gmail.com","","New user — profile completion required","","PENDING"
"2026-04-19T04:50:35.412Z","GOOGLE_SIGNUP","Vinay Nagriya","vinaynagriya1975@gmail.com","","New user — profile completion required","","PENDING"
"2026-04-19T04:53:10.597Z","REGISTER","Vinay Nagriya","vinaynagriya1975@gmail.com","vinaynagriya1975@gmail.com","City:GWALIOR  Akna:नगरिया  Mobile:9893054654","","SUCCESS (Auto-Approved)"
"2026-04-19T04:53:14.221Z","GOOGLE_LOGIN","Vinay Nagriya","vinaynagriya1975@gmail.com","","Role:Member  Status:Approved","","SUCCESS"
"2026-04-19T05:14:36.732Z","GOOGLE_LOGIN","Sunil Soni","sunilsoni30@gmail.com","","Role:Member  Status:Approved","","SUCCESS"
"2026-04-19T06:49:07.582Z","GOOGLE_SIGNUP","Manish Gupta","manishguptaa213@gmail.com","","New user — profile completion required","","PENDING"
"2026-04-19T06:49:36.904Z","GOOGLE_SIGNUP","Manish Gupta","manishguptaa213@gmail.com","","New user — profile completion required","","PENDING"
"2026-04-19T06:49:43.742Z","GOOGLE_SIGNUP","Manish Gupta","manishguptaa213@gmail.com","","New user — profile completion required","","PENDING"
"2026-04-19T07:11:02.661Z","REGISTER","Manish Gupta","manishguptaa213@gmail.com","manishguptaa213@gmail.com","City:New Mumbai  Akna:सोनी  Mobile:9845801503","","SUCCESS (Pending)"
"2026-04-19T07:13:30.162Z","REGISTER","Saurabh Gupta","saurabh_gupta1980@yahoo.com","saurabh_gupta1980@yahoo.com","City:Secunderabad  Akna:सोनी  Mobile:7774000452","","SUCCESS (Pending)"
"2026-04-19T07:19:32.527Z","GOOGLE_SIGNUP","Birender gupta","birender1965@gmail.com","","New user — profile completion required","","PENDING"
"2026-04-19T07:20:06.293Z","GOOGLE_SIGNUP","Birender gupta","birender1965@gmail.com","","New user — profile completion required","","PENDING"
"2026-04-19T07:24:05.057Z","REGISTER","Apoorva Gupta","birender1965@gmail.com","birender1965@gmail.com","City:Rewari  Akna:Dengre  Mobile:9416478378","","SUCCESS (Auto-Approved)"
"2026-04-19T07:24:08.657Z","GOOGLE_LOGIN","Apoorva Gupta","birender1965@gmail.com","","Role:Member  Status:Approved","","SUCCESS"
"2026-04-19T08:35:53.297Z","GOOGLE_LOGIN","Nikhil Viswari","nikhilgupta042@gmail.com","","Role:Member  Status:Approved","","SUCCESS"
"2026-04-19T08:36:04.233Z","GOOGLE_LOGIN","Nikhil Viswari","nikhilgupta042@gmail.com","","Role:Member  Status:Approved","","SUCCESS"
"2026-04-19T09:29:52.268Z","MAT_SUBMIT","Nikhil Viswari","nikhilgupta042@gmail.com","NILAY VISWARI","Male | JHANSI | M. Com, LLB","","SUCCESS"
"2026-04-19T09:30:10.934Z","REGISTER","NITIN GUPTA","niting659@gmail.com","niting659@gmail.com","City:JHANSI  Akna:नोगरैया  Mobile:9452255004","","SUCCESS (Auto-Approved)"
"2026-04-19T09:31:21.472Z","FORGOT_PASSWORD","NITIN GUPTA","NITING659@GMAIL.COM","NITING659@GMAIL.COM","","","SUCCESS"
"2026-04-19T09:35:07.915Z","EDIT_PROFILE","Nikhil Viswari","nikhilgupta042@gmail.com","nikhilgupta042@gmail.com","Profession: — → Self Employed | Designation: — → Accounts Manager","","SUCCESS"
"2026-04-19T09:37:44.494Z","EDIT_PROFILE","Nikhil Viswari","nikhilgupta042@gmail.com","nikhilgupta042@gmail.com","Photo: updated","","SUCCESS"
"2026-04-19T09:41:46.321Z","SOFT_DELETE_MAT","Nikhil Viswari","nikhilgupta042@gmail.com","","NILAY VISWARI","","SUCCESS"
"2026-04-19T12:25:40.412Z","FORGOT_PASSWORD","Ashish Gupta","ashishgupta06071996@gmail.com","ashishgupta06071996@gmail.com","","","SUCCESS"
"2026-04-19T12:27:03.504Z","FORGOT_PASSWORD","Ashish Gupta","ashishgupta06071996@gmail.com","ashishgupta06071996@gmail.com","","","SUCCESS"
"2026-04-19T15:34:25.219Z","REGISTER","Ajay Kankane","ajaykankane@gmail.com","ajaykankane@gmail.com","City:Greater Noida West  Akna:कनकने  Mobile:8510050910","","SUCCESS (Auto-Approved)"
"2026-04-19T15:36:53.520Z","FORGOT_PASSWORD","Ajay Kankane","ajaykankane@gmail.com","ajaykankane@gmail.com","","","SUCCESS"
"2026-04-19T17:17:11.462Z","REGISTER","Vishal Kurele","kurelevishal456@gmail.com","kurelevishal456@gmail.com","City:Greater Noida  Akna:कुरेले  Mobile:7355397967","","SUCCESS (Auto-Approved)"
"2026-04-19T17:46:05.430Z","DRIP_EMAIL_FAIL","System","","rkr617675@gmail.com","Day:0","","FAILED: Service invoked too many times for one day: email."
"2026-04-19T17:46:05.939Z","GOOGLE_SIGNUP","R GUPTA","rkr617675@gmail.com","","New user — profile completion required","","PENDING"
"2026-04-19T17:46:51.906Z","DRIP_EMAIL_FAIL","System","","sandipgeda@gmail.com","Day:0","","FAILED: Service invoked too many times for one day: email."
"2026-04-19T17:46:52.394Z","GOOGLE_SIGNUP","Sandeep Gupta","sandipgeda@gmail.com","","New user — profile completion required","","PENDING"
"2026-04-19T17:52:13.628Z","REGISTER","Dr. KARUNESH CHANDRA GUPTA","dr.karuneshgahoi@gmail.com","dr.karuneshgahoi@gmail.com","City:WEST GORAKH PARK, SHAHDARA, DELHI  Akna:चुपरा  Mobile:9891317151","","SUCCESS (Pending)"
"2026-04-19T17:56:23.957Z","REGISTER","ANURAG RUSIA","rkr617675@gmail.com","rkr617675@gmail.com","City:BHOPAL  Akna:रूसिया  Mobile:9131960172","","SUCCESS (Auto-Approved)"
"2026-04-19T17:56:28.002Z","GOOGLE_LOGIN","ANURAG RUSIA","rkr617675@gmail.com","","Role:Member  Status:Approved","","SUCCESS"
"2026-04-19T18:01:53.614Z","GOOGLE_LOGIN","ANURAG RUSIA","rkr617675@gmail.com","","Role:Member  Status:Approved","","SUCCESS"
"2026-04-19T18:02:47.089Z","REGISTER","Sandeep Gupta","sandipgeda@gmail.com","sandipgeda@gmail.com","City:Jhansi  Akna:Geda  Mobile:8887637824","","SUCCESS (Auto-Approved)"
"2026-04-19T18:02:52.003Z","GOOGLE_LOGIN","Atul Kumar Gupta","atulkbiotech@gmail.com","","Role:Member  Status:Approved","","SUCCESS"
"2026-04-19T18:02:53.983Z","GOOGLE_LOGIN","Sandeep Gupta","sandipgeda@gmail.com","","Role:Member  Status:Approved","","SUCCESS"
"2026-04-19T18:06:32.065Z","EDIT_PROFILE","Sandeep Gupta","sandipgeda@gmail.com","sandipgeda@gmail.com","Profession: Bisnes → Business | Designation: Manejar → Proprietor","","SUCCESS"
"2026-04-19T18:09:21.734Z","EDIT_PROFILE","Sandeep Gupta","sandipgeda@gmail.com","sandipgeda@gmail.com","Name: Sandeep Gupta → Sandeep Gahoi | Native: Bharat gas → Out side Bada gaon Gate | Address: Narayan Bagh → Narayan Bagh Road","","SUCCESS"
"2026-04-19T18:10:02.718Z","EDIT_PROFILE","Sandeep Gahoi","sandipgeda@gmail.com","sandipgeda@gmail.com","No changes detected","","SUCCESS"
"2026-04-19T18:26:50.289Z","DRIP_EMAIL_FAIL","System","","basant7989@gmail.com","Day:0","","FAILED: Service invoked too many times for one day: email."
"2026-04-19T18:26:51.267Z","GOOGLE_SIGNUP","Dr Basant Kumar Gupta","basant7989@gmail.com","","New user — profile completion required","","PENDING"
"2026-04-19T18:28:20.048Z","EDIT_PROFILE","Sandeep Gahoi","sandipgeda@gmail.com","sandipgeda@gmail.com","Native: Out side Bada gaon Gate → Bhasneh Gursrai | Spouse: Geeta → Geeta Reja","","SUCCESS"
"2026-04-19T18:29:09.445Z","REGISTER","Dr Basant Kumar Gupta","basant7989@gmail.com","basant7989@gmail.com","City:JABALPUR  Akna:चपरा  Mobile:9425153255","","SUCCESS (Auto-Approved)"
"2026-04-19T18:29:17.111Z","GOOGLE_LOGIN","Dr Basant Kumar Gupta","basant7989@gmail.com","","Role:Member  Status:Approved","","SUCCESS"
"2026-04-19T18:32:18.719Z","EDIT_PROFILE","Sandeep Gahoi","sandipgeda@gmail.com","sandipgeda@gmail.com","Address: Narayan Bagh Road → Narayan Bagh Road Jhansi Uttar Pradesh","","SUCCESS"
"2026-04-19T18:51:05.410Z","MAT_SUBMIT","ANURAG RUSIA","rkr617675@gmail.com","ANURAG RUSIA","Male | BHOPAL | LL.M.","","SUCCESS"
"2026-04-19T20:40:21.475Z","REGISTER","Ar. Aman Gupta","livelyaman19@gmail.com","livelyaman19@gmail.com","City:Bhopal  Akna:बरदिया  Mobile:7828301969","","SUCCESS (Auto-Approved)"
"2026-04-19T20:41:37.700Z","FORGOT_PASSWORD","Ar. Aman Gupta","livelyaman19@gmail.com","livelyaman19@gmail.com","","","SUCCESS"
"2026-04-19T20:45:47.499Z","FORGOT_PASSWORD","Ar. Aman Gupta","livelyaman19@gmail.com","livelyaman19@gmail.com","","","SUCCESS"
"2026-04-19T23:49:54.669Z","FORGOT_PASSWORD","Varun Gupta","VARUN252405@GMAIL.COM","VARUN252405@GMAIL.COM","","","SUCCESS"
"2026-04-20T03:09:19.830Z","FORGOT_PASSWORD","Anubhav Modi","anubhavmodi25@gmail.com","anubhavmodi25@gmail.com","","","SUCCESS"
"2026-04-20T03:11:55.123Z","FORGOT_PASSWORD","Anubhav Modi","anubhavmodi25@gmail.com","anubhavmodi25@gmail.com","","","SUCCESS"
"2026-04-20T03:20:42.893Z","FORGOT_PASSWORD","Varun Gupta","VARUN252405@GMAIL.COM","VARUN252405@GMAIL.COM","","","SUCCESS"
"2026-04-20T04:30:50.513Z","REGISTER","Alok Misuriya","imdalokg@gmail.com","imdalokg@gmail.com","City:Ghaziabad  Akna:मिसुरहा  Mobile:9936240260","","SUCCESS (Auto-Approved)"
"2026-04-20T04:32:07.621Z","FORGOT_PASSWORD","Alok Misuriya","imdalokg@gmail.com","imdalokg@gmail.com","","","SUCCESS"
"2026-04-20T04:56:41.451Z","EDIT_PROFILE","Ar. Aman Gupta","livelyaman19@gmail.com","livelyaman19@gmail.com","Photo: updated","","SUCCESS"
"2026-04-20T05:08:12.978Z","REGISTER","Nikhil Gupta","nikhil.knp17@gmail.com","nikhil.knp17@gmail.com","City:Ghaziabad  Akna:महतेले  Mobile:8284811662","","SUCCESS (Auto-Approved)"
"2026-04-20T08:32:30.385Z","REGISTER","Brij Mohan Gupta ( Gandhi)","bmgupta63@gmail.com","bmgupta63@gmail.com","City:Delhi  Akna:गंधी  Mobile:9868833564","","SUCCESS (Pending)"
"2026-04-20T09:59:06.161Z","REGISTER","Dr. Arvind Kumar Gupta (Biswari)","akg@pharmasynth.in","akg@pharmasynth.in","City:East Delhi  Akna:विसवारी  Mobile:9810115297","","SUCCESS (Auto-Approved)"
"2026-04-20T10:08:27.192Z","GOOGLE_LOGIN","Dr. Arvind Kumar Gupta (Biswari)","akg@pharmasynth.in","","Role:Member  Status:Approved","","SUCCESS"
"2026-04-20T10:39:51.755Z","REGISTER","Manohar Lal Barsainya","mlbarsaiyan6@gmail.com","mlbarsaiyan6@gmail.com","City:Bilaspur CG  Akna:बरसैंया  Mobile:9425530431","","SUCCESS (Pending)"
"2026-04-20T16:55:04.606Z","REGISTER","gd gupta","gdgupta.ofi@gmail.com","gdgupta.ofi@gmail.com","City:New Delhi  Akna:Kharya  Mobile:9868231186","","SUCCESS (Auto-Approved)"
"2026-04-21T05:50:19.574Z","GOOGLE_LOGIN","Prashant Chauda","prashantchauda@gmail.com","","Role:Member  Status:Approved","","SUCCESS"
"2026-04-21T10:22:58.742Z","REGISTER","Paresh Choudhary","paresh.choudhary@gmail.com","paresh.choudhary@gmail.com","City:GAUTAM BUDDHA NAGAR  Akna:कसाव  Mobile:9923108862","","SUCCESS (Auto-Approved)"
"2026-04-21T19:01:31.465Z","REGISTER","Mukesh Gupta","mukeshgguptaa@gmail.com","mukeshgguptaa@gmail.com","City:Greater Noida West  Akna:बिलैया  Mobile:8587911777","","SUCCESS (Auto-Approved)"
"2026-04-22T06:39:17.621Z","REGISTER","Pankaj Pipersaniya","pankajtu@gmail.com","pankajtu@gmail.com","City:Ghaziabad  Akna:पिपरसानिया  Mobile:9899758879","","SUCCESS (Auto-Approved)"
"2026-04-22T06:40:31.871Z","GOOGLE_SIGNUP","Pankaj Pipersaniya","pankaj.pipersaniya@gmail.com","","New user — profile completion required","","PENDING"
"2026-04-22T06:41:04.712Z","GOOGLE_SIGNUP","Pankaj Pipersaniya","pankaj.pipersaniya@gmail.com","","New user — profile completion required","","PENDING"
"2026-04-22T06:41:24.412Z","GOOGLE_SIGNUP","Pankaj Pipersaniya","pankaj.pipersaniya@gmail.com","","New user — profile completion required","","PENDING"
"2026-04-22T12:48:04.822Z","REGISTER","Gyanendra Kumar Rawat","gyan_man@rediffmail.com","gyan_man@rediffmail.com","City:Gwalior  Akna:रावत  Mobile:9425121440","","SUCCESS (Auto-Approved)"
"2026-04-22T12:50:33.711Z","GOOGLE_LOGIN","Gyanendra Kumar Rawat","gyan_man@rediffmail.com","","Role:Member  Status:Approved","","SUCCESS"
"2026-04-22T20:19:06.353Z","GOOGLE_SIGNUP","Saurabh Bahre","saurabh.sap07@gmail.com","","New user — profile completion required","","PENDING"
"2026-04-26T06:59:07.505Z","MAT_SUBMIT","Apoorva Gupta","birender1965@gmail.com","अपूर्वा गुप्ता","Female | Rewari | Bsc Maths Honours Msc math Bed","","SUCCESS"
"2026-04-26T10:42:31.619Z","FORGOT_PASSWORD","Surendra Kumar Kharya","surendrakharya@hotmail.com","surendrakharya@hotmail.com","","","SUCCESS"
"2026-04-26T11:44:15.038Z","GOOGLE_SIGNUP","Saurabh Bahre","saurabh.sap07@gmail.com","","New user — profile completion required","","PENDING"
"2026-04-26T11:44:20.952Z","GOOGLE_SIGNUP","Saurabh Bahre","saurabh.sap07@gmail.com","","New user — profile completion required","","PENDING"
"2026-04-28T18:14:27.198Z","REGISTER","Sandeep gupta","sg07989@gmail.com","sg07989@gmail.com","City:Indore  Akna:मोर  Mobile:9770210208","","SUCCESS (Auto-Approved)"
"2026-04-28T18:15:08.015Z","GOOGLE_LOGIN","Sandeep gupta","sg07989@gmail.com","","Role:Member  Status:Approved","","SUCCESS"
"2026-04-28T18:23:50.813Z","EDIT_PROFILE","Sandeep gupta","sg07989@gmail.com","sg07989@gmail.com","No changes detected","","SUCCESS"
"2026-04-28T18:24:42.091Z","EDIT_PROFILE","Sandeep gupta","sg07989@gmail.com","sg07989@gmail.com","No changes detected","","SUCCESS"
"2026-04-29T12:24:34.978Z","REGISTER","Ajay Kumar Gupta","akg1974@gmail.com","akg1974@gmail.com","City:GHAZIABAD  Akna:सोनी  Mobile:9971101172","","SUCCESS (Pending)"
"2026-04-30T03:40:17.675Z","REGISTER","Rashmi Gupta","rashmigupta.gahoi@gmail.com","rashmigupta.gahoi@gmail.com","City:Lucknow  Akna:Hunka  Mobile:9919506703","","SUCCESS (Auto-Approved)"
"2026-04-30T14:19:40.233Z","FORGOT_PASSWORD","Harshit Viswari","harshitviswari@gmail.com","harshitviswari@gmail.com","","","SUCCESS"
"2026-05-02T16:23:28.931Z","REGISTER","Chirag Reja","chiragguptame4@gmail.com","chiragguptame4@gmail.com","City:Greater Noida  Akna:रेजा  Mobile:7523906257","","SUCCESS (Auto-Approved)"
"2026-05-02T16:23:57.721Z","GOOGLE_LOGIN","Chirag Reja","chiragguptame4@gmail.com","","Role:Member  Status:Approved","","SUCCESS"
"2026-05-02T16:29:38.575Z","MAT_SUBMIT","Chirag Reja","chiragguptame4@gmail.com","Chirag Reja","Male | Greater Noida | MBA FROM IMS GHAZIABAD B-SCHOOL","","SUCCESS"
"2026-05-03T04:10:43.173Z","FORGOT_PASSWORD","Sumit gupta","sumitgupta3177@gmail.com","sumitgupta3177@gmail.com","","","SUCCESS"
"2026-05-03T10:00:55.898Z","EDIT_PROFILE","Brij Mohan Gupta ( Gandhi)","bmgupta63@gmail.com","bmgupta63@gmail.com","Photo: updated","","SUCCESS"
"2026-05-03T18:30:47.754Z","REGISTER","Sumit Gupta","ceo@assetplusconsulting.com","ceo@assetplusconsulting.com","City:Noida  Akna:Neekhara  Mobile:9560329740","","SUCCESS (Auto-Approved)"
"2026-05-03T19:47:30.169Z","FORGOT_PASSWORD","Sumit Gupta","ceo@assetplusconsulting.com","ceo@assetplusconsulting.com","","","SUCCESS"
"2026-05-04T08:34:51.344Z","GOOGLE_LOGIN","Arvind Kumar Baronia","arvindkumarbaronia@gmail.com","","Role:Member  Status:Approved","","SUCCESS"
"2026-05-04T17:42:38.024Z","REGISTER","Sachin Pahariya","sachin.pahariya.chirgaon@gmail.com","sachin.pahariya.chirgaon@gmail.com","City:Jhansi up  Akna:पहारिया  Mobile:8858468256","","SUCCESS (Auto-Approved)"
"2026-05-04T17:43:19.668Z","GOOGLE_LOGIN","Sachin Pahariya","sachin.pahariya.chirgaon@gmail.com","","Role:Member  Status:Approved","","SUCCESS"
"2026-05-04T18:22:16.383Z","REGISTER","Rajendra Kumar Gupta","rg1961rly@gmail.com","rg1961rly@gmail.com","City:Bhopal  Akna:नौगरैया  Mobile:9752412114","","SUCCESS (Pending)"
"2026-05-05T02:22:50.722Z","GOOGLE_SIGNUP","Vaibhav Gupta","vai11gup112@gmail.com","","New user — profile completion required","","PENDING"
"2026-05-05T02:24:19.292Z","REGISTER","Vaibhav Gupta","vai11gup112@gmail.com","vai11gup112@gmail.com","City:Orai  Akna:इन्दुरख्या  Mobile:9170084381","","SUCCESS (Auto-Approved)"
"2026-05-05T02:24:23.341Z","GOOGLE_LOGIN","Vaibhav Gupta","vai11gup112@gmail.com","","Role:Member  Status:Approved","","SUCCESS"
"2026-05-05T04:09:11.895Z","REGISTER","Sachin Gupta","saching2601@gmail.com","saching2601@gmail.com","City:Greater Noida  Akna:खंताल  Mobile:8173853306","","SUCCESS (Auto-Approved)"
"2026-05-05T07:32:27.700Z","REGISTER","ankit Gupta","ankitg527@gmail.com","ankitg527@gmail.com","City:Gwalior  Akna:कस्तवार  Mobile:8602518975","","SUCCESS (Pending)"
"2026-05-07T07:03:58.176Z","REGISTER","sanjay kumar gupta","skg5464@gmail.com","skg5464@gmail.com","City:LUCKNOW  Akna:झुड़ेले  Mobile:9415335793","","SUCCESS (Pending)"
"2026-05-07T14:13:37.632Z","MAT_SUBMIT","sanjay kumar gupta","skg5464@gmail.com","PRIYANSHI GUPTA","Female | LUCKNOW | MBBS","","SUCCESS"
"2026-05-07T14:31:11.552Z","GOOGLE_LOGIN","Nilu gupta","neelugupta30@gmail.com","","Role:Member  Status:Approved","","SUCCESS"
"2026-05-07T14:33:47.353Z","EDIT_PROFILE","Nilu gupta","neelugupta30@gmail.com","neelugupta30@gmail.com","Birthday: — → 01-30","","SUCCESS"
"2026-05-07T14:34:42.773Z","EDIT_PROFILE","Nilu gupta","neelugupta30@gmail.com","neelugupta30@gmail.com","Photo: updated","","SUCCESS"
"2026-05-07T16:22:18.596Z","EDIT_PROFILE","Nilu gupta","neelugupta30@gmail.com","neelugupta30@gmail.com","Anniversary: — → 06-25","","SUCCESS"
"2026-05-09T03:26:55.182Z","LEDGER_ENTRY","dendthdel@gmail.com","","","INCOME ₹23917 — Balance carry frward (Old)","","SUCCESS"
"2026-05-09T03:27:26.155Z","LEDGER_ENTRY","dendthdel@gmail.com","","","INCOME ₹19000 — 1000 Rs. Member (Except Gagan Chhiroliya)","","SUCCESS"
"2026-05-09T03:28:11.823Z","LEDGER_ENTRY","dendthdel@gmail.com","","","EXPENSE ₹350 — Flower Boquet (Kshitij Innaugration)","","SUCCESS"
"2026-05-09T07:37:44.175Z","REGISTER","sdsdf","ti@g.com","ti@g.com","City:orai  Akna:रूसिया  Mobile:9090909090","","SUCCESS (Pending)"
"2026-05-09T07:38:01.167Z","FORGOT_PASSWORD","sdsdf","ti@g.com","ti@g.com","","","SUCCESS"
"2026-05-09T08:44:46.341Z","GOOGLE_LOGIN","SANDEEP KUMAR Gupta","sandy2010@gmail.com","","Role:Member  Status:Approved","","SUCCESS"
"2026-05-09T09:06:12.760Z","GOOGLE_SIGNUP","Ankit Gupta","sethankit2311@gmail.com","","New user — profile completion required","","PENDING"
"2026-05-09T09:08:26.635Z","REGISTER","Ankit Gupta","sethankit2311@gmail.com","sethankit2311@gmail.com","City:Jhansi  Akna:सेठ  Mobile:7835939969","","SUCCESS (Auto-Approved)"
"2026-05-09T09:08:30.132Z","GOOGLE_LOGIN","Ankit Gupta","sethankit2311@gmail.com","","Role:Member  Status:Approved","","SUCCESS"
"2026-05-09T09:11:32.698Z","GOOGLE_LOGIN","SANDEEP KUMAR Gupta","sandy2010@gmail.com","","Role:Member  Status:Approved","","SUCCESS"
"2026-05-09T09:13:34.409Z","GOOGLE_LOGIN","GAGAN KUMAR RUSIA","gaganrusia@gmail.com","","Role:Member  Status:Approved","","SUCCESS"
"2026-05-09T09:13:38.530Z","GOOGLE_LOGIN","GAGAN KUMAR RUSIA","gaganrusia@gmail.com","","Role:Member  Status:Approved","","SUCCESS"
"2026-05-09T09:17:04.503Z","MAT_SUBMIT","Ankit Gupta","sethankit2311@gmail.com","Ankit Gupta","Male | Jhansi | B.tech","","SUCCESS"
"2026-05-09T09:30:11.464Z","MAT_SUBMIT","SANDEEP KUMAR Gupta","sandy2010@gmail.com","Akash Deep Suhane","Male | Greater Noida | B. Tech. (EC)","","SUCCESS"
"2026-05-09T10:07:58.916Z","GOOGLE_LOGIN","Shrinivash Gupta","shrinivashgupta@gmail.com","","Role:Member  Status:Approved","","SUCCESS"
"2026-05-09T10:19:12.849Z","MAT_SUBMIT","Shrinivash Gupta","shrinivashgupta@gmail.com","Shrinivas Gupta","Male | Ghaziabad own house | M.Tech","","SUCCESS"
"2026-05-09T10:50:15.443Z","FORGOT_PASSWORD","Anubhav Modi","anubhavmodi25@gmail.com","anubhavmodi25@gmail.com","","","SUCCESS"
"2026-05-09T11:50:06.050Z","FORGOT_PASSWORD","Sachin kuchiya","sachinkuchiya@gmail.com","sachinkuchiya@gmail.com","","","SUCCESS"
"2026-05-09T11:58:41.876Z","GOOGLE_LOGIN","Vinod Kumar Gupta","vinodkgupta51@gmail.com","","Role:Member  Status:Approved","","SUCCESS"
"2026-05-09T12:28:49.279Z","GOOGLE_SIGNUP","Ashish Gupta","ashishgupta44@gmail.com","","New user — profile completion required","","PENDING"
"2026-05-09T12:31:06.998Z","REGISTER","Ashish Gupta","ashishgupta44@gmail.com","ashishgupta44@gmail.com","City:Greater Noida West  Akna:पहारिया  Mobile:9717924440","","SUCCESS (Auto-Approved)"
"2026-05-09T12:31:11.525Z","GOOGLE_LOGIN","Ashish Gupta","ashishgupta44@gmail.com","","Role:Member  Status:Approved","","SUCCESS"
"2026-05-09T16:54:45.305Z","GOOGLE_LOGIN","Ankit Gupta","sethankit2311@gmail.com","","Role:Member  Status:Approved","","SUCCESS"
"2026-05-09T16:59:10.354Z","EDIT_PROFILE","Ankit Gupta","sethankit2311@gmail.com","sethankit2311@gmail.com","No changes detected","","SUCCESS"
"2026-05-10T05:01:58.632Z","EDIT_PROFILE","Ashish Gupta","ashishgupta44@gmail.com","ashishgupta44@gmail.com","Native: Karwi Chitrakoot → Karwi Chitrakoot, Prayagraj","","SUCCESS"
"2026-05-10T05:02:31.694Z","EDIT_PROFILE","Ashish Gupta","ashishgupta44@gmail.com","ashishgupta44@gmail.com","Birthday: — → 09-28 | Anniversary: 05-12 → 12-05","","SUCCESS"
"2026-05-10T05:13:27.571Z","REGISTER","Dr.Dheeraj kumar Gupta","dkgupta0051@gmail.com","dkgupta0051@gmail.com","City:Gautam Buddha Nagar  Akna:तरसोलिया  Mobile:8076830193","","SUCCESS (Pending)"
"2026-05-10T05:32:49.902Z","REGISTER","Mahesh Chandra Gupta Seth","mg457554@gmail.com","mg457554@gmail.com","City:Gautam Buddha Nagar  Akna:सेठ  Mobile:9483818713","","SUCCESS (Auto-Approved)"
"2026-05-10T05:34:48.536Z","GOOGLE_SIGNUP","rohit chhawla","rohitchhawla@gmail.com","","New user — profile completion required","","PENDING"
"2026-05-10T05:59:18.168Z","LEDGER_ENTRY","dendthdel@gmail.com","","","EXPENSE ₹4195 — Meeting expenses (Chai samosa party)","","SUCCESS"
"2026-05-10T08:43:02.485Z","LEDGER_ENTRY","dendthdel@gmail.com","","","INCOME ₹1000 — Contribution (Gagan)","","SUCCESS"
"2026-05-10T10:14:37.448Z","GOOGLE_SIGNUP","Nitin Gupta","nitin.gupta986@gmail.com","","New user — profile completion required","","PENDING"
"2026-05-10T10:17:49.236Z","GOOGLE_SIGNUP","Nitin Gupta","nitin.gupta986@gmail.com","","New user — profile completion required","","PENDING"
"2026-05-10T10:25:13.663Z","GOOGLE_SIGNUP","SUMIT GUPTA","skadvocate.hc11@gmail.com","","New user — profile completion required","","PENDING"
"2026-05-10T10:28:47.398Z","REGISTER","SUMIT KUMAR GUPTA","skadvocate.hc11@gmail.com","skadvocate.hc11@gmail.com","City:North West Delhi  Akna:घुरा  Mobile:9936303636","","SUCCESS (Auto-Approved)"
"2026-05-10T10:28:57.806Z","GOOGLE_LOGIN","SUMIT KUMAR GUPTA","skadvocate.hc11@gmail.com","","Role:Member  Status:Approved","","SUCCESS"
"2026-05-10T10:33:49.886Z","EDIT_PROFILE","SUMIT KUMAR GUPTA","skadvocate.hc11@gmail.com","skadvocate.hc11@gmail.com","Birthday: — → 08-15 | Anniversary: 05-12 → 12-05","","SUCCESS"
"2026-05-10T10:52:16.344Z","GOOGLE_SIGNUP","Nitin Gupta","nitin.gupta986@gmail.com","","New user — profile completion required","","PENDING"
"2026-05-10T10:52:34.709Z","GOOGLE_SIGNUP","Nitin Gupta","nitin.gupta986@gmail.com","","New user — profile completion required","","PENDING"
"2026-05-11T03:07:22.513Z","EDIT_PROFILE","Ajay Kankane","ajaykankane@gmail.com","ajaykankane@gmail.com","Profession: Job → Business","","SUCCESS"
"2026-05-11T03:07:58.932Z","EDIT_PROFILE","Ajay Kankane","ajaykankane@gmail.com","ajaykankane@gmail.com","No changes detected","","SUCCESS"
"2026-05-11T03:14:39.508Z","POST_BIZ","Ajay Kankane","ajaykankane@gmail.com","","PG Finser | Greater Noida West","","SUCCESS"
"2026-05-11T07:50:44.960Z","EDIT_PROFILE","Abhishek Gupta","abhishekgupta29@hotmail.com","abhishekgupta29@hotmail.com","Pincode: 201306 → 201318","","SUCCESS"
"2026-05-11T09:23:26.422Z","EDIT_PROFILE","Anuj Viswari","Viswari@gmail.com","Viswari@gmail.com","Birthday: — → 02-11 | Anniversary: — → 01-17 | Photo: updated","","SUCCESS"
"2026-05-11T10:43:43.482Z","REGISTER","Gahoi ashish R. P suhane","gahoiashishsuhane143123@gmail.com","gahoiashishsuhane143123@gmail.com","City:Jhansi  Akna:सुहाने  Mobile:7974863350","","SUCCESS (Pending)"
"2026-05-11T11:10:56.578Z","APPROVE","Dheeraj Gupta(चऊदा)","mdheerajgupta@gmail.com","Gahoi ashish R. P suhane <gahoiashishsuhane143123@gmail.com>","Role:Member","","SUCCESS"
"2026-05-11T11:11:06.648Z","APPROVE","Dheeraj Gupta(चऊदा)","mdheerajgupta@gmail.com","Gahoi ashish R. P suhane <gahoiashishsuhane143123@gmail.com>","Role:Member","","SUCCESS"
"2026-05-11T11:11:11.420Z","APPROVE","Dheeraj Gupta(चऊदा)","mdheerajgupta@gmail.com","Gahoi ashish R. P suhane <gahoiashishsuhane143123@gmail.com>","Role:Member","","SUCCESS"
"2026-05-11T11:32:32.032Z","EDIT_PROFILE","Pramod Kumar Gupta","pkguptamca@gmail.com","pkguptamca@gmail.com","Designation: Associate Director → Professional | Birthday: — → 09-12 | Anniversary: — → 03-09","","SUCCESS"
"2026-05-11T11:38:36.047Z","EDIT_PROFILE","Pramod Kumar Gupta","pkguptamca@gmail.com","pkguptamca@gmail.com","Photo: updated","","SUCCESS"
"2026-05-11T11:40:29.794Z","EDIT_PROFILE","Pramod Kumar Gupta","pkguptamca@gmail.com","pkguptamca@gmail.com","Designation: Professional → Associate Director","","SUCCESS"
"2026-05-11T11:42:15.164Z","EDIT_PROFILE","Pramod Kumar Gupta","pkguptamca@gmail.com","pkguptamca@gmail.com","Designation: Associate Director → Professional","","SUCCESS"
"2026-05-11T11:42:30.282Z","EDIT_PROFILE","Pramod Kumar Gupta","pkguptamca@gmail.com","pkguptamca@gmail.com","ShowMobile: yes → no","","SUCCESS"
"2026-05-11T11:53:27.919Z","EDIT_PROFILE","Abhishek Gupta","abhishekgupta29@hotmail.com","abhishekgupta29@hotmail.com","Profession: Engineer → SCM Lead","","SUCCESS"
"2026-05-11T12:22:53.106Z","REGISTER","Nikunj gupta","niks14cool@gmail.com","niks14cool@gmail.com","City:Datia  Akna:चऊदा  Mobile:7610112457","","SUCCESS (Auto-Approved)"
"2026-05-11T13:31:14.835Z","GOOGLE_SIGNUP","sparsh gupta","sparshg53@gmail.com","","New user — profile completion required","","PENDING"
"2026-05-11T13:32:08.336Z","GOOGLE_LOGIN","Anuj Viswari","Viswari@gmail.com","","Role:Member  Status:Approved","","SUCCESS"
"2026-05-11T13:32:20.753Z","GOOGLE_LOGIN","Anuj Viswari","Viswari@gmail.com","","Role:Member  Status:Approved","","SUCCESS"
"2026-05-11T13:32:38.461Z","GOOGLE_SIGNUP","Anmol Gupta","anmol.gupta1986@gmail.com","","New user — profile completion required","","PENDING"
"2026-05-11T13:32:41.565Z","GOOGLE_SIGNUP","Anmol Gupta","anmol.gupta1986@gmail.com","","New user — profile completion required","","PENDING"
"2026-05-11T13:33:28.136Z","REGISTER","sparsh gupta","sparshg53@gmail.com","sparshg53@gmail.com","City:Jalaun  Akna:सेठ  Mobile:7536872785","","SUCCESS (Auto-Approved)"
"2026-05-11T13:33:33.831Z","GOOGLE_LOGIN","sparsh gupta","sparshg53@gmail.com","","Role:Member  Status:Approved","","SUCCESS"
"2026-05-11T13:35:07.274Z","REGISTER","Anmol Gupta","anmol.gupta1986@gmail.com","anmol.gupta1986@gmail.com","City:Gautam Buddha Nagar  Akna:Naugraiya  Mobile:9582804597","","SUCCESS (Auto-Approved)"
"2026-05-11T13:35:14.677Z","GOOGLE_LOGIN","Anmol Gupta","anmol.gupta1986@gmail.com","","Role:Member  Status:Approved","","SUCCESS"
"2026-05-11T13:36:41.449Z","GOOGLE_LOGIN","CA Gaurav Dengre","cagauravdengre@gmail.com","","Role:Member  Status:Approved","","SUCCESS"
"2026-05-11T13:39:03.338Z","REGISTER","Deepesh Reja","deepeshreja@gmail.com","deepeshreja@gmail.com","City:Mumbai  Akna:रेजा  Mobile:9177306721","","SUCCESS (Auto-Approved)"
"2026-05-11T13:40:14.593Z","FORGOT_PASSWORD","Deepesh Reja","deepeshreja@gmail.com","deepeshreja@gmail.com","","","SUCCESS"
"2026-05-11T13:57:28.413Z","EDIT_PROFILE","Abhishek Gupta","abhishekgupta29@hotmail.com","abhishekgupta29@hotmail.com","Name: Abhishek Gupta → Abhishek Kumar Gupta | Blood: — → A+ | Photo: updated","","SUCCESS"
"2026-05-11T14:07:29.568Z","FORGOT_PASSWORD","Mukesh Gupta ( Karekhemau)","manu.kr.gupta@gmail.com","manu.kr.gupta@gmail.com","","","SUCCESS"
"2026-05-11T15:02:11.830Z","FORGOT_PASSWORD","Madhur Gupta","9.madhur@gmail.com","9.madhur@gmail.com","","","SUCCESS"
"2026-05-11T15:05:12.626Z","FORGOT_PASSWORD","Madhur Gupta","9.madhur@gmail.com","9.madhur@gmail.com","","","SUCCESS"
"2026-05-11T15:45:36.343Z","GOOGLE_LOGIN","Nilu gupta","neelugupta30@gmail.com","","Role:Member  Status:Approved","","SUCCESS"
"2026-05-11T15:50:57.733Z","GOOGLE_LOGIN","Alok Misuriya","imdalokg@gmail.com","","Role:Member  Status:Approved","","SUCCESS"
"2026-05-12T03:52:23.361Z","GOOGLE_LOGIN","NILAY GUPTA","advmaheshkumargupta@gmail.com","","Role:Member  Status:Approved","","SUCCESS"
"2026-05-12T03:52:30.492Z","GOOGLE_LOGIN","NILAY GUPTA","advmaheshkumargupta@gmail.com","","Role:Member  Status:Approved","","SUCCESS"
"2026-05-12T03:53:10.076Z","EDIT_PROFILE","NILAY GUPTA","advmaheshkumargupta@gmail.com","advmaheshkumargupta@gmail.com","Blood: — → O+ | ShowMobile: yes → no | Birthday: 05-12 → 12-05","","SUCCESS"
"2026-05-12T04:32:48.144Z","GOOGLE_SIGNUP","Ashok Gupta","asokgupta8269@gmail.com","","New user — profile completion required","","PENDING"
"2026-05-12T06:24:13.828Z","POST_SPACE","Sanjiv Kumar Gupta","mmmgreno@gmail.com","","Real Estate","","SUCCESS"
"2026-05-12T06:25:54.619Z","POST_SPACE","Sanjiv Kumar Gupta","mmmgreno@gmail.com","","Real Estate","","SUCCESS"
"2026-05-12T06:27:27.513Z","POST_SPACE","Sanjiv Kumar Gupta","mmmgreno@gmail.com","","Real Estate","","SUCCESS"
"2026-05-12T08:27:18.041Z","REGISTER","Aashish Tikarya","tikaryamba@gmail.com","tikaryamba@gmail.com","City:North 24 Parganas  Akna:टिकरया  Mobile:9039010885","","SUCCESS (Pending)"
"2026-05-12T08:33:47.164Z","EDIT_PROFILE","Sanjiv Kumar Gupta","mmmgreno@gmail.com","mmmgreno@gmail.com","Name: Sanjiv Kumar Gupta → Sanjiv Kumar Gupta (Sohane) | Spouse: Mrs. Varsha Gupta → Mrs. Varsha Gupta (Sohane) | Blood: — → B+ | Photo: updated","","SUCCESS"
"2026-05-12T08:35:02.948Z","EDIT_PROFILE","Sanjiv Kumar Gupta (Sohane)","mmmgreno@gmail.com","mmmgreno@gmail.com","Name: Sanjiv Kumar Gupta (Sohane) → Sanjiv K Gupta (Sohane)","","SUCCESS"
"2026-05-12T08:35:59.183Z","EDIT_PROFILE","Sanjiv K Gupta (Sohane)","mmmgreno@gmail.com","mmmgreno@gmail.com","Name: Sanjiv K Gupta (Sohane) → Sanjiv Kumar Sohane","","SUCCESS"
"2026-05-12T09:43:45.228Z","EDIT_PROFILE","Gagan Gupta","ggupta267@gmail.com","ggupta267@gmail.com","Blood: — → B+ | Birthday: — → 11-30 | Anniversary: — → 06-20 | Photo: updated","","SUCCESS"
"2026-05-12T10:51:03.801Z","GOOGLE_SIGNUP","shivam gupta","shivam.gupta.hbti.che@gmail.com","","New user — profile completion required","","PENDING"
"2026-05-12T10:51:37.271Z","GOOGLE_SIGNUP","Ganesh Yarn","ganeshyarn1604@gmail.com","","New user — profile completion required","","PENDING"
"2026-05-12T10:54:06.140Z","GOOGLE_SIGNUP","kavitosh Gupta","santoshsvp16@gmail.com","","New user — profile completion required","","PENDING"
"2026-05-12T11:01:58.107Z","GOOGLE_SIGNUP","adarsh Rusia","rusiaadarsh08@gmail.com","","New user — profile completion required","","PENDING"
"2026-05-12T11:03:26.098Z","REGISTER","adarsh Rusia","rusiaadarsh08@gmail.com","rusiaadarsh08@gmail.com","City:Vadodara  Akna:रूसिया  Mobile:8320079080","","SUCCESS (Auto-Approved)"
"2026-05-12T11:03:34.649Z","GOOGLE_LOGIN","adarsh Rusia","rusiaadarsh08@gmail.com","","Role:Member  Status:Approved","","SUCCESS"
"2026-05-12T11:15:36.325Z","GOOGLE_SIGNUP","R. Gupta","baapsabka418@gmail.com","","New user — profile completion required","","PENDING"
"2026-05-12T11:17:14.662Z","GOOGLE_SIGNUP","R. Gupta","baapsabka418@gmail.com","","New user — profile completion required","","PENDING"
"2026-05-12T11:32:03.640Z","REGISTER","Kamlesh gupta","krgupta50@yahoo.com","krgupta50@yahoo.com","City:Vadodara  Akna:छिरोल्या  Mobile:9909921839","","SUCCESS (Pending)"
"2026-05-12T11:44:27.973Z","REGISTER","Yogesh Reja","reja.yogesh@gmail.com","reja.yogesh@gmail.com","City:Bowen Hills  Akna:रेजा  Mobile:0448491290","","SUCCESS (Pending)"
"2026-05-12T11:51:27.898Z","GOOGLE_SIGNUP","Gupta Textile","guptatextile672@gmail.com","","New user — profile completion required","","PENDING"
"2026-05-12T12:00:17.357Z","REGISTER","RAJIV KUMAR GUPTA","guptatextile672@gmail.com","guptatextile672@gmail.com","City:Surat  Akna:पहारिया  Mobile:8460506705","","SUCCESS (Auto-Approved)"
"2026-05-12T12:00:24.711Z","GOOGLE_LOGIN","RAJIV KUMAR GUPTA","guptatextile672@gmail.com","","Role:Member  Status:Approved","","SUCCESS"
"2026-05-12T12:05:00.130Z","GOOGLE_SIGNUP","Ganesh Yarn","ganeshyarn1604@gmail.com","","New user — profile completion required","","PENDING"
"2026-05-12T12:09:45.331Z","REGISTER","Sanjay Reja","ganeshyarn1604@gmail.com","ganeshyarn1604@gmail.com","City:Surat  Akna:रेजा  Mobile:9824196925","","SUCCESS (Auto-Approved)"
"2026-05-12T12:09:53.277Z","GOOGLE_LOGIN","Sanjay Reja","ganeshyarn1604@gmail.com","","Role:Member  Status:Approved","","SUCCESS"
"2026-05-12T12:22:40.489Z","GOOGLE_SIGNUP","Meenakshi gupta","meenakshi.harshit@gmail.com","","New user — profile completion required","","PENDING"
"2026-05-12T12:24:58.547Z","REGISTER","Meenakshi gupta","meenakshi.harshit@gmail.com","meenakshi.harshit@gmail.com","City:Surat  Akna:Kankane  Mobile:7984093572","","SUCCESS (Auto-Approved)"
"2026-05-12T12:25:03.655Z","GOOGLE_LOGIN","Meenakshi gupta","meenakshi.harshit@gmail.com","","Role:Member  Status:Approved","","SUCCESS"
"2026-05-12T12:25:58.485Z","GOOGLE_LOGIN","Meenakshi gupta","meenakshi.harshit@gmail.com","","Role:Member  Status:Approved","","SUCCESS"
"2026-05-12T12:38:03.829Z","MAT_SUBMIT","Kamlesh gupta","krgupta50@yahoo.com","Adarsh Gupta","Male | Boston MA USA | Master in CS","","SUCCESS"
"2026-05-12T12:43:11.373Z","REGISTER","Jagdamba Sohaney","jagdamba.sohaney@gmail.com","jagdamba.sohaney@gmail.com","City:Kanpur  Mahanagar  Akna:सोहाने  Mobile:9795115745","","SUCCESS (Pending)"
"2026-05-12T14:26:17.650Z","GOOGLE_SIGNUP","DIVYANSH GUPTA","guptadivyansh2000@gmail.com","","New user — profile completion required","","PENDING"
"2026-05-12T14:30:13.408Z","REGISTER","DIVYANSH GUPTA","guptadivyansh2000@gmail.com","guptadivyansh2000@gmail.com","City:Gautam Buddha Nagar  Akna:तरसोलिया  Mobile:9009509450","","SUCCESS (Auto-Approved)"
"2026-05-12T14:30:21.395Z","GOOGLE_LOGIN","DIVYANSH GUPTA","guptadivyansh2000@gmail.com","","Role:Member  Status:Approved","","SUCCESS"
"2026-05-12T14:37:04.330Z","EDIT_PROFILE","DIVYANSH GUPTA","guptadivyansh2000@gmail.com","guptadivyansh2000@gmail.com","No changes detected","","SUCCESS"
"2026-05-12T15:36:58.599Z","GOOGLE_SIGNUP","Jeet Gupta","jeet24007@gmail.com","","New user — profile completion required","","PENDING"
"2026-05-12T15:43:27.795Z","REGISTER","Jeet Gupta","jeet24007@gmail.com","jeet24007@gmail.com","City:Indore  Akna:लहारिया  Mobile:9691888005","","SUCCESS (Auto-Approved)"
"2026-05-12T15:43:37.686Z","GOOGLE_LOGIN","Jeet Gupta","jeet24007@gmail.com","","Role:Member  Status:Approved","","SUCCESS"
"2026-05-12T15:54:48.719Z","EDIT_PROFILE","Jeet Gupta","jeet24007@gmail.com","jeet24007@gmail.com","Photo: updated","","SUCCESS"
"2026-05-12T16:00:07.582Z","EDIT_PROFILE","Jeet Gupta","jeet24007@gmail.com","jeet24007@gmail.com","Profession: Business → Swastik Enterprises","","SUCCESS"
"2026-05-12T17:14:29.109Z","GOOGLE_SIGNUP","Rajat S Kankane","rg581299@gmail.com","","New user — profile completion required","","PENDING"
"2026-05-12T17:17:01.539Z","REGISTER","Rajat S Kankane","rg581299@gmail.com","rg581299@gmail.com","City:Surat  Akna:कनकने  Mobile:7802855843","","SUCCESS (Auto-Approved)"
"2026-05-12T17:17:12.077Z","GOOGLE_LOGIN","Rajat S Kankane","rg581299@gmail.com","","Role:Member  Status:Approved","","SUCCESS"
"2026-05-12T17:19:47.614Z","EDIT_PROFILE","Rajat S Kankane","rg581299@gmail.com","rg581299@gmail.com","No changes detected","","SUCCESS"
"2026-05-12T18:05:28.905Z","FORGOT_PASSWORD","Ayush Gupta","ayushguptacs@gmail.com","ayushguptacs@gmail.com","","","SUCCESS"
"2026-05-12T18:22:31.902Z","MAT_SUBMIT","Ayush Gupta","ayushguptacs@gmail.com","Ayush Gupta","Male | Greater Noida | B. Tech. (Computer Science Engineering)","","SUCCESS"
"2026-05-12T18:32:19.878Z","EDIT_PROFILE","Ayush Gupta","ayushguptacs@gmail.com","ayushguptacs@gmail.com","Profession: Software Developer → Software Development | Designation: Technical Lead → Project Manager at Tech Mahindra, Noida | Address: Oxford Square Eco Village 3 → Supertech, Oxford Square, Greater Noida West | Photo: updated","","SUCCESS"
"2026-05-13T07:00:13.924Z","GOOGLE_SIGNUP","Dr. ramesh Gupta","rameshmlb2015@gmail.com","","New user — profile completion required","","PENDING"
"2026-05-13T12:19:18.938Z","GOOGLE_LOGIN","ishant nigoti","ishant.nigoti@gmail.com","","Role:Member  Status:Approved","","SUCCESS"
"2026-05-13T14:17:58.958Z","REGISTER","Rajeev  Gupta","rajeevgupta2010@hotmail.com","rajeevgupta2010@hotmail.com","City:Surat  Akna:कुचिया  Mobile:8866603034","","SUCCESS (Auto-Approved)"
"2026-05-13T14:39:52.526Z","GOOGLE_SIGNUP","Rakesh Gupta","rakeshgupta0603@gmail.com","","New user — profile completion required","","PENDING"
"2026-05-14T03:33:22.378Z","GOOGLE_SIGNUP","shivam gupta","shivam.gupta.hbti.che@gmail.com","","New user — profile completion required","","PENDING"
"2026-05-14T03:34:58.305Z","REGISTER","shivam gupta","shivam.gupta.hbti.che@gmail.com","shivam.gupta.hbti.che@gmail.com","City:Panipat  Akna:महतेले  Mobile:8758776207","","SUCCESS (Auto-Approved)"
"2026-05-14T03:35:05.837Z","GOOGLE_LOGIN","shivam gupta","shivam.gupta.hbti.che@gmail.com","","Role:Member  Status:Approved","","SUCCESS"
"2026-05-14T05:52:13.289Z","GOOGLE_SIGNUP","R. Gupta","baapsabka418@gmail.com","","New user — profile completion required","","PENDING"
"2026-05-14T05:55:00.834Z","REGISTER","Rajat Gupta","baapsabka418@gmail.com","baapsabka418@gmail.com","City:Ahmedabad  Akna:सोनी  Mobile:9574566204","","SUCCESS (Auto-Approved)"
"2026-05-14T05:55:04.515Z","GOOGLE_LOGIN","Rajat Gupta","baapsabka418@gmail.com","","Role:Member  Status:Approved","","SUCCESS"
"2026-05-14T16:27:44.416Z","GOOGLE_SIGNUP","Pradeep Gupta","pradeep.kastbar@gmail.com","","New user — profile completion required","","PENDING"
"2026-05-14T16:29:15.173Z","GOOGLE_SIGNUP","Pradeep Gupta","pradeep.kastbar@gmail.com","","New user — profile completion required","","PENDING"
"2026-05-14T16:48:49.981Z","EDIT_PROFILE","Pradeep Gupta","pradeepkastbar72@gmail.com","pradeepkastbar72@gmail.com","No changes detected","","SUCCESS"
"2026-05-16T01:11:24.196Z","APPROVE","Dheeraj Gupta(चऊदा)","mdheerajgupta@gmail.com","RAJIV GUPTA ( NEEKHRA) <rajeevgupta437@gmail.com>","Role:Member","","SUCCESS"
"2026-05-16T06:53:36.947Z","GOOGLE_LOGIN","Arvind Kumar Baronia","arvindkumarbaronia@gmail.com","","Role:Member  Status:Approved","","SUCCESS"
"2026-05-16T09:08:50.796Z","FORGOT_PASSWORD","Aditi Gupta","Aditi_anurag@yahoo.com","Aditi_anurag@yahoo.com","","","SUCCESS"
"2026-05-16T13:42:17.866Z","GOOGLE_SIGNUP","Hemant Gupta","hkgupta74d@gmail.com","","New user — profile completion required","","PENDING"
"2026-05-17T11:51:55.637Z","GOOGLE_LOGIN","Vaibhav Gupta","vaigup@gmail.com","","Role:Member  Status:Approved","","SUCCESS"
"2026-05-18T11:06:44.481Z","MAT_SUBMIT","Gyanendra Kumar Rawat","gyan_man@rediffmail.com","Aditya Rawat","Male | Potsdam, Germany | MS Eng.,PhD","","SUCCESS"
"2026-05-19T11:24:58.952Z","LOGIN","Muskan Gupta","pramodgupta935@gmail.com","","","","FAILED: Wrong password"
"2026-05-19T11:25:15.363Z","APPROVE","Dheeraj Gupta(चऊदा)","mdheerajgupta@gmail.com","Muskan Gupta <pramodgupta935@gmail.com>","Role:Member","","SUCCESS"
"2026-05-19T11:25:28.145Z","FORGOT_PASSWORD","Muskan Gupta","pramodgupta935@gmail.com","pramodgupta935@gmail.com","","","SUCCESS"
"2026-05-19T11:30:51.174Z","EDIT_PROFILE","Muskan Gupta","pramodgupta935@gmail.com","pramodgupta935@gmail.com","Blood: — → O+","","SUCCESS"
"2026-05-19T11:32:20.039Z","GOOGLE_SIGNUP","Hemant Gupta","hkgupta74d@gmail.com","","New user — profile completion required","","PENDING"
"2026-05-19T11:32:28.564Z","GOOGLE_SIGNUP","Hemant Gupta","hkgupta74d@gmail.com","","New user — profile completion required","","PENDING"
"2026-05-19T11:36:36.697Z","EDIT_PROFILE","Muskan Gupta","pramodgupta935@gmail.com","pramodgupta935@gmail.com","Akna: गेडा → Geda","","SUCCESS"
"2026-05-19T11:38:19.860Z","CHANGE_PASSWORD","Muskan Gupta","pramodgupta935@gmail.com","pramodgupta935@gmail.com","","","SUCCESS"
"2026-05-19T11:42:16.788Z","LOGIN","Muskan Gupta","pramodgupta935@gmail.com","","","","FAILED: Wrong password"
"2026-05-19T11:43:50.760Z","LOGIN","Muskan Gupta","pramodgupta935@gmail.com","","","","FAILED: Wrong password"
"2026-05-19T11:47:26.760Z","ADMIN_EDIT_MEMBER","Dheeraj Gupta(चऊदा)","mdheerajgupta@gmail.com","dswatigupta02@gmail.com","Edited: Swati Gupta(चऊदा) | dswatigupta02@gmail.com","","SUCCESS"
"2026-05-19T11:49:31.544Z","EDIT_PROFILE","Muskan Gupta","pramodgupta935@gmail.com","pramodgupta935@gmail.com","Akna: गेडा → Geda | Profession: — → Scale I officer at Bank of India | Designation: — → Manager","","SUCCESS"
"2026-05-19T11:50:07.177Z","LOGIN","Muskan Gupta","pramodgupta935@gmail.com","","","","FAILED: Wrong password"
"2026-05-19T12:33:20.082Z","LOGIN","Muskan Gupta","pramodgupta935@gmail.com","","","","FAILED: Wrong password"
"2026-05-19T12:36:09.141Z","LOGIN","Muskan Gupta","pramodgupta935@gmail.com","","","","FAILED: Wrong password"
"2026-05-20T04:58:14.647Z","LOGIN","Akshay Gandhi","guptaakshay467@gmail.com","","","","FAILED: Wrong password"
"2026-05-20T05:24:12.795Z","GOOGLE_SIGNUP","krishan murari Gupta","krishanmurarig507@gmail.com","","New user — profile completion required","","PENDING"
"2026-05-20T07:03:25.312Z","GOOGLE_SIGNUP","Mohan Rusia","mohanrusia63yu@gmail.com","","New user — profile completion required","","PENDING"
"2026-05-20T07:07:04.078Z","REGISTER","Mohan Rusia","mohanrusia63yu@gmail.com","mohanrusia63yu@gmail.com","City:Mahoba  Akna:रूसिया  Mobile:9450269211","","SUCCESS (Auto-Approved)"
"2026-05-20T08:12:34.216Z","","System","","","","","SUCCESS"
"2026-05-20T08:15:35.474Z","","System","","","","","SUCCESS"
"2026-05-20T08:16:12.216Z","","System","","","","","SUCCESS"
"2026-05-20T12:14:17.631Z","LOGIN","Muskan Gupta","pramodgupta935@gmail.com","","","","FAILED: Wrong password"
"2026-05-20T12:14:39.740Z","LOGIN","Muskan Gupta","pramodgupta935@gmail.com","","","","FAILED: Wrong password"
"2026-05-20T12:14:48.855Z","LOGIN","Muskan Gupta","pramodgupta935@gmail.com","","","","FAILED: Wrong password"
"2026-05-20T12:15:01.660Z","LOGIN","Muskan Gupta","pramodgupta935@gmail.com","","","","FAILED: Wrong password"
"2026-05-20T12:15:09.235Z","LOGIN","Muskan Gupta","pramodgupta935@gmail.com","","","","FAILED: Wrong password"
"2026-05-20T12:15:13.695Z","LOGIN","Muskan Gupta","pramodgupta935@gmail.com","","","","FAILED: Wrong password"
"2026-05-20T14:32:44.147Z","GOOGLE_LOGIN","Mohan Rusia","mohanrusia63yu@gmail.com","","Role:Member  Status:Approved","","SUCCESS"
"2026-05-20T16:05:21.359Z","LOGIN","Saurabh kharya","saurabh.court@gmail.com","","","","FAILED: Wrong password"
"2026-05-20T16:05:29.284Z","LOGIN","Saurabh kharya","saurabh.court@gmail.com","","","","FAILED: Wrong password"
"2026-05-20T16:05:41.077Z","LOGIN","Saurabh kharya","saurabh.court@gmail.com","","","","FAILED: Wrong password"
"2026-05-20T16:06:04.843Z","LOGIN","Saurabh kharya","saurabh.court@gmail.com","","","","FAILED: Wrong password"
"2026-05-21T03:35:40.962Z","LOGIN","Muskan Gupta","pramodgupta935@gmail.com","","","","FAILED: Wrong password"
"2026-05-21T03:41:57.195Z","LOGIN","Muskan Gupta","pramodgupta935@gmail.com","","","","FAILED: Wrong password"
"2026-05-21T10:15:14.394Z","GOOGLE_LOGIN","Prashant Seth","prashantseth28@gmail.com","","Role:Member  Status:Approved","","SUCCESS"
"2026-05-21T10:20:00.074Z","LOGIN","Prashant Seth","prashantseth28@gmail.com","","","","FAILED: Wrong password"
"2026-05-21T10:21:24.596Z","FORGOT_PASSWORD","Prashant Seth","prashantseth28@gmail.com","prashantseth28@gmail.com","","","SUCCESS"
"2026-05-21T13:29:17.117Z","LOGIN","Muskan Gupta","pramodgupta935@gmail.com","","","","FAILED: Wrong password"
"2026-05-21T13:42:58.394Z","LOGIN","Muskan Gupta","pramodgupta935@gmail.com","","","","FAILED: Wrong password"
"2026-05-21T14:07:32.925Z","GOOGLE_LOGIN","Saurabh kharya","saurabh.court@gmail.com","","Role:Member  Status:Approved","","SUCCESS"
"2026-05-21T14:14:50.677Z","EDIT_PROFILE","Saurabh kharya","saurabh.court@gmail.com","saurabh.court@gmail.com","Marital: Unmarried → Married | Spouse: — → Late mrs. Aprajita kharya","","SUCCESS"
"2026-05-21T15:17:42.073Z","LOGIN","Muskan Gupta","pramodgupta935@gmail.com","","","","FAILED: Wrong password"
"2026-05-22T08:06:06.360Z","FORGOT_PASSWORD","Muskan Gupta","pramodgupta935@gmail.com","pramodgupta935@gmail.com","","","SUCCESS"
"2026-05-23T03:54:57.815Z","ADMIN_EDIT_MEMBER","Gaurav Reja","dendthdel@gmail.com","hdsuhane@gmail.com","Edited: Haridas suhane | hdsuhane@gmail.com","","SUCCESS"
"2026-05-23T04:52:27.614Z","EDIT_PROFILE","Haridas suhane","hdsuhane@gmail.com","hdsuhane@gmail.com","Birthday: — → 05-23","","SUCCESS"
"2026-05-23T15:46:09.316Z","GOOGLE_LOGIN","Saurabh kharya","saurabh.court@gmail.com","","Role:Member  Status:Approved","","SUCCESS"
"2026-05-23T17:40:18.376Z","GOOGLE_LOGIN","Gaurav Rawat","gauravrawat987@gmail.com","","Role:Member  Status:Approved","","SUCCESS"
"2026-05-23T18:06:30.443Z","GOOGLE_SIGNUP","Mohit Rusia","mohitrs7backup@gmail.com","","New user — profile completion required","","PENDING"
"2026-05-23T18:08:16.386Z","REGISTER","Mohit Rusia","mohitrs7backup@gmail.com","mohitrs7backup@gmail.com","City:Noida  Akna:रूसिया  Mobile:8375943305","","SUCCESS (Auto-Approved)"
"2026-05-23T18:08:20.929Z","GOOGLE_LOGIN","Mohit Rusia","mohitrs7backup@gmail.com","","Role:Member  Status:Approved","","SUCCESS"
"2026-05-23T18:16:05.410Z","LOGIN","Ashish Kumar Gupta","ashishgahoi81@gmail.com","","","","FAILED: Wrong password"
"2026-05-23T18:16:53.650Z","GOOGLE_LOGIN","Ashish Kumar Gupta","ashishgahoi81@gmail.com","","Role:Member  Status:Approved","","SUCCESS"
"2026-05-23T18:20:43.381Z","EDIT_PROFILE","Ashish Kumar Gupta","ashishgahoi81@gmail.com","ashishgahoi81@gmail.com","Native: Otai → Orai | Profession: — → Indian  Air force | Marital: Unmarried → Married | Spouse: — → Nandini Gupta | Blood: — → O+ | Birthday: — → 08-05 | Anniversary: — → 08-25","","SUCCESS"
"2026-05-23T19:37:42.856Z","GOOGLE_SIGNUP","NITESH GUPTA","nitesh.acn@gmail.com","","New user — profile completion required","","PENDING"
"2026-05-23T19:40:06.472Z","GOOGLE_SIGNUP","NITESH GUPTA","nitesh.acn@gmail.com","","New user — profile completion required","","PENDING"
"2026-05-23T19:40:31.119Z","GOOGLE_SIGNUP","NITESH GUPTA","nitesh.acn@gmail.com","","New user — profile completion required","","PENDING"
"2026-05-23T19:42:03.217Z","REGISTER","NITESH GUPTA","nitesh.acn@gmail.com","nitesh.acn@gmail.com","City:Greater noida  Akna:सेठ  Mobile:9210373347","","SUCCESS (Auto-Approved)"
"2026-05-23T19:42:06.611Z","GOOGLE_LOGIN","NITESH GUPTA","nitesh.acn@gmail.com","","Role:Member  Status:Approved","","SUCCESS"
"2026-05-24T03:11:50.089Z","LOGIN","rajesh rusia","rajesh.rusia@gmail.com","","","","FAILED: Wrong password"
"2026-05-24T03:13:22.877Z","FORGOT_PASSWORD","rajesh rusia","rajesh.rusia@gmail.com","rajesh.rusia@gmail.com","","","SUCCESS"
"2026-05-24T03:23:57.756Z","CHANGE_PASSWORD","rajesh rusia","rajesh.rusia@gmail.com","rajesh.rusia@gmail.com","","","SUCCESS"
"2026-05-24T04:15:04.547Z","EDIT_PROFILE","Dinesh Gupta","dineshbarsainya@gmail.com","dineshbarsainya@gmail.com","City: Greater Noida → Greater Noida West | Profession: — → Engineer | Designation: — → Senior Senior Engineer | Address: — → Tower 23, Flat no 1801, La Residentia Society | Pincode: — → 201306 | Marital: Unmarried → Married | Spouse: — → Sandhya Gupta | Blood: — → B+ | Birthday: — → 11-27 | Anniversary: — → 05-08","","SUCCESS"
"2026-05-24T04:15:22.317Z","GOOGLE_SIGNUP","Rajkumar Gupta","raje4a@gmail.com","","New user — profile completion required","","PENDING"
"2026-05-24T04:21:27.292Z","REGISTER","Rajkumar Gupta","raje4a@gmail.com","raje4a@gmail.com","City:Gwalior  Akna:Bijpuria  Mobile:9425805334","","SUCCESS (Auto-Approved)"
"2026-05-24T04:21:31.195Z","GOOGLE_LOGIN","Rajkumar Gupta","raje4a@gmail.com","","Role:Member  Status:Approved","","SUCCESS"
"2026-05-24T04:38:33.423Z","MAT_SUBMIT","Dinesh Gupta","dineshbarsainya@gmail.com","Prakhar Gupta","Male | GREATER NOIDA West | MBA , IIM Ahamdabad","","SUCCESS"
"2026-05-24T05:14:52.124Z","ADMIN_EDIT_MEMBER","Gaurav Reja","dendthdel@gmail.com","raje4a@gmail.com","Edited: Rajkumar Gupta | raje4a@gmail.com","","SUCCESS"
"2026-05-24T05:29:44.155Z","ADMIN_EDIT_MEMBER","Gaurav Reja","dendthdel@gmail.com","ramjilalgupta674@gmail.com","Edited: RAMJI Lal Gupta | ramjilalgupta674@gmail.com","","SUCCESS"
"2026-05-24T05:45:30.533Z","GOOGLE_SIGNUP","Anil neekhra Kuthond","anilneekhara1@gmail.com","","New user — profile completion required","","PENDING"
"2026-05-24T05:48:42.918Z","GOOGLE_SIGNUP","Muskaan Gupta","guptamuskan30420@gmail.com","","New user — profile completion required","","PENDING"
"2026-05-24T05:50:31.832Z","GOOGLE_SIGNUP","Anil neekhra Kuthond","anilneekhara1@gmail.com","","New user — profile completion required","","PENDING"
"2026-05-24T05:54:26.640Z","GOOGLE_SIGNUP","Muskaan Gupta","guptamuskan30420@gmail.com","","New user — profile completion required","","PENDING"
"2026-05-24T05:54:53.127Z","LOGIN","Dev Neekhra","anilneekhara2@gmail.com","","","","FAILED: Wrong password"
"2026-05-24T05:55:12.144Z","LOGIN","Dev Neekhra","anilneekhara2@gmail.com","","","","FAILED: Wrong password"
"2026-05-24T05:57:13.714Z","GOOGLE_SIGNUP","Anil neekhra Kuthond","anilneekhara1@gmail.com","","New user — profile completion required","","PENDING"
"2026-05-24T06:02:07.637Z","GOOGLE_SIGNUP","Anil neekhra Kuthond","anilneekhara1@gmail.com","","New user — profile completion required","","PENDING"
"2026-05-24T06:13:16.050Z","GOOGLE_SIGNUP","Anil neekhra Kuthond","anilneekhara1@gmail.com","","New user — profile completion required","","PENDING"
"2026-05-24T06:13:20.203Z","GOOGLE_LOGIN","Muskaan Gupta","guptamuskan30420@gmail.com","","Role:Member  Status:Pending","","SUCCESS"
"2026-05-24T06:13:41.725Z","GOOGLE_LOGIN","Muskaan Gupta","guptamuskan30420@gmail.com","","Role:Member  Status:Pending","","SUCCESS"
"2026-05-24T06:13:47.801Z","GOOGLE_LOGIN","Muskaan Gupta","guptamuskan30420@gmail.com","","Role:Member  Status:Pending","","SUCCESS"
"2026-05-24T06:14:56.712Z","APPROVE","Dheeraj Gupta(चऊदा)","mdheerajgupta@gmail.com","Muskaan Gupta <guptamuskan30420@gmail.com>","Role:Member","","SUCCESS"
"2026-05-24T06:20:32.205Z","EDIT_PROFILE","Anil Prakash Neekhra","anilneekhara2@gmail.com","anilneekhara2@gmail.com","Marital: Unmarried → Married | Spouse: — → Neelam | Birthday: — → 01-01 | Anniversary: — → 12-01","","SUCCESS"
"2026-05-24T06:49:22.214Z","MAT_SUBMIT","Anil Prakash Neekhra","anilneekhara2@gmail.com","Dev neekhara","Male | Jalaun | MCA Master of computer application)","","SUCCESS"
"2026-05-24T07:04:25.770Z","GOOGLE_SIGNUP","Ajay Kumar Gupta","ajay.gupta.1982@gmail.com","","New user — profile completion required","","PENDING"
"2026-05-24T07:07:04.492Z","REGISTER","Ajay Kumar Gupta","ajay.gupta.1982@gmail.com","ajay.gupta.1982@gmail.com","City:New Delhi  Akna:ब्रिजपुरिया  Mobile:9811610004","","SUCCESS (Auto-Approved)"
"2026-05-24T07:07:08.108Z","GOOGLE_LOGIN","Ajay Kumar Gupta","ajay.gupta.1982@gmail.com","","Role:Member  Status:Approved","","SUCCESS"
"2026-05-24T07:10:45.931Z","GOOGLE_LOGIN","MAYANK GUPTA","hkgupta74d@gmail.com","","Role:Member  Status:Pending","","SUCCESS"
"2026-05-24T07:10:51.450Z","GOOGLE_LOGIN","MAYANK GUPTA","hkgupta74d@gmail.com","","Role:Member  Status:Pending","","SUCCESS"
"2026-05-24T07:12:56.973Z","GOOGLE_LOGIN","MAYANK GUPTA","hkgupta74d@gmail.com","","Role:Member  Status:Approved","","SUCCESS"
"2026-05-24T07:13:00.236Z","GOOGLE_LOGIN","MAYANK GUPTA","hkgupta74d@gmail.com","","Role:Member  Status:Approved","","SUCCESS"
"2026-05-24T07:16:45.874Z","EDIT_PROFILE","MAYANK GUPTA","hkgupta74d@gmail.com","hkgupta74d@gmail.com","Profession: — → SOFTWARE PROFESSION | Designation: — → SELF OWNER | Address: — → INFRONT OF AGRAWAL DHARAMSALA BIHARI JI ROAD DATIA MP | Pincode: — → 475661","","SUCCESS"
"2026-05-24T07:17:02.394Z","GOOGLE_SIGNUP","Arpit Gupta","arpitgupta02200@gmail.com","","New user — profile completion required","","PENDING"
"2026-05-24T07:18:37.448Z","EDIT_PROFILE","MAYANK GUPTA","hkgupta74d@gmail.com","hkgupta74d@gmail.com","Birthday: — → 11-02","","SUCCESS"
"2026-05-24T07:48:45.785Z","EDIT_PROFILE","Umesh kumar kankane","rohitmotors50@rediffmail.com","rohitmotors50@rediffmail.com","Profession: — → Owner hero showroom | Address: — → Ward no.03 main road shahgarh | Pincode: — → 470339 | Marital: Unmarried → Married | Spouse: — → Smt.Abha kankane | Birthday: — → 07-01 | Anniversary: — → 02-27","","SUCCESS"
"2026-05-24T07:58:20.290Z","APPROVE","Dheeraj Gupta(चऊदा)","mdheerajgupta@gmail.com","Amit Sarawagi <amitkumarsarawagi@gmail.com>","Role:Member","","SUCCESS"
"2026-05-24T08:09:42.493Z","ADMIN_EDIT_MEMBER","Gaurav Reja","dendthdel@gmail.com","rohitmotors50@rediffmail.com","Edited: Umesh kumar kankane | rohitmotors50@rediffmail.com","","SUCCESS"
"2026-05-24T08:28:11.345Z","FORGOT_PASSWORD","RAMESH GUPTA","baburameshgupta@gmail.com","baburameshgupta@gmail.com","","","SUCCESS"
"2026-05-24T08:31:37.420Z","LOGIN","RAMESH GUPTA","baburameshgupta@gmail.com","","","","FAILED: Wrong password"
"2026-05-24T08:32:31.161Z","LOGIN","RAMESH GUPTA","baburameshgupta@gmail.com","","","","FAILED: Wrong password"
"2026-05-24T08:36:02.881Z","LOGIN","Ramesh Gupta","shrilgtex_ramesh@yahoo.com","","","","FAILED: Wrong password"
"2026-05-24T08:36:50.528Z","LOGIN","Ramesh Gupta","shrilgtex_ramesh@yahoo.com","","","","FAILED: Wrong password"
"2026-05-24T08:40:06.777Z","EDIT_PROFILE","RAMESH GUPTA","baburameshgupta@gmail.com","baburameshgupta@gmail.com","Marital: Unmarried → Married | Spouse: — → ASHA GUPTA | Birthday: — → 05-12 | Anniversary: — → 05-19","","SUCCESS"
"2026-05-24T08:41:00.908Z","APPROVE","Dheeraj Gupta(चऊदा)","mdheerajgupta@gmail.com","Ratnesh Kumar Gupta <ratneshg661@gmail.com>","Role:Member","","SUCCESS"
"2026-05-24T08:41:11.626Z","APPROVE","Dheeraj Gupta(चऊदा)","mdheerajgupta@gmail.com","Ramesh Gupta <shrilgtex_ramesh@yahoo.com>","Role:Member","","SUCCESS"
"2026-05-24T08:41:15.573Z","APPROVE","Dheeraj Gupta(चऊदा)","mdheerajgupta@gmail.com","Pankaj Gupta <pkg1400@gmail.com>","Role:Member","","SUCCESS"
"2026-05-24T09:13:50.816Z","EDIT_PROFILE","Adarsh Gupta","guptaadarsh313@gmail.com","guptaadarsh313@gmail.com","Profession: — → Job | Designation: — → District Coordinator  at Atishay limited Bhopal Deployed in District central cooperative Bank Bhind | Blood: — → B+ | Birthday: — → 10-04","","SUCCESS"
"2026-05-24T09:25:17.120Z","EDIT_PROFILE","Adarsh Gupta","guptaadarsh313@gmail.com","guptaadarsh313@gmail.com","Address: — → Vikas Nagar | Pincode: — → 477001 | Photo: updated","","SUCCESS"
"2026-05-24T09:36:04.196Z","GOOGLE_SIGNUP","ram kumar gupta","ramkumargupta1115@gmail.com","","New user — profile completion required","","PENDING"
"2026-05-24T09:39:20.794Z","GOOGLE_SIGNUP","ram kumar gupta","ramkumargupta1115@gmail.com","","New user — profile completion required","","PENDING"
"2026-05-24T09:40:44.292Z","MAT_SUBMIT","Adarsh Gupta","guptaadarsh313@gmail.com","Adarsh Gupta","Male | Bhind | BA, MSW and Steno","","SUCCESS"
"2026-05-24T09:45:46.663Z","GOOGLE_SIGNUP","Manoj Gupta","manojguptagwalior474003@gmail.com","","New user — profile completion required","","PENDING"
"2026-05-24T09:47:22.856Z","REGISTER","Ram Kumar Gupta","ramkumargupta1115@gmail.com","ramkumargupta1115@gmail.com","City:Prayagraj  Akna:सोहाने  Mobile:9936664424","","SUCCESS (Auto-Approved)"
"2026-05-24T09:47:26.980Z","GOOGLE_LOGIN","Ram Kumar Gupta","ramkumargupta1115@gmail.com","","Role:Member  Status:Approved","","SUCCESS"
"2026-05-24T09:50:43.656Z","GOOGLE_SIGNUP","Manoj Gupta","manojguptagwalior474003@gmail.com","","New user — profile completion required","","PENDING"
"2026-05-24T09:55:19.835Z","EDIT_PROFILE","Ram Kumar Gupta","ramkumargupta1115@gmail.com","ramkumargupta1115@gmail.com","Photo: updated","","SUCCESS"
"2026-05-24T10:00:22.021Z","EDIT_PROFILE","Ram Kumar Gupta","ramkumargupta1115@gmail.com","ramkumargupta1115@gmail.com","Photo: updated","","SUCCESS"
"2026-05-24T10:13:07.422Z","MAT_SUBMIT","Adarsh Gupta","guptaadarsh313@gmail.com","Adarsh Gupta","Male | Bhind | BA, MSW and Steno","","SUCCESS"
"2026-05-24T10:17:27.330Z","MAT_SUBMIT","Ram Kumar Gupta","ramkumargupta1115@gmail.com","Harshit Gupta","Male | Prayagraj | B.Com","","SUCCESS"
"2026-05-24T10:20:28.032Z","GOOGLE_LOGIN","MAYANK GUPTA","hkgupta74d@gmail.com","","Role:Member  Status:Approved","","SUCCESS"
"2026-05-24T10:35:34.276Z","MAT_SUBMIT","MAYANK GUPTA","hkgupta74d@gmail.com","Mayank Gupta","Male | Datia | BCA","","SUCCESS"
"2026-05-24T10:51:58.881Z","LOGIN","Atul Kumar Gupta","atul.dengre@gmail.com","","","","FAILED: Wrong password"
"2026-05-24T10:52:17.631Z","GOOGLE_LOGIN","Romharshan","romastrology@gmail.com","","Role:Member  Status:Pending","","SUCCESS"
"2026-05-24T10:52:58.730Z","LOGIN","Romharshan","romastrology@gmail.com","","","","FAILED: Wrong password"
"2026-05-24T10:52:59.157Z","LOGIN","Dilip G Gupta","dg.nippo@hotmail.com","","","","FAILED: Wrong password"
"2026-05-24T10:53:17.008Z","LOGIN","Dilip G Gupta","dg.nippo@hotmail.com","","","","FAILED: Wrong password"
"2026-05-24T10:53:43.208Z","LOGIN","Dilip G Gupta","dg.nippo@hotmail.com","","","","FAILED: Wrong password"
"2026-05-24T10:56:16.904Z","FORGOT_PASSWORD","Dilip G Gupta","dg.nippo@hotmail.com","dg.nippo@hotmail.com","","","SUCCESS"
"2026-05-24T11:00:02.304Z","LOGIN","VIJAY KUMAR GUPTA","vijaysethhmt@gmail.com","","","","FAILED: Wrong password"
"2026-05-24T11:02:05.835Z","MAT_SUBMIT","MAYANK GUPTA","hkgupta74d@gmail.com","Mayank Gupta","Male | Datia mp | BCA","","SUCCESS"
"2026-05-24T11:07:09.003Z","LOGIN","Atul Kumar Gupta","atul.dengre@gmail.com","","","","FAILED: Wrong password"
"2026-05-24T11:41:27.467Z","SOFT_DELETE_MAT","MAYANK GUPTA","hkgupta74d@gmail.com","","Unmarried","","SUCCESS"
"2026-05-24T11:49:11.453Z","DRIP_EMAIL_FAIL","System","","vpg0708@gmail.com","Day:0","","FAILED: Service invoked too many times for one day: email."
"2026-05-24T11:49:11.837Z","GOOGLE_SIGNUP","Vp Gupta","vpg0708@gmail.com","","New user — profile completion required","","PENDING"
"2026-05-24T11:52:09.353Z","SOFT_DELETE_MAT","Adarsh Gupta","guptaadarsh313@gmail.com","","Unmarried","","SUCCESS"
"2026-05-24T11:52:42.754Z","GOOGLE_SIGNUP","Vp Gupta","vpg0708@gmail.com","","New user — profile completion required","","PENDING"
"2026-05-24T12:02:27.138Z","REGISTER","Vishnu Prasad Gupta","vpg0708@gmail.com","vpg0708@gmail.com","City:Lohia Marg Civil Lines Prayagraj  Akna:छिरोल्या  Mobile:7897743311","","SUCCESS (Auto-Approved)"
"2026-05-24T12:02:30.861Z","GOOGLE_LOGIN","Vishnu Prasad Gupta","vpg0708@gmail.com","","Role:Member  Status:Approved","","SUCCESS"
"2026-05-24T12:32:23.575Z","GOOGLE_SIGNUP","Vaibhav Gahoi","vaibhavrajgahoi@gmail.com","","New user — profile completion required","","PENDING"
"2026-05-24T12:38:24.066Z","REGISTER","Vaibhav Gahoi","vaibhavrajgahoi@gmail.com","vaibhavrajgahoi@gmail.com","City:Grater Noida West  Akna:कुरेले  Mobile:9415849272","","SUCCESS (Auto-Approved)"
"2026-05-24T12:38:27.697Z","GOOGLE_LOGIN","Vaibhav Gahoi","vaibhavrajgahoi@gmail.com","","Role:Member  Status:Approved","","SUCCESS"
"2026-05-24T13:15:32.215Z","GOOGLE_SIGNUP","K. D. Gupta","kdguptadbr@gmail.com","","New user — profile completion required","","PENDING"
"2026-05-24T13:22:53.337Z","REGISTER","K. D. Gupta","kdguptadbr@gmail.com","kdguptadbr@gmail.com","City:Dabra  Akna:विलैया  Mobile:9425118535","","SUCCESS (Auto-Approved)"
"2026-05-24T13:22:57.055Z","GOOGLE_LOGIN","K. D. Gupta","kdguptadbr@gmail.com","","Role:Member  Status:Approved","","SUCCESS"
"2026-05-24T13:25:09.256Z","APPROVE","Dheeraj Gupta(चऊदा)","mdheerajgupta@gmail.com","Sanjay Gupta <sanjajygupta.ntpc2024@gmail.com>","Role:Member","","SUCCESS"
"2026-05-24T13:33:04.601Z","DRIP_EMAIL_FAIL","System","","anujkankane6@gmail.com","Day:0","","FAILED: Service invoked too many times for one day: email."
"2026-05-24T13:33:05.074Z","GOOGLE_SIGNUP","Anuj Kankane","anujkankane6@gmail.com","","New user — profile completion required","","PENDING"
"2026-05-24T13:33:13.684Z","LOGIN","Gahoi ashish R. P suhane","gahoiashishsuhane143123@gmail.com","","","","FAILED: Wrong password"
"2026-05-24T13:33:30.329Z","LOGIN","Gahoi ashish R. P suhane","gahoiashishsuhane143123@gmail.com","","","","FAILED: Wrong password"
"2026-05-24T13:33:51.809Z","LOGIN","Gahoi ashish R. P suhane","gahoiashishsuhane143123@gmail.com","","","","FAILED: Wrong password"
"2026-05-24T13:33:53.228Z","GOOGLE_LOGIN","Vaibhav Gahoi","vaibhavrajgahoi@gmail.com","","Role:Member  Status:Approved","","SUCCESS"
"2026-05-24T13:34:08.185Z","LOGIN","Gahoi ashish R. P suhane","gahoiashishsuhane143123@gmail.com","","","","FAILED: Wrong password"
"2026-05-24T13:34:50.128Z","FORGOT_PASSWORD","Gahoi ashish R. P suhane","gahoiashishsuhane143123@gmail.com","gahoiashishsuhane143123@gmail.com","","","SUCCESS"
"2026-05-24T13:39:03.359Z","LOGIN","Ramnivas GUPTA","ramnivasgupta11@gmail.com","","","","FAILED: Wrong password"
"2026-05-24T13:39:11.386Z","LOGIN","Ramnivas GUPTA","ramnivasgupta11@gmail.com","","","","FAILED: Wrong password"
"2026-05-24T14:12:44.441Z","LOGIN","Mukesh Gupta","jyotimukesh013@gmail.com","","","","FAILED: Wrong password"
"2026-05-24T14:13:08.019Z","LOGIN","Mukesh Gupta","jyotimukesh013@gmail.com","","","","FAILED: Wrong password"
"2026-05-24T14:13:18.815Z","LOGIN","Mukesh Gupta","jyotimukesh013@gmail.com","","","","FAILED: Wrong password"
"2026-05-24T14:16:24.750Z","LOGIN","Mukesh Gupta","jyotimukesh013@gmail.com","","","","FAILED: Wrong password"
"2026-05-24T14:17:05.630Z","LOGIN","Mukesh Gupta","jyotimukesh013@gmail.com","","","","FAILED: Wrong password"
"2026-05-24T14:17:42.096Z","FORGOT_PASSWORD","Mukesh Gupta","jyotimukesh013@gmail.com","jyotimukesh013@gmail.com","","","SUCCESS"
"2026-05-24T14:52:18.879Z","GOOGLE_LOGIN","Shipra Gupta","shiprasanjay786@gmail.com","","Role:Member  Status:Pending","","SUCCESS"
"2026-05-24T15:35:04.030Z","GOOGLE_SIGNUP","Arpit Gupta","arpitgupta02200@gmail.com","","New user — profile completion required","","PENDING"
"2026-05-24T15:37:22.949Z","REGISTER","Arpit Gupta","arpitgupta02200@gmail.com","arpitgupta02200@gmail.com","City:Dabra  Akna:Gol  Mobile:9340548324","","SUCCESS (Auto-Approved)"
"2026-05-24T15:37:26.842Z","GOOGLE_LOGIN","Arpit Gupta","arpitgupta02200@gmail.com","","Role:Member  Status:Approved","","SUCCESS"
"2026-05-24T16:43:50.545Z","APPROVE","Dheeraj Gupta(चऊदा)","mdheerajgupta@gmail.com","Shipra Gupta <shiprasanjay786@gmail.com>","Role:Member","","SUCCESS"
"2026-05-24T16:43:52.751Z","APPROVE","Dheeraj Gupta(चऊदा)","mdheerajgupta@gmail.com","Ramnivas GUPTA <ramnivasgupta11@gmail.com>","Role:Member","","SUCCESS"
"2026-05-24T18:28:05.659Z","GOOGLE_SIGNUP","Sanjay Kumar Gupta","skmech68@gmail.com","","New user — profile completion required","","PENDING"
"2026-05-24T18:28:23.439Z","GOOGLE_SIGNUP","Sanjay Kumar Gupta","skmech68@gmail.com","","New user — profile completion required","","PENDING"
"2026-05-24T20:50:03.371Z","GOOGLE_SIGNUP","Dilip Gupta","dg.nippo6@gmail.com","","New user — profile completion required","","PENDING"
"2026-05-24T20:51:51.065Z","GOOGLE_SIGNUP","Dilip Gupta","dg.nippo6@gmail.com","","New user — profile completion required","","PENDING"
"2026-05-24T20:51:55.913Z","GOOGLE_SIGNUP","Dilip Gupta","dg.nippo6@gmail.com","","New user — profile completion required","","PENDING"
"2026-05-24T20:55:22.438Z","REGISTER","Raj Gupta","dg.nippo6@gmail.com","dg.nippo6@gmail.com","City:Mumbai  Akna:चऊदा  Mobile:9136899261","","SUCCESS (Auto-Approved)"
"2026-05-24T20:55:25.738Z","GOOGLE_LOGIN","Raj Gupta","dg.nippo6@gmail.com","","Role:Member  Status:Approved","","SUCCESS"
"2026-05-24T20:55:33.849Z","GOOGLE_LOGIN","Raj Gupta","dg.nippo6@gmail.com","","Role:Member  Status:Approved","","SUCCESS"
"2026-05-24T20:55:39.710Z","GOOGLE_LOGIN","Raj Gupta","dg.nippo6@gmail.com","","Role:Member  Status:Approved","","SUCCESS"
"2026-05-25T01:11:12.226Z","GOOGLE_LOGIN","GAGAN KUMAR RUSIA","gaganrusia@gmail.com","","Role:Member  Status:Approved","","SUCCESS"
"2026-05-25T03:03:33.714Z","LOGIN","Arpit Gupta","arpitgupta02200@gmail.com","","","","FAILED: Wrong password"
"2026-05-25T03:03:39.591Z","LOGIN","Arpit Gupta","arpitgupta02200@gmail.com","","","","FAILED: Wrong password"
"2026-05-25T03:03:49.123Z","LOGIN","Arpit Gupta","arpitgupta02200@gmail.com","","","","FAILED: Wrong password"
"2026-05-25T03:03:57.806Z","LOGIN","Arpit Gupta","arpitgupta02200@gmail.com","","","","FAILED: Wrong password"
"2026-05-25T03:04:08.631Z","GOOGLE_LOGIN","Arpit Gupta","arpitgupta02200@gmail.com","","Role:Member  Status:Approved","","SUCCESS"
"2026-05-25T03:07:29.622Z","EDIT_PROFILE","Arpit Gupta","arpitgupta02200@gmail.com","arpitgupta02200@gmail.com","Akna: Gol → Chhiroliya | Address: IN FRONT OF SITARA LAUDGE → IN FRONT OF SITARA LAUDGE, DABRA | Photo: updated","","SUCCESS"
"2026-05-25T03:10:35.042Z","EDIT_PROFILE","Arpit Gupta","arpitgupta02200@gmail.com","arpitgupta02200@gmail.com","Designation: B.Tech → ELECTRICAL AND ELECTRONICS","","SUCCESS"
"2026-05-25T07:24:23.431Z","LOGIN","RAGHVENDRA PRASAD RUSIA","rusia.rp@gmail.com","","","","FAILED: Wrong password"
"2026-05-25T07:28:28.231Z","EDIT_PROFILE","RAGHVENDRA PRASAD RUSIA","rusia.rp@gmail.com","rusia.rp@gmail.com","Profession: — → advocate | Address: — → 60 A Tulsi Nagar Orai | Pincode: — → 285001 | Marital: Unmarried → Married | Spouse: — → GEETA GUPTA | Blood: — → B+ | Birthday: — → 04-20 | Anniversary: — → 04-29","","SUCCESS"
"2026-05-25T08:51:00.833Z","GOOGLE_SIGNUP","Naveen Gupta","navgup1891@gmail.com","","New user — profile completion required","","PENDING"
"2026-05-25T08:51:13.266Z","GOOGLE_SIGNUP","Jamuna Bichpuriya","bichpuriyajamuna@gmail.com","","New user — profile completion required","","PENDING"
"2026-05-25T09:15:03.930Z","GOOGLE_LOGIN","K. D. Gupta","kdguptadbr@gmail.com","","Role:Member  Status:Approved","","SUCCESS"
"2026-05-25T10:21:14.441Z","EDIT_PROFILE","Anuj Gupta","anujnri2006@gmail.com","anujnri2006@gmail.com","Profession: — → Field Sales | Designation: — → Principal Chemistry Account Manager | Address: — → A3/1107 Cherry County | Pincode: — → 201306 | Marital: Unmarried → Married | Spouse: — → Sonal Nagariya","","SUCCESS"
"2026-05-25T10:38:00.277Z","GOOGLE_SIGNUP","Ramesh Gupta","rameshgupta0905@gmail.com","","New user — profile completion required","","PENDING"
"2026-05-25T10:42:09.345Z","REGISTER","Ramesh Gupta","rameshgupta0905@gmail.com","rameshgupta0905@gmail.com","City:Kareli  Akna:Lohiya, Seth  Mobile:9425833791","","SUCCESS (Auto-Approved)"
"2026-05-25T10:42:13.352Z","GOOGLE_LOGIN","Ramesh Gupta","rameshgupta0905@gmail.com","","Role:Member  Status:Approved","","SUCCESS"
"2026-05-25T11:17:58.268Z","GOOGLE_SIGNUP","kapil khaira","kapilkhaira70@gmail.com","","New user — profile completion required","","PENDING"
"2026-05-25T11:39:06.114Z","EDIT_PROFILE","Mukesh Gupta","jyotimukesh013@gmail.com","jyotimukesh013@gmail.com","Profession: — → Engineering | Designation: — → Engineers | Address: — → Shubhash nagar | Pincode: — → 311001 | Marital: Unmarried → Married | Spouse: — → Jyoti Gupta | Blood: — → B+ | Birthday: — → 05-02 | Anniversary: — → 05-08","","SUCCESS"
"2026-05-25T11:47:18.454Z","LOGIN","K. D. Gupta","kdguptadbr@gmail.com","","","","FAILED: Wrong password"
"2026-05-25T11:47:37.333Z","LOGIN","K. D. Gupta","kdguptadbr@gmail.com","","","","FAILED: Wrong password"
"2026-05-25T11:47:51.769Z","GOOGLE_LOGIN","K. D. Gupta","kdguptadbr@gmail.com","","Role:Member  Status:Approved","","SUCCESS"
"2026-05-25T11:47:58.214Z","GOOGLE_LOGIN","K. D. Gupta","kdguptadbr@gmail.com","","Role:Member  Status:Approved","","SUCCESS"
"2026-05-25T11:52:15.788Z","POST_BIZ","K. D. Gupta","kdguptadbr@gmail.com","","K D GUPTA | DABRA GWALIOR","","SUCCESS"
"2026-05-25T12:17:04.994Z","GOOGLE_SIGNUP","Meena Suhane","meenasuhane13@gmail.com","","New user — profile completion required","","PENDING"
"2026-05-25T12:18:16.176Z","GOOGLE_SIGNUP","Meena Suhane","meenasuhane13@gmail.com","","New user — profile completion required","","PENDING"
"2026-05-25T12:18:21.787Z","GOOGLE_SIGNUP","Meena Suhane","meenasuhane13@gmail.com","","New user — profile completion required","","PENDING"
"2026-05-25T12:18:47.310Z","GOOGLE_SIGNUP","Meena Suhane","meenasuhane13@gmail.com","","New user — profile completion required","","PENDING"
"2026-05-25T12:18:58.608Z","GOOGLE_SIGNUP","Meena Suhane","meenasuhane13@gmail.com","","New user — profile completion required","","PENDING"
"2026-05-25T12:19:55.216Z","REGISTER","Meena Suhane","meenasuhane13@gmail.com","meenasuhane13@gmail.com","City:Noida  Akna:सुहाने  Mobile:9236083581","","SUCCESS (Auto-Approved)"
"2026-05-25T12:20:01.079Z","GOOGLE_LOGIN","Meena Suhane","meenasuhane13@gmail.com","","Role:Member  Status:Approved","","SUCCESS"
"2026-05-25T12:23:38.409Z","LOGIN","Gyanendra Kumar Rawat","gyan_man@rediffmail.com","","","","FAILED: Wrong password"
"2026-05-25T13:03:29.051Z","MAT_SUBMIT","Mukesh Gupta","jyotimukesh013@gmail.com","Garima Gupta","Female | Bangluru | BCA","","SUCCESS"
"2026-05-25T17:49:04.212Z","GOOGLE_LOGIN","Arpit Gupta","arpitgupta02200@gmail.com","","Role:Member  Status:Approved","","SUCCESS"
"2026-05-26T09:13:14.603Z","FORGOT_PASSWORD","NITESH GUPTA","nitesh.acn@gmail.com","nitesh.acn@gmail.com","","","SUCCESS"
"2026-05-26T09:16:01.313Z","GOOGLE_LOGIN","NITESH GUPTA","nitesh.acn@gmail.com","","Role:Member  Status:Approved","","SUCCESS"
"2026-05-26T10:57:16.802Z","LOGIN","Swarnim Gupta","skmech68@gmail.com","","","","FAILED: Wrong password"
"2026-05-26T11:02:02.668Z","EDIT_PROFILE","Swarnim Gupta","skmech68@gmail.com","skmech68@gmail.com","Name: Swarnim Gupta → Sanjay Kumar Gupta | Profession: — → Software Engineer | Address: — → A-833 Rudra Sangam Apartment | Pincode: — → 211019 | Birthday: — → 01-17","","SUCCESS"
"2026-05-26T11:06:04.275Z","EDIT_PROFILE","Sanjay Kumar Gupta","skmech68@gmail.com","skmech68@gmail.com","Name: Sanjay Kumar Gupta → Swarnim Gupta","","SUCCESS"
"2026-05-27T04:58:58.029Z","GOOGLE_SIGNUP","Anil neekhra Kuthond","anilneekhara1@gmail.com","","New user — profile completion required","","PENDING"
"2026-05-27T07:41:39.907Z","LOGIN","Rakesh Rawat","rakeshmarkfed@gmail.com","","","","FAILED: Wrong password"
"2026-05-27T07:47:33.573Z","EDIT_PROFILE","Rakesh Rawat","rakeshmarkfed@gmail.com","rakeshmarkfed@gmail.com","Profession: — → RTD.Govt officer | Designation: — → Senior manager | Address: — → I_302 Janki Apartment  Near d.mart kolar road | Marital: Unmarried → Married | Blood: — → A+ | Birthday: — → 06-06 | Anniversary: — → 05-18","","SUCCESS"
"2026-05-27T17:57:36.201Z","MAT_ACTIVATE","Gaurav Reja","gaurav.reja@gmail.com","m1779476804028","Reactivated on Gold till 2027-05-27","","SUCCESS"
"2026-05-27T18:12:28.930Z","MAT_TIER_SET","Gaurav Reja","dendthdel@gmail.com","m1779620525477","Tier set to Platinum","","SUCCESS"
"2026-05-28T01:42:13.174Z","GOOGLE_SIGNUP","Manoj Gupta","manojguptagwalior474003@gmail.com","","New user — profile completion required","","PENDING"
"2026-05-28T07:40:26.489Z","GOOGLE_LOGIN","Saurabh kharya","saurabh.court@gmail.com","","Role:Member  Status:Approved","","SUCCESS"
"2026-05-28T07:47:40.411Z","POST_OFFER","Gaurav Reja","dendthdel@gmail.com","","Posted offer: Insurance at Best Discount","","SUCCESS"
"2026-05-28T07:50:43.970Z","MAT_TIER_SET","Gaurav Reja","dendthdel@gmail.com","m1779620525477","Tier set to Platinum","","SUCCESS"
"2026-05-29T06:03:54.183Z","LOGIN","Varun Gupta","VARUN252405@GMAIL.COM","","","","FAILED: Wrong password"
"2026-05-29T06:04:06.549Z","FORGOT_PASSWORD","Varun Gupta","VARUN252405@GMAIL.COM","VARUN252405@GMAIL.COM","","","SUCCESS"
"2026-05-29T07:40:28.870Z","MAT_ACTIVATE","Gaurav Reja","dendthdel@gmail.com","m1779476804028","Reactivated on Gold till 2027-05-29","","SUCCESS"
"2026-05-29T07:41:08.486Z","MAT_TIER_SET","Gaurav Reja","dendthdel@gmail.com","m1779476804028","Tier set to Platinum","","SUCCESS"
"2026-05-29T07:41:25.763Z","MAT_TIER_SET","Gaurav Reja","dendthdel@gmail.com","m1779476804028","Tier set to Diamond","","SUCCESS"
"2026-05-29T07:42:23.025Z","MAT_STATUS","Gaurav Reja","dendthdel@gmail.com","m1779476804028","Set status: Inactive","","SUCCESS"
"2026-05-30T13:50:16.011Z","MAT_SUBMIT","Mohan Rusia","mohanrusia63yu@gmail.com","Safal Rusia","Male | Mahoba | B tech","","SUCCESS"
"2026-05-31T04:25:49.777Z","POST_SPACE","Gaurav Reja","dendthdel@gmail.com","","Jai Ganesh","","SUCCESS"
"2026-05-31T04:26:33.355Z","POST_SPACE","Gaurav Reja","dendthdel@gmail.com","","sdasdasdasdasdasdasd","","SUCCESS"
"2026-05-31T04:32:51.350Z","MAT_SUBMIT","Ashutosh Reja","ashutoshgupta9813@gmail.com","Rishabh Gupta","Male | Virindavan UP | BA","","SUCCESS"
"2026-05-31T04:34:42.863Z","EDIT_PROFILE","Ashutosh Reja","ashutoshgupta9813@gmail.com","ashutoshgupta9813@gmail.com","Blood: — → AB+","","SUCCESS"
"2026-05-31T04:35:55.777Z","EDIT_PROFILE","Ashutosh Reja","ashutoshgupta9813@gmail.com","ashutoshgupta9813@gmail.com","Photo: updated","","SUCCESS"
"2026-05-31T04:55:37.157Z","POST_SPACE","Gaurav Reja","dendthdel@gmail.com","","jai ganesh","","SUCCESS"
"2026-05-31T04:56:07.697Z","DELETE_SPACE_POST","Gaurav Reja","dendthdel@gmail.com","","Jai Ganesh","","SUCCESS"
"2026-05-31T04:56:09.971Z","DELETE_SPACE_POST","Gaurav Reja","dendthdel@gmail.com","","sdasdasdasdasdasdasd","","SUCCESS"
"2026-05-31T05:54:06.095Z","POST_SPACE","Gaurav Reja","gaurav.reja@gmail.com","","https://jaigahoi.in/s?type=mat&id=m1779620525477","","SUCCESS"
"2026-05-31T06:06:11.806Z","DELETE_SPACE_POST","Gaurav Reja","gaurav.reja@gmail.com","","https://jaigahoi.in/s?type=mat&id=m1779620525477","","SUCCESS"
"2026-05-31T17:05:12.433Z","LOGIN","OmPrakash Gupta","opgupta_59@rediffmail.com","","","","FAILED: Wrong password"
"2026-05-31T17:05:25.128Z","LOGIN","OmPrakash Gupta","opgupta_59@rediffmail.com","","","","FAILED: Wrong password"
"2026-05-31T17:05:44.100Z","LOGIN","OmPrakash Gupta","opgupta_59@rediffmail.com","","","","FAILED: Wrong password"
"2026-05-31T17:07:28.782Z","LOGIN","OmPrakash Gupta","opgupta_59@rediffmail.com","","","","FAILED: Wrong password"
"2026-06-01T01:37:59.478Z","CHANGE_PASSWORD","Rajendra Raj Suhane","rrajsuhanektn@gmail.com","rrajsuhanektn@gmail.com","","","SUCCESS"
"2026-06-01T09:53:06.691Z","EDIT_PROFILE","Ayush Gupta","ayushguptacs@gmail.com","ayushguptacs@gmail.com","Photo: updated","","SUCCESS"
"2026-06-01T10:03:54.625Z","EDIT_PROFILE","Muskaan Gupta","guptamuskan30420@gmail.com","guptamuskan30420@gmail.com","Profession: — → Engineer | Designation: — → Software Developer | Birthday: — → 05-01","","SUCCESS"
"2026-06-01T10:15:27.751Z","POST_SPACE_COMMENT","Gaurav Rawat","gauravrawat987@gmail.com","","Jai mahakal","","SUCCESS"
"2026-06-01T10:17:55.452Z","POST_SPACE_COMMENT","Gaurav Rawat","gauravrawat987@gmail.com","","Jai ganesh maharaj","","SUCCESS"
"2026-06-01T10:23:00.198Z","DELETE_MAGAZINE","Gaurav Reja","dendthdel@gmail.com","","Gahoi Darpan","","SUCCESS"
"2026-06-01T17:31:52.827Z","GOOGLE_LOGIN","Arpit Gupta","arpitgupta02200@gmail.com","","Role:Member  Status:Approved","","SUCCESS"
"2026-06-02T09:16:03.092Z","LOGIN","Madhur Gupta","9.madhur@gmail.com","","","","FAILED: Wrong password"
"2026-06-02T09:16:22.707Z","GOOGLE_LOGIN","Madhur Gupta","9.madhur@gmail.com","","Role:Member  Status:Approved","","SUCCESS"
"2026-06-02T09:20:04.365Z","LOGIN","Neeraj Gupta","Neeraj.gupta07@yahoo.co.in","","","","FAILED: Wrong password"
"2026-06-02T09:20:33.196Z","FORGOT_PASSWORD","Neeraj Gupta","Neeraj.gupta07@yahoo.co.in","Neeraj.gupta07@yahoo.co.in","","","SUCCESS"
"2026-06-02T09:26:26.933Z","GOOGLE_LOGIN","Sunil Soni","sunilsoni30@gmail.com","","Role:Member  Status:Approved","","SUCCESS"
"2026-06-02T09:39:09.912Z","LOGIN","Dr.Dheeraj kumar Gupta","dkgupta0051@gmail.com","","","","FAILED: Wrong password"
"2026-06-02T09:39:18.176Z","LOGIN","Dr.Dheeraj kumar Gupta","dkgupta0051@gmail.com","","","","FAILED: Wrong password"
"2026-06-02T09:39:28.315Z","EDIT_PROFILE","Sunil Soni","sunilsoni30@gmail.com","sunilsoni30@gmail.com","Photo: updated","","SUCCESS"
"2026-06-02T11:32:43.503Z","GOOGLE_LOGIN","Swati Gupta(चऊदा)","dswatigupta02@gmail.com","","Role:Member  Status:Approved","","SUCCESS"
"2026-06-03T12:12:19.245Z","LOGIN","Gopal","sendtogopal@gmail.com","","","","FAILED: Wrong password"
"2026-06-03T12:15:19.691Z","GOOGLE_LOGIN","Gopal","sendtogopal@gmail.com","","Role:Member  Status:Approved","","SUCCESS"
"2026-06-04T12:54:51.380Z","EDIT_PROFILE","SHAILESH KUMAR GUPTA","guptashailesh1@gmail.com","guptashailesh1@gmail.com","Profession: — → Business | Designation: — → Director | Address: — → C-1/610, Earthcon Sanskriti Apartment, Noida Extension | Pincode: — → 201306 | Marital: Unmarried → Married | Spouse: — → KIRTI GUPTA | Blood: — → AB+ | Birthday: — → 12-28 | Anniversary: — → 04-16","","SUCCESS"
"2026-06-04T12:56:33.836Z","EDIT_PROFILE","SHAILESH KUMAR GUPTA","guptashailesh1@gmail.com","guptashailesh1@gmail.com","No changes detected","","SUCCESS"
"2026-06-04T12:57:23.722Z","CHANGE_PASSWORD","SHAILESH KUMAR GUPTA","guptashailesh1@gmail.com","guptashailesh1@gmail.com","","","SUCCESS"
"2026-06-04T16:40:41.430Z","FORGOT_PASSWORD","Shubham Gupta","sbmgt1502@gmail.com","sbmgt1502@gmail.com","","","SUCCESS"
"2026-06-05T10:51:49.024Z","GOOGLE_LOGIN","Shubham Gupta","sbmgt1502@gmail.com","","Role:Member  Status:Approved","","SUCCESS"
"2026-06-05T10:57:04.669Z","EDIT_PROFILE","Shubham Gupta","sbmgt1502@gmail.com","sbmgt1502@gmail.com","Profession: — → Teaching | Designation: — → Lecturer | Address: — → Moti Nagar Raipur | Pincode: — → 492001 | Birthday: — → 11-03 | Photo: updated","","SUCCESS"
"2026-06-05T10:57:31.898Z","EDIT_PROFILE","Shubham Gupta","sbmgt1502@gmail.com","sbmgt1502@gmail.com","Birthday: 11-03 → 03-11","","SUCCESS"
"2026-06-05T11:07:13.529Z","GOOGLE_LOGIN","Shubham Gupta","sbmgt1502@gmail.com","","Role:Member  Status:Approved","","SUCCESS"
"2026-06-05T11:39:26.492Z","GOOGLE_SIGNUP","à¤à¤¿à¤¤à¥à¤¨à¥à¤¦à¥à¤° à¤à¥à¤¡à¤¼à¤¾ JK","jkgupta452@gmail.com","","New user — profile completion required","","PENDING"
"2026-06-05T11:43:53.158Z","REGISTER","Jitendra Kumar Gupta (gera)","jkgupta452@gmail.com","jkgupta452@gmail.com","City:Jalaun  Akna:गेडा  Mobile:7607862121","","SUCCESS (Auto-Approved)"
"2026-06-05T11:43:57.105Z","GOOGLE_LOGIN","Jitendra Kumar Gupta (gera)","jkgupta452@gmail.com","","Role:Member  Status:Approved","","SUCCESS"
"2026-06-05T13:21:26.127Z","GOOGLE_LOGIN","Shubham Gupta","sbmgt1502@gmail.com","","Role:Member  Status:Approved","","SUCCESS"
"2026-06-05T15:45:34.577Z","FORGOT_PASSWORD","Dr. KARUNESH CHANDRA GUPTA","dr.karuneshgahoi@gmail.com","dr.karuneshgahoi@gmail.com","","","SUCCESS"
"2026-06-06T01:17:00.647Z","LOGIN","CA Gaurav Dengre","cagauravdengre@gmail.com","","","","FAILED: Wrong password"
"2026-06-06T05:09:37.117Z","EDIT_PROFILE","CA Gaurav Dengre","cagauravdengre@gmail.com","cagauravdengre@gmail.com","Blood: — → O+ | Photo: updated","","SUCCESS"
"2026-06-06T08:40:55.081Z","BULK_INVITE_RUN","System","auto","","Processed=15 Failed=0","","SUCCESS"
"2026-06-06T10:57:09.135Z","GOOGLE_LOGIN","Shipra Gupta","shiprasanjay786@gmail.com","","Role:Member  Status:Approved","","SUCCESS"
"2026-06-06T11:03:48.870Z","EDIT_PROFILE","Shipra Gupta","shiprasanjay786@gmail.com","shiprasanjay786@gmail.com","Address: — → South malaka azad nagar | Pincode: — → 211003 | Marital: Unmarried → Married | Spouse: — → Mr. Sanjay Kumar Gupta | Birthday: — → 03-18 | Anniversary: — → 11-18","","SUCCESS"
"2026-06-06T14:29:26.492Z","EDIT_PROFILE","Dr. Anuj Gupta","rajanigupta91656@gmail.com","rajanigupta91656@gmail.com","Profession: — → Doctor | Designation: — → MBBS | Address: — → Ward no. 18 sarvodaya nagar, Near vankhandeshwar mandir | Pincode: — → 477001 | Birthday: — → 10-04","","SUCCESS"
"2026-06-07T02:20:25.218Z","LOGIN","Neha Gupta","gupta.neha256@gmail.com","","","","FAILED: Wrong password"
"2026-06-07T02:20:38.012Z","LOGIN","Neha Gupta","gupta.neha256@gmail.com","","","","FAILED: Wrong password"
"2026-06-07T02:24:33.214Z","EDIT_PROFILE","Neha Gupta","gupta.neha256@gmail.com","gupta.neha256@gmail.com","Mobile: 9989393987 → 9893939879 | Profession: — → House wife | Address: — → F3 1208 Centurian Park Terrace Homes | Pincode: — → 201306 | Marital: Unmarried → Married | Spouse: — → Abhishek Kumar Gupta | Blood: — → O+ | Birthday: — → 11-12 | Anniversary: — → 06-29","","SUCCESS"
"2026-06-07T02:56:09.056Z","BULK_INVITE_RUN","System","auto","","Processed=15 Failed=0","","SUCCESS"
"2026-06-07T05:43:15.573Z","GOOGLE_LOGIN","Anuj Viswari","Viswari@gmail.com","","Role:Member  Status:Approved","","SUCCESS"
"2026-06-07T05:44:03.832Z","GOOGLE_LOGIN","Anuj Viswari","Viswari@gmail.com","","Role:Member  Status:Approved","","SUCCESS"
"2026-06-07T12:48:58.888Z","GOOGLE_LOGIN","Chirag Reja","chiragguptame4@gmail.com","","Role:Member  Status:Approved","","SUCCESS"
"2026-06-07T13:13:35.013Z","GOOGLE_LOGIN","Saurabh kharya","saurabh.court@gmail.com","","Role:Member  Status:Approved","","SUCCESS"
"2026-06-07T17:42:23.038Z","GOOGLE_LOGIN","Anmol Gupta","anmol.gupta1986@gmail.com","","Role:Member  Status:Approved","","SUCCESS"
"2026-06-07T17:42:51.634Z","GOOGLE_LOGIN","Anmol Gupta","anmol.gupta1986@gmail.com","","Role:Member  Status:Approved","","SUCCESS"
"2026-06-08T02:24:36.524Z","SET_MAHASABHA_ROLE","Gaurav Reja","dendthdel@gmail.com","Dr. KARUNESH CHANDRA GUPTA <dr.karuneshgahoi@gmail.com>","MahasabhaPrint: Granted","","SUCCESS"
"2026-06-08T02:25:01.730Z","SET_MAHASABHA_ROLE","Gaurav Reja","dendthdel@gmail.com","Surendra Kumar Kharya <surendrakharya@hotmail.com>","MahasabhaPrint: Granted","","SUCCESS"
"2026-06-08T02:25:21.699Z","SET_MAHASABHA_ROLE","Gaurav Reja","dendthdel@gmail.com","Anuj Viswari <Viswari@gmail.com>","MahasabhaPrint: Granted","","SUCCESS"
"2026-06-08T02:25:51.758Z","SET_MAHASABHA_ROLE","Gaurav Reja","dendthdel@gmail.com","Dheeraj Gupta(चऊदा) <mdheerajgupta@gmail.com>","MahasabhaPrint: Granted","","SUCCESS"
"2026-06-08T02:26:29.754Z","SET_MAHASABHA_ROLE","Gaurav Reja","dendthdel@gmail.com","Gaurav Rawat <gauravrawat987@gmail.com>","MahasabhaPrint: Granted","","SUCCESS"
"2026-06-08T02:28:35.004Z","SET_MAHASABHA_ROLE","Gaurav Reja","dendthdel@gmail.com","Praveen Bilaiya <praveenmtw@gmail.com>","MahasabhaPrint: Granted","","SUCCESS"
"2026-06-08T02:28:35.129Z","SET_MAHASABHA_ROLE","Gaurav Reja","dendthdel@gmail.com","Praveen Bilaiya <praveenmtw@gmail.com>","MahasabhaPrint: Granted","","SUCCESS"
"2026-06-08T02:56:09.152Z","BULK_INVITE_RUN","System","auto","","Processed=15 Failed=0","","SUCCESS"
"2026-06-08T06:46:20.636Z","MAT_SETTINGS","Gaurav Reja","dendthdel@gmail.com","","Updated tier settings/gateway","","SUCCESS"
"2026-06-08T06:46:23.627Z","MAT_SETTINGS","Gaurav Reja","dendthdel@gmail.com","","Updated tier settings/gateway","","SUCCESS"
"2026-06-08T08:20:01.561Z","MAT_SETTINGS","Gaurav Reja","dendthdel@gmail.com","","Updated tier settings/gateway","","SUCCESS"
"2026-06-08T09:37:12.115Z","EDIT_PROFILE","MANISH SARAWAGI","mgca27@gmail.com","mgca27@gmail.com","Profession: — → lawyer | Address: — → 3599 INDRA NAGAR | Pincode: — → 285001 | Marital: Unmarried → Married | Spouse: — → RINKI GUPTA | Birthday: — → 08-01 | Anniversary: — → 02-24","","SUCCESS"
"2026-06-08T09:55:01.482Z","MAT_SUBMIT","MANISH SARAWAGI","mgca27@gmail.com","SAURABH KUMAR SARAWAGI","Male | BHOPAL | BA AND ITI","","SUCCESS"
"2026-06-08T16:09:28.298Z","GOOGLE_LOGIN","Dhruv more","ramprakashmor12@gmail.com","","Role:Member  Status:Approved","","SUCCESS"
"2026-06-08T18:08:51.380Z","ADMIN_EDIT_MEMBER","Gaurav Reja","dendthdel@gmail.com","ramprakashmor12@gmail.com","Edited: Dhruv Mor | ramprakashmor12@gmail.com","","SUCCESS"
"2026-06-08T18:11:04.644Z","LOGIN","Gaurav Reja","dendthdel@gmail.com","","","","FAILED: Wrong password"
"2026-06-09T01:43:57.202Z","LOGIN","Raj kumar Gupta","rkg311964@gmail.com","","","","FAILED: Wrong password"
"2026-06-09T01:44:10.683Z","LOGIN","Raj kumar Gupta","rkg311964@gmail.com","","","","FAILED: Wrong password"
"2026-06-09T01:44:32.898Z","LOGIN","Raj kumar Gupta","rkg311964@gmail.com","","","","FAILED: Wrong password"
"2026-06-09T01:48:08.078Z","LOGIN","Raj kumar Gupta","rkg311964@gmail.com","","","","FAILED: Wrong password"
"2026-06-09T02:55:49.879Z","BULK_INVITE_RUN","System","auto","","Processed=15 Failed=0","","SUCCESS"
"2026-06-09T05:12:55.236Z","GOOGLE_SIGNUP","Deep Lohiya","deeplohiya786@gmail.com","","New user — profile completion required","","PENDING"
"2026-06-09T05:15:54.436Z","REGISTER","Deep Lohiya","deeplohiya786@gmail.com","deeplohiya786@gmail.com","City:Jeevan Nagar  Akna:Lohiya  Mobile:7503251918","","SUCCESS (Auto-Approved)"
"2026-06-09T05:15:58.365Z","GOOGLE_LOGIN","Deep Lohiya","deeplohiya786@gmail.com","","Role:Member  Status:Approved","","SUCCESS"
"2026-06-09T05:47:06.103Z","POST_BIZ","Deep Lohiya","deeplohiya786@gmail.com","","Moxie Exhibitions Pvt Ltd. | Delhi","","SUCCESS"
"2026-06-09T05:48:30.711Z","EDIT_PROFILE","Deep Lohiya","deeplohiya786@gmail.com","deeplohiya786@gmail.com","Photo: updated","","SUCCESS"
"2026-06-09T05:49:14.129Z","EDIT_PROFILE","Deep Lohiya","deeplohiya786@gmail.com","deeplohiya786@gmail.com","City: Jeevan Nagar → Delhi","","SUCCESS"
"2026-06-09T05:52:42.019Z","ADMIN_EDIT_MEMBER","Gaurav Reja","dendthdel@gmail.com","deeplohiya786@gmail.com","Edited: Deep Lohiya | deeplohiya786@gmail.com","","SUCCESS"
"2026-06-09T06:00:34.553Z","LOGIN","Muskan Gupta","pramodgupta935@gmail.com","","","","FAILED: Wrong password"
"2026-06-09T06:00:40.410Z","MAT_SETTINGS","Gaurav Reja","dendthdel@gmail.com","","Updated tier settings/gateway","","SUCCESS"
"2026-06-09T06:05:14.517Z","LOGIN","Muskan Gupta","pramodgupta935@gmail.com","","","","FAILED: Wrong password"
"2026-06-09T06:17:11.833Z","MAT_SETTINGS","Gaurav Reja","dendthdel@gmail.com","","Updated tier settings/gateway","","SUCCESS"
"2026-06-09T06:17:13.007Z","MAT_SETTINGS","Gaurav Reja","dendthdel@gmail.com","","Updated tier settings/gateway","","SUCCESS"
"2026-06-09T06:17:14.504Z","MAT_SETTINGS","Gaurav Reja","dendthdel@gmail.com","","Updated tier settings/gateway","","SUCCESS"
"2026-06-09T06:17:14.595Z","MAT_SETTINGS","Gaurav Reja","dendthdel@gmail.com","","Updated tier settings/gateway","","SUCCESS"
"2026-06-09T06:17:14.636Z","MAT_SETTINGS","Gaurav Reja","dendthdel@gmail.com","","Updated tier settings/gateway","","SUCCESS"
"2026-06-09T06:17:35.281Z","MAHASABHA_APPLY","Gaurav Reja","dendthdel@gmail.com","Gaurav Reja","Membership form submitted","","SUCCESS"
"2026-06-09T06:17:46.870Z","MAHASABHA_APPROVAL","Gaurav Reja","dendthdel@gmail.com","dendthdel@gmail.com","Decision:Rejected","","SUCCESS"
"2026-06-09T13:04:34.038Z","EDIT_PROFILE","Vikash Gupta","vgupta.210987@gmail.com","vgupta.210987@gmail.com","Profession: — → Business | Designation: — → Owner | Address: — → Ramnagar orai | Pincode: — → 285001 | Birthday: — → 09-03","","SUCCESS"
"2026-06-09T20:38:36.463Z","LOGIN","Gaurav Reja","dendthdel@gmail.com","","","","FAILED: Wrong password"
"2026-06-09T20:39:00.468Z","LOGIN","Gaurav Reja","dendthdel@gmail.com","","","","FAILED: Wrong password"
"2026-06-10T02:54:47.332Z","LOGIN","Muskan Gupta","pramodgupta935@gmail.com","","","","FAILED: Wrong password"
"2026-06-10T02:55:53.990Z","BULK_INVITE_RUN","System","auto","","Processed=15 Failed=0","","SUCCESS"
"2026-06-10T03:08:06.149Z","GOOGLE_SIGNUP","satish gupta","satishgupta520@gmail.com","","New user — profile completion required","","PENDING"
"2026-06-10T03:43:47.329Z","LOGIN","Muskan Gupta","pramodgupta935@gmail.com","","","","FAILED: Wrong password"
"2026-06-10T04:19:27.185Z","LOGIN","Muskan Gupta","pramodgupta935@gmail.com","","","","FAILED: Wrong password"
"2026-06-10T04:47:21.321Z","LOGIN","Muskan Gupta","pramodgupta935@gmail.com","","","","FAILED: Wrong password"
"2026-06-10T04:48:07.530Z","EDIT_PROFILE","Muskan Gupta","pramodgupta935@gmail.com","pramodgupta935@gmail.com","Akna: गंधी → Geda | Photo: updated","","SUCCESS"
"2026-06-10T04:48:24.868Z","LOGIN","Muskan Gupta","pramodgupta935@gmail.com","","","","FAILED: Wrong password"
"2026-06-10T04:48:48.333Z","LOGIN","Muskan Gupta","pramodgupta935@gmail.com","","","","FAILED: Wrong password"
"2026-06-10T04:48:49.661Z","LOGIN","Muskan Gupta","pramodgupta935@gmail.com","","","","FAILED: Wrong password"
"2026-06-10T04:48:51.403Z","LOGIN","Muskan Gupta","pramodgupta935@gmail.com","","","","FAILED: Wrong password"
"2026-06-10T04:50:09.899Z","LOGIN","Muskan Gupta","pramodgupta935@gmail.com","","","","FAILED: Wrong password"
"2026-06-10T04:56:02.248Z","EDIT_PROFILE","Muskan Gupta","pramodgupta935@gmail.com","pramodgupta935@gmail.com","Photo: updated","","SUCCESS"
"2026-06-10T04:56:39.513Z","LOGIN","Muskan Gupta","pramodgupta935@gmail.com","","","","FAILED: Wrong password"
"2026-06-10T04:56:57.202Z","LOGIN","Muskan Gupta","pramodgupta935@gmail.com","","","","FAILED: Wrong password"
"2026-06-10T05:21:44.764Z","LOGIN","Muskan Gupta","pramodgupta935@gmail.com","","","","FAILED: Wrong password"
"2026-06-10T05:22:38.703Z","LOGIN","Muskan Gupta","pramodgupta935@gmail.com","","","","FAILED: Wrong password"
"2026-06-10T06:01:45.196Z","EDIT_PROFILE","Muskan Gupta","pramodgupta935@gmail.com","pramodgupta935@gmail.com","Name: Muskan Gupta → Pramod Gupta | Profession: Scale I officer at Bank of India → Retail Shop | Designation: Manager → Propriter | Address: — → Hoshangabad | Pincode: — → 461001 | Marital: Unmarried → Married | Spouse: — → Sumitra Gupta | Blood: O+ → B+ | Birthday: — → 06-07 | Anniversary: — → 06-05","","SUCCESS"
"2026-06-10T06:03:14.539Z","LOGIN","Pramod Gupta","pramodgupta935@gmail.com","","","","FAILED: Wrong password"
"2026-06-10T06:03:56.669Z","LOGIN","Pramod Gupta","pramodgupta935@gmail.com","","","","FAILED: Wrong password"
"2026-06-10T06:04:28.735Z","LOGIN","Pramod Gupta","pramodgupta935@gmail.com","","","","FAILED: Wrong password"
"2026-06-10T06:04:40.741Z","LOGIN","Pramod Gupta","pramodgupta935@gmail.com","","","","FAILED: Wrong password"
"2026-06-10T06:04:46.540Z","LOGIN","Pramod Gupta","pramodgupta935@gmail.com","","","","FAILED: Wrong password"
"2026-06-10T06:06:54.399Z","LOGIN","Pramod Gupta","pramodgupta935@gmail.com","","","","FAILED: Wrong password"
"2026-06-10T06:07:45.159Z","LOGIN","Gaurav Reja","dendthdel@gmail.com","","","","FAILED: Wrong password"
"2026-06-10T06:08:06.211Z","LOGIN","Pramod Gupta","pramodgupta935@gmail.com","","","","FAILED: Wrong password"
"2026-06-10T06:08:26.266Z","LOGIN","Pramod Gupta","pramodgupta935@gmail.com","","","","FAILED: Wrong password"
"2026-06-10T06:08:52.171Z","LOGIN","Pramod Gupta","pramodgupta935@gmail.com","","","","FAILED: Wrong password"
"2026-06-10T06:09:02.412Z","LOGIN","Pramod Gupta","pramodgupta935@gmail.com","","","","FAILED: Wrong password"
"2026-06-10T06:11:41.507Z","LOGIN","Pramod Gupta","pramodgupta935@gmail.com","","","","FAILED: Wrong password"
"2026-06-10T06:13:16.345Z","LOGIN","Pramod Gupta","pramodgupta935@gmail.com","","","","FAILED: Wrong password"
"2026-06-10T06:13:17.312Z","LOGIN","Pramod Gupta","pramodgupta935@gmail.com","","","","FAILED: Wrong password"
"2026-06-10T06:15:28.632Z","LOGIN","Pramod Gupta","pramodgupta935@gmail.com","","","","FAILED: Wrong password"
"2026-06-10T06:27:43.200Z","EDIT_PROFILE","Pramod Gupta","pramodgupta935@gmail.com","pramodgupta935@gmail.com","Name: Pramod Gupta → Muskan Gupta | Akna: गेडा → Geda | Profession: Retail Shop → Scale I officer at Bank of India | Designation: Propriter → Manager | Address: Hoshangabad → — | Pincode: 461001 → 461668 | Marital: Married → Unmarried | Spouse: Sumitra Gupta → — | Blood: B+ → O+ | Birthday: 06-07 → — | Anniversary: 06-05 → — | Photo: updated","","SUCCESS"
"2026-06-10T06:27:55.682Z","LOGIN","Muskan Gupta","pramodgupta935@gmail.com","","","","FAILED: Wrong password"
"2026-06-10T06:28:06.757Z","LOGIN","Muskan Gupta","pramodgupta935@gmail.com","","","","FAILED: Wrong password"
"2026-06-10T06:28:06.914Z","LOGIN","Muskan Gupta","pramodgupta935@gmail.com","","","","FAILED: Wrong password"
"2026-06-10T06:28:07.392Z","LOGIN","Muskan Gupta","pramodgupta935@gmail.com","","","","FAILED: Wrong password"
"2026-06-10T06:30:17.910Z","EDIT_PROFILE","Muskan Gupta","pramodgupta935@gmail.com","pramodgupta935@gmail.com","Name: Muskan Gupta → Pramod Kumar Gupta","","SUCCESS"
"2026-06-10T06:31:16.731Z","LOGIN","Pramod Kumar Gupta","pramodgupta935@gmail.com","","","","FAILED: Wrong password"
"2026-06-10T06:31:17.614Z","LOGIN","Pramod Kumar Gupta","pramodgupta935@gmail.com","","","","FAILED: Wrong password"
"2026-06-10T06:31:25.120Z","LOGIN","Pramod Kumar Gupta","pramodgupta935@gmail.com","","","","FAILED: Wrong password"
"2026-06-10T06:33:34.523Z","EDIT_PROFILE","Pramod Kumar Gupta","pramodgupta935@gmail.com","pramodgupta935@gmail.com","Photo: updated","","SUCCESS"
"2026-06-10T06:34:18.154Z","LOGIN","Pramod Kumar Gupta","pramodgupta935@gmail.com","","","","FAILED: Wrong password"
"2026-06-10T06:34:20.383Z","LOGIN","Pramod Kumar Gupta","pramodgupta935@gmail.com","","","","FAILED: Wrong password"
"2026-06-10T06:34:52.547Z","LOGIN","Pramod Kumar Gupta","pramodgupta935@gmail.com","","","","FAILED: Wrong password"
"2026-06-10T06:35:56.696Z","EDIT_PROFILE","Pramod Kumar Gupta","pramodgupta935@gmail.com","pramodgupta935@gmail.com","Profession: Scale I officer at Bank of India → Retail shop | Designation: Manager → प्रोपराइटर | Blood: O+ → B+","","SUCCESS"
"2026-06-10T06:36:27.517Z","EDIT_PROFILE","Pramod Kumar Gupta","pramodgupta935@gmail.com","pramodgupta935@gmail.com","No changes detected","","SUCCESS"
"2026-06-10T06:36:36.741Z","LOGIN","Pramod Kumar Gupta","pramodgupta935@gmail.com","","","","FAILED: Wrong password"
"2026-06-10T06:37:02.638Z","LOGIN","Pramod Kumar Gupta","pramodgupta935@gmail.com","","","","FAILED: Wrong password"
"2026-06-10T06:37:16.281Z","LOGIN","Pramod Kumar Gupta","pramodgupta935@gmail.com","","","","FAILED: Wrong password"
"2026-06-10T06:40:42.963Z","LOGIN","Pramod Kumar Gupta","pramodgupta935@gmail.com","","","","FAILED: Wrong password"
"2026-06-10T06:42:57.508Z","LOGIN","Pramod Kumar Gupta","pramodgupta935@gmail.com","","","","FAILED: Wrong password"
"2026-06-10T06:44:02.351Z","EDIT_PROFILE","Pramod Kumar Gupta","pramodgupta935@gmail.com","pramodgupta935@gmail.com","Address: — → Semri harchand Narndapuram MP | Marital: Unmarried → Married | Spouse: — → Smt Sumitra","","SUCCESS"
"2026-06-10T06:59:46.694Z","LOGIN","Pramod Kumar Gupta","pramodgupta935@gmail.com","","","","FAILED: Wrong password"
"2026-06-10T06:59:55.594Z","LOGIN","Pramod Kumar Gupta","pramodgupta935@gmail.com","","","","FAILED: Wrong password"
"2026-06-10T07:00:03.553Z","LOGIN","Pramod Kumar Gupta","pramodgupta935@gmail.com","","","","FAILED: Wrong password"
"2026-06-10T07:00:04.609Z","LOGIN","Pramod Kumar Gupta","pramodgupta935@gmail.com","","","","FAILED: Wrong password"
"2026-06-10T07:00:05.716Z","LOGIN","Pramod Kumar Gupta","pramodgupta935@gmail.com","","","","FAILED: Wrong password"
"2026-06-10T07:20:43.269Z","MAHASABHA_APPLY","Gaurav Reja","dendthdel@gmail.com","Gaurav Reja","Membership form submitted to MahasabhaMembers","","SUCCESS"
"2026-06-10T07:21:09.469Z","LOGIN","Gaurav Reja","dendthdel@gmail.com","","","","FAILED: Wrong password"
"2026-06-10T07:21:41.357Z","MAHASABHA_APPROVAL","Gaurav Reja","dendthdel@gmail.com","dendthdel@gmail.com","Action:Approved","","SUCCESS"
"2026-06-10T07:21:51.284Z","MAHASABHA_APPROVAL","Gaurav Reja","dendthdel@gmail.com","dendthdel@gmail.com","Action:update","","SUCCESS"
"2026-06-10T07:21:53.104Z","MAHASABHA_APPROVAL","Gaurav Reja","dendthdel@gmail.com","dendthdel@gmail.com","Action:update","","SUCCESS"
"2026-06-10T07:22:02.374Z","MAHASABHA_APPROVAL","Gaurav Reja","dendthdel@gmail.com","dendthdel@gmail.com","Action:update","","SUCCESS"
"2026-06-10T07:22:15.913Z","MAHASABHA_APPROVAL","Gaurav Reja","dendthdel@gmail.com","dendthdel@gmail.com","Action:update","","SUCCESS"
"2026-06-10T07:22:25.176Z","MAHASABHA_APPROVAL","Gaurav Reja","dendthdel@gmail.com","dendthdel@gmail.com","Action:update","","SUCCESS"
"2026-06-10T07:22:35.271Z","MAHASABHA_APPROVAL","Gaurav Reja","dendthdel@gmail.com","dendthdel@gmail.com","Action:update","","SUCCESS"
"2026-06-10T08:41:58.649Z","DELETE_SPACE_POST","Gaurav Reja","dendthdel@gmail.com","","Jai Ganesh","","SUCCESS"
"2026-06-10T09:36:21.953Z","LOGIN","Pramod Kumar Gupta","pramodgupta935@gmail.com","","","","FAILED: Wrong password"
"2026-06-10T09:37:39.098Z","LOGIN","Pramod Kumar Gupta","pramodgupta935@gmail.com","","","","FAILED: Wrong password"
"2026-06-10T09:38:43.692Z","LOGIN","Pramod Kumar Gupta","pramodgupta935@gmail.com","","","","FAILED: Wrong password"
"2026-06-10T09:38:59.424Z","LOGIN","Pramod Kumar Gupta","pramodgupta935@gmail.com","","","","FAILED: Wrong password"
"2026-06-10T09:49:17.115Z","GOOGLE_SIGNUP","Manoj Gupta","mg.manoj009@gmail.com","","New user — profile completion required","","PENDING"
"2026-06-10T09:53:37.799Z","REGISTER","Manoj Baderiya","mg.manoj009@gmail.com","mg.manoj009@gmail.com","City:Jhansi  Akna:बड़ेरिया  Mobile:9454986864","","SUCCESS (Auto-Approved)"
"2026-06-10T09:53:41.758Z","GOOGLE_LOGIN","Manoj Baderiya","mg.manoj009@gmail.com","","Role:Member  Status:Approved","","SUCCESS"
"2026-06-10T10:23:23.640Z","MAT_SUBMIT","Manoj Baderiya","mg.manoj009@gmail.com","Chetan Gupta","Male | Bangalore | B.Tech.","","SUCCESS"
"2026-06-10T10:28:50.597Z","GOOGLE_SIGNUP","G L gupta","ganeshilalgupta65@gmail.com","","New user — profile completion required","","PENDING"
"2026-06-10T10:34:22.343Z","REGISTER","GANESHI LAL Baderiya","ganeshilalgupta65@gmail.com","ganeshilalgupta65@gmail.com","City:Shivpuri  Akna:Baderiya  Mobile:9425765955","","SUCCESS (Auto-Approved)"
"2026-06-10T10:34:26.479Z","GOOGLE_LOGIN","GANESHI LAL Baderiya","ganeshilalgupta65@gmail.com","","Role:Member  Status:Approved","","SUCCESS"
"2026-06-10T10:36:44.732Z","LOGIN","Pramod Kumar Gupta","pramodgupta935@gmail.com","","","","FAILED: Wrong password"
"2026-06-10T10:39:46.994Z","LOGIN","Pramod Kumar Gupta","pramodgupta935@gmail.com","","","","FAILED: Wrong password"
"2026-06-10T10:40:31.318Z","EDIT_PROFILE","Pramod Kumar Gupta","pramodgupta935@gmail.com","pramodgupta935@gmail.com","Birthday: — → 06-07 | Anniversary: — → 06-05","","SUCCESS"
"2026-06-10T10:41:21.329Z","ADMIN_EDIT_MEMBER","Gaurav Reja","dendthdel@gmail.com","ganeshilalgupta65@gmail.com","Edited: GANESHI LAL Baderiya | ganeshilalgupta65@gmail.com","","SUCCESS"
"2026-06-10T11:02:10.843Z","EDIT_PROFILE","Manoj Baderiya","mg.manoj009@gmail.com","mg.manoj009@gmail.com","Name: Manoj Baderiya → Manoj Baderiya, Ex President Jhansi Thok Vastra Vyapar Mandal | Anniversary: — → 05-22","","SUCCESS"
"2026-06-10T11:04:31.125Z","EDIT_PROFILE","Manoj Baderiya, Ex President Jhansi Thok Vastra Vyapar Mandal","mg.manoj009@gmail.com","mg.manoj009@gmail.com","Name: Manoj Baderiya, Ex President Jhansi Thok Vastra Vyapar Mandal → Manoj Baderiya | Designation: Owner → Ex. President Jhansi Thok Vastra Vyapar Mandal","","SUCCESS"
"2026-06-10T11:45:29.272Z","LOGIN","Pramod Kumar Gupta","pramodgupta935@gmail.com","","","","FAILED: Wrong password"
"2026-06-10T11:46:19.003Z","LOGIN","Pramod Kumar Gupta","pramodgupta935@gmail.com","","","","FAILED: Wrong password"
"2026-06-10T11:46:50.909Z","LOGIN","Pramod Kumar Gupta","pramodgupta935@gmail.com","","","","FAILED: Wrong password"
"2026-06-10T12:25:24.726Z","EDIT_PROFILE","Manoj Baderiya","mg.manoj009@gmail.com","mg.manoj009@gmail.com","Birthday: 07-07 → 03-05","","SUCCESS"
"2026-06-10T12:25:57.679Z","EDIT_PROFILE","Manoj Baderiya","mg.manoj009@gmail.com","mg.manoj009@gmail.com","Birthday: 03-05 → 05-03","","SUCCESS"
"2026-06-10T12:38:59.797Z","EDIT_PROFILE","Manoj Baderiya","mg.manoj009@gmail.com","mg.manoj009@gmail.com","Photo: updated","","SUCCESS"
"2026-06-10T13:42:12.045Z","LOGIN","Ayush chhawal","ayushchhawla817@gmail.com","","","","FAILED: Wrong password"
"2026-06-10T13:42:39.268Z","FORGOT_PASSWORD","Ayush chhawal","ayushchhawla817@gmail.com","ayushchhawla817@gmail.com","","","SUCCESS"
"2026-06-10T15:17:20.755Z","LOGIN","Pramod Kumar Gupta","pramodgupta935@gmail.com","","","","FAILED: Wrong password"
"2026-06-10T15:23:12.032Z","LOGIN","Pramod Kumar Gupta","pramodgupta935@gmail.com","","","","FAILED: Wrong password"
"2026-06-10T15:34:51.637Z","LOGIN","Pramod Kumar Gupta","pramodgupta935@gmail.com","","","","FAILED: Wrong password"
"2026-06-10T15:37:12.717Z","EDIT_PROFILE","Pramod Kumar Gupta","pramodgupta935@gmail.com","pramodgupta935@gmail.com","Address: Semri harchand Narndapuram MP → Semri harchand Narmdapuram MP","","SUCCESS"
"2026-06-10T15:39:55.537Z","LOGIN","Pramod Kumar Gupta","pramodgupta935@gmail.com","","","","FAILED: Wrong password"
"2026-06-10T15:39:55.719Z","LOGIN","Pramod Kumar Gupta","pramodgupta935@gmail.com","","","","FAILED: Wrong password"
"2026-06-10T15:40:14.205Z","LOGIN","Pramod Kumar Gupta","pramodgupta935@gmail.com","","","","FAILED: Wrong password"
"2026-06-10T15:41:05.781Z","LOGIN","Pramod Kumar Gupta","pramodgupta935@gmail.com","","","","FAILED: Wrong password"
"2026-06-10T15:41:19.532Z","LOGIN","Pramod Kumar Gupta","pramodgupta935@gmail.com","","","","FAILED: Wrong password"
"2026-06-10T15:43:05.260Z","LOGIN","Pramod Kumar Gupta","pramodgupta935@gmail.com","","","","FAILED: Wrong password"
"2026-06-10T15:43:10.225Z","LOGIN","Pramod Kumar Gupta","pramodgupta935@gmail.com","","","","FAILED: Wrong password"
"2026-06-11T02:55:52.114Z","BULK_INVITE_RUN","System","auto","","Processed=15 Failed=0","","SUCCESS"
"2026-06-11T12:06:17.144Z","MAHASABHA_APPLY","Gaurav Reja","dendthdel@gmail.com","Gaurav Reja","Membership form submitted to MahasabhaMembers","","SUCCESS"
"2026-06-11T12:06:27.128Z","MAHASABHA_APPROVAL","Gaurav Reja","dendthdel@gmail.com","dendthdel@gmail.com","Action:Approved","","SUCCESS"
"2026-06-11T12:06:31.265Z","MAHASABHA_APPROVAL","Gaurav Reja","dendthdel@gmail.com","dendthdel@gmail.com","Action:Approved","","SUCCESS"
"2026-06-11T12:07:11.436Z","MAHASABHA_APPROVAL","Gaurav Reja","dendthdel@gmail.com","dendthdel@gmail.com","Action:update","","SUCCESS"
"2026-06-11T12:07:13.086Z","MAHASABHA_APPROVAL","Gaurav Reja","dendthdel@gmail.com","dendthdel@gmail.com","Action:update","","SUCCESS"
"2026-06-11T12:07:23.311Z","MAHASABHA_APPROVAL","Gaurav Reja","dendthdel@gmail.com","dendthdel@gmail.com","Action:update","","SUCCESS"
"2026-06-11T12:07:43.733Z","MAHASABHA_APPROVAL","Gaurav Reja","dendthdel@gmail.com","dendthdel@gmail.com","Action:update","","SUCCESS"
"2026-06-11T12:08:03.387Z","MAHASABHA_APPROVAL","Gaurav Reja","dendthdel@gmail.com","dendthdel@gmail.com","Action:update","","SUCCESS"
"2026-06-11T12:08:05.930Z","MAHASABHA_APPROVAL","Gaurav Reja","dendthdel@gmail.com","dendthdel@gmail.com","Action:update","","SUCCESS"
"2026-06-11T12:53:30.690Z","GOOGLE_SIGNUP","Vimal Gupta","vimalg531@gmail.com","","New user — profile completion required","","PENDING"
"2026-06-11T13:42:41.540Z","MAHASABHA_APPLY","Gaurav Reja","dendthdel@gmail.com","Gaurav Reja","Membership form submitted to MahasabhaMembers","","SUCCESS"
"2026-06-11T13:43:11.008Z","MAHASABHA_APPROVAL","Gaurav Reja","dendthdel@gmail.com","dendthdel@gmail.com","Action:Approved","","SUCCESS"
"2026-06-11T13:43:38.548Z","MAHASABHA_APPROVAL","Gaurav Reja","dendthdel@gmail.com","dendthdel@gmail.com","Action:update","","SUCCESS"
"2026-06-11T13:43:50.918Z","MAHASABHA_APPROVAL","Gaurav Reja","dendthdel@gmail.com","dendthdel@gmail.com","Action:update","","SUCCESS"
"2026-06-11T13:43:53.173Z","MAHASABHA_APPROVAL","Gaurav Reja","dendthdel@gmail.com","dendthdel@gmail.com","Action:update","","SUCCESS"
"2026-06-11T13:44:06.156Z","MAHASABHA_APPROVAL","Gaurav Reja","dendthdel@gmail.com","dendthdel@gmail.com","Action:update","","SUCCESS"
"2026-06-11T13:44:14.934Z","MAHASABHA_APPROVAL","Gaurav Reja","dendthdel@gmail.com","dendthdel@gmail.com","Action:update","","SUCCESS"
"2026-06-12T02:31:53.942Z","MAHASABHA_APPLY","Gaurav Reja","gaurav.reja@gmail.com","Gaurav Reja","Membership form submitted to MahasabhaMembers","","SUCCESS"
"2026-06-12T02:32:13.493Z","MAHASABHA_APPROVAL","Gaurav Reja","dendthdel@gmail.com","gaurav.reja@gmail.com","Action:Approved","","SUCCESS"
"2026-06-12T02:32:47.218Z","MAHASABHA_APPROVAL","Gaurav Reja","dendthdel@gmail.com","gaurav.reja@gmail.com","Action:update","","SUCCESS"
"2026-06-12T02:32:55.750Z","MAHASABHA_APPROVAL","Gaurav Reja","dendthdel@gmail.com","gaurav.reja@gmail.com","Action:update","","SUCCESS"
"2026-06-12T02:33:05.855Z","MAHASABHA_APPROVAL","Gaurav Reja","dendthdel@gmail.com","gaurav.reja@gmail.com","Action:update","","SUCCESS"
"2026-06-12T02:33:57.783Z","MAHASABHA_APPROVAL","Gaurav Reja","dendthdel@gmail.com","gaurav.reja@gmail.com","Action:update","","SUCCESS"
"2026-06-12T02:55:50.435Z","BULK_INVITE_RUN","System","auto","","Processed=15 Failed=0","","SUCCESS"
"2026-06-12T12:37:24.946Z","MAHASABHA_APPLY","Gaurav Reja","dendthdel@gmail.com","Gaurav Reja","Membership form submitted to MahasabhaMembers","","SUCCESS"
"2026-06-12T12:41:38.039Z","MAHASABHA_APPLY","Gaurav Reja","dendthdel@gmail.com","Gaurav Reja","Membership form submitted to MahasabhaMembers","","SUCCESS"
"2026-06-12T13:46:07.097Z","LOGIN","Pramod Kumar Gupta","pramodgupta935@gmail.com","","","","FAILED: Wrong password"
"2026-06-12T13:48:33.703Z","MAT_SUBMIT","Pramod Kumar Gupta","pramodgupta935@gmail.com","SDAS","Female | ASD | ASDASD","","SUCCESS"
"2026-06-12T13:49:15.337Z","SOFT_DELETE_MAT","Pramod Kumar Gupta","pramodgupta935@gmail.com","","Unmarried","","SUCCESS"
"2026-06-12T14:40:03.421Z","GOOGLE_LOGIN","Saurabh kharya","saurabh.court@gmail.com","","Role:Member  Status:Approved","","SUCCESS"
"2026-06-12T14:46:34.593Z","LOGIN","Pramod Kumar Gupta","pramodgupta935@gmail.com","","","","FAILED: Wrong password"
"2026-06-12T14:48:21.250Z","LOGIN","Pramod Kumar Gupta","pramodgupta935@gmail.com","","","","FAILED: Wrong password"
"2026-06-12T18:25:58.149Z","LOGIN","Gaurav Reja","dendthdel@gmail.com","","","","FAILED: Wrong password"
"2026-06-12T18:27:27.285Z","LOGIN","Gaurav Reja","dendthdel@gmail.com","","","","FAILED: Wrong password"
"2026-06-13T02:55:50.782Z","BULK_INVITE_RUN","System","auto","","Processed=15 Failed=0","","SUCCESS"
"2026-06-13T03:52:23.888Z","LOGIN","Yash","rahendragupta712@gmail.com","","","","FAILED: Wrong password"
"2026-06-13T03:52:52.820Z","GOOGLE_LOGIN","Yash","rahendragupta712@gmail.com","","Role:Member  Status:Pending","","SUCCESS"
"2026-06-13T03:53:06.037Z","LOGIN","Yash","rahendragupta712@gmail.com","","","","FAILED: Wrong password"
"2026-06-13T03:54:26.645Z","GOOGLE_LOGIN","Yash","rahendragupta712@gmail.com","","Role:Member  Status:Pending","","SUCCESS"
"2026-06-13T06:44:58.294Z","GOOGLE_SIGNUP","suryansh Gupta","suryansh.g.125@gmail.com","","New user — profile completion required","","PENDING"
"2026-06-13T06:52:11.908Z","REGISTER","Ghanshyamdas Gupta","suryansh.g.125@gmail.com","suryansh.g.125@gmail.com","City:Gwalior  Akna:विसवारी  Mobile:9039755458","","SUCCESS (Auto-Approved)"
"2026-06-13T06:52:16.154Z","GOOGLE_LOGIN","Ghanshyamdas Gupta","suryansh.g.125@gmail.com","","Role:Member  Status:Approved","","SUCCESS"
"2026-06-13T07:16:08.309Z","GOOGLE_LOGIN","Yash","rahendragupta712@gmail.com","","Role:Member  Status:Approved","","SUCCESS"
"2026-06-13T08:10:52.334Z","EDIT_PROFILE","Rajani Gupta","rajanigupta91656@gmail.com","rajanigupta91656@gmail.com","Blood: — → B+ | Birthday: — → 03-21 | Anniversary: — → 05-17","","SUCCESS"
"2026-06-13T09:50:44.983Z","MAT_SETTINGS","Gaurav Reja","dendthdel@gmail.com","","Updated tier settings/gateway","","SUCCESS"
"2026-06-13T09:51:33.225Z","LOGIN","Gaurav Reja","gaurav.reja@gmail.com","","","","FAILED: Wrong password"
"2026-06-13T09:57:03.915Z","SOFT_DELETE_MAT","Gaurav Reja","gaurav.reja@gmail.com","","Unmarried","","SUCCESS"
"2026-06-13T10:01:53.860Z","MAT_SETTINGS","Gaurav Reja","dendthdel@gmail.com","","Updated tier settings/gateway","","SUCCESS"
"2026-06-13T10:01:53.910Z","MAT_SETTINGS","Gaurav Reja","dendthdel@gmail.com","","Updated tier settings/gateway","","SUCCESS"
"2026-06-13T10:01:55.130Z","MAT_SETTINGS","Gaurav Reja","dendthdel@gmail.com","","Updated tier settings/gateway","","SUCCESS"
"2026-06-13T10:02:18.496Z","MAT_SETTINGS","Gaurav Reja","dendthdel@gmail.com","","Updated tier settings/gateway","","SUCCESS"
"2026-06-13T10:02:40.711Z","MAHASABHA_APPROVAL","Gaurav Reja","dendthdel@gmail.com","dendthdel@gmail.com","Action:Approved","","SUCCESS"
"2026-06-13T11:19:41.268Z","EDIT_PROFILE","Yash","rahendragupta712@gmail.com","rahendragupta712@gmail.com","Profession: — → Software engineer | Address: — → Gwalior jhansi road | Pincode: — → 475110 | Photo: updated","","SUCCESS"
"2026-06-13T14:36:46.465Z","EDIT_PROFILE","Yash","rahendragupta712@gmail.com","rahendragupta712@gmail.com","Designation: — → Software engineer | Address: Gwalior jhansi road → Gwalior jhansi road Dabra","","SUCCESS"
"2026-06-13T14:42:03.046Z","MAT_SETTINGS","Gaurav Reja","dendthdel@gmail.com","","Updated tier settings/gateway","","SUCCESS"
"2026-06-13T14:42:04.601Z","MAT_SETTINGS","Gaurav Reja","dendthdel@gmail.com","","Updated tier settings/gateway","","SUCCESS"
"2026-06-13T14:42:08.076Z","MAT_SETTINGS","Gaurav Reja","dendthdel@gmail.com","","Updated tier settings/gateway","","SUCCESS"
"2026-06-13T14:46:53.994Z","MAT_ACTIVATE","Gaurav Reja","gaurav.reja@gmail.com","m1779476804028","Reactivated on Gold till 2027-06-13","","SUCCESS"
"2026-06-14T02:00:18.693Z","EDIT_PROFILE","Anil Prakash Neekhra","anilneekhara2@gmail.com","anilneekhara2@gmail.com","Blood: — → A+","","SUCCESS"
"2026-06-14T02:55:55.539Z","BULK_INVITE_RUN","System","auto","","Processed=15 Failed=0","","SUCCESS"
"2026-06-14T05:35:10.129Z","GOOGLE_SIGNUP","Prahlad Gupta","prahladgupta158@gmail.com","","New user — profile completion required","","PENDING"
"2026-06-14T05:43:20.046Z","REGISTER","Prahlad Gupta","prahladgupta158@gmail.com","prahladgupta158@gmail.com","City:KATNI  Akna:बरसैंया  Mobile:9179793717","","SUCCESS (Auto-Approved)"
"2026-06-14T05:43:27.416Z","GOOGLE_LOGIN","Prahlad Gupta","prahladgupta158@gmail.com","","Role:Member  Status:Approved","","SUCCESS"
"2026-06-14T05:45:18.503Z","GOOGLE_LOGIN","Prahlad Gupta","prahladgupta158@gmail.com","","Role:Member  Status:Approved","","SUCCESS"
"2026-06-14T06:44:46.098Z","GOOGLE_LOGIN","Prahlad Gupta","prahladgupta158@gmail.com","","Role:Member  Status:Approved","","SUCCESS"
"2026-06-14T07:14:51.300Z","LEDGER_ENTRY","dendthdel@gmail.com","","","EXPENSE ₹148 — Porter for banner","","SUCCESS"
"2026-06-14T07:15:43.945Z","LEDGER_ENTRY","dendthdel@gmail.com","","","INCOME ₹500 — Donation received cash (Rajni Gahoi)","","SUCCESS"
"2026-06-14T07:16:17.499Z","LEDGER_ENTRY","dendthdel@gmail.com","","","INCOME ₹100 — Donation Rcvd (Mahesh Seth)","","SUCCESS"
"2026-06-14T07:16:50.059Z","LEDGER_ENTRY","dendthdel@gmail.com","","","EXPENSE ₹1288 — Rooh afza (8 Bottle)","","SUCCESS"
"2026-06-14T08:50:24.667Z","LEDGER_ENTRY","dendthdel@gmail.com","","","EXPENSE ₹6550 — Chhabil Expenses (Soumya catering)","","SUCCESS"
"2026-06-14T08:51:22.248Z","LEDGER_ENTRY","dendthdel@gmail.com","","","INCOME ₹1001 — Amit Neekhra (Core)","","SUCCESS"
"2026-06-14T09:27:02.031Z","LEDGER_ENTRY","dendthdel@gmail.com","","","EXPENSE ₹500 — Banner","","SUCCESS"
"2026-06-14T09:27:34.755Z","LEDGER_ENTRY","dendthdel@gmail.com","","","EXPENSE ₹300 — Patka","","SUCCESS"
"2026-06-14T09:47:34.851Z","LEDGER_ENTRY","dendthdel@gmail.com","","","EXPENSE ₹1600 — Cake (4 cakes)","","SUCCESS"
"2026-06-14T15:16:04.198Z","EDIT_PROFILE","Pankaj Gupta","pkg1400@gmail.com","pkg1400@gmail.com","Address: — → Rajdwara | Pincode: — → 244901 | Marital: Unmarried → Married | Spouse: — → Sadhana Gupta | Birthday: — → 09-20 | Anniversary: — → 02-11 | Photo: updated","","SUCCESS"
"2026-06-15T02:55:52.204Z","BULK_INVITE_RUN","System","auto","","Processed=15 Failed=0","","SUCCESS"
"2026-06-15T08:38:51.553Z","GOOGLE_LOGIN","Arpit Gupta","arpitgupta02200@gmail.com","","Role:Member  Status:Approved","","SUCCESS"
"2026-06-15T13:13:40.130Z","MAT_ACTIVATE","Gaurav Reja","dendthdel@gmail.com","m1779476804028","Reactivated on Gold till 2027-06-15","","SUCCESS"
"2026-06-15T13:18:05.006Z","MAT_TIER_SET","Gaurav Reja","dendthdel@gmail.com","m1779476804028","Tier set to Platinum","","SUCCESS"
"2026-06-15T13:19:00.022Z","MAT_STATUS","Gaurav Reja","dendthdel@gmail.com","m1779476804028","Set status: Inactive","","SUCCESS"
"2026-06-16T02:55:53.286Z","BULK_INVITE_RUN","System","auto","","Processed=15 Failed=0","","SUCCESS"
"2026-06-16T07:05:00.065Z","LOGIN","Pramod Kumar Gupta","pramodgupta935@gmail.com","","","","FAILED: Wrong password"
"2026-06-16T18:32:27.443Z","GOOGLE_SIGNUP","Amit Bichpuria","amitbichpuria@gmail.com","","New user — profile completion required","","PENDING"
"2026-06-16T18:35:44.721Z","REGISTER","Amit Bichpuria","amitbichpuria@gmail.com","amitbichpuria@gmail.com","City:Katni  Akna:ब्रिजपुरिया  Mobile:8602449681","","SUCCESS (Auto-Approved)"
"2026-06-16T18:35:49.985Z","GOOGLE_LOGIN","Amit Bichpuria","amitbichpuria@gmail.com","","Role:Member  Status:Approved","","SUCCESS"
"2026-06-16T18:37:47.413Z","EDIT_PROFILE","Amit Bichpuria","amitbichpuria@gmail.com","amitbichpuria@gmail.com","No changes detected","","SUCCESS"
"2026-06-16T18:42:20.803Z","EDIT_PROFILE","Amit Bichpuria","amitbichpuria@gmail.com","amitbichpuria@gmail.com","No changes detected","","SUCCESS"
"2026-06-16T18:51:27.387Z","MAT_SUBMIT","Amit Bichpuria","amitbichpuria@gmail.com","Amit bichpuria","Male | Katni | B tech","","SUCCESS"
"2026-06-16T19:22:00.036Z","MAHASABHA_APPLY","Gaurav Reja","dendthdel@gmail.com","Gaurav Reja","Membership form submitted to MahasabhaMembers","","SUCCESS"
"2026-06-17T02:55:56.497Z","BULK_INVITE_RUN","System","auto","","Processed=15 Failed=0","","SUCCESS"
"2026-06-17T05:50:56.726Z","APPROVE","Dheeraj Gupta(चऊदा)","mdheerajgupta@gmail.com","Saket Gupta <seemagupta201071@gmail.com>","Role:Member","","SUCCESS"
"2026-06-17T05:57:42.627Z","POST_BIZ","Jitendra Gupta","gjl6719@gmail.com","","Ayush Industries | ","","SUCCESS"
"2026-06-17T05:58:54.951Z","SOFT_DELETE_BIZ","Jitendra Gupta","gjl6719@gmail.com","","Ayush Industries","","SUCCESS"
"2026-06-17T05:59:48.696Z","POST_BIZ","Jitendra Gupta","gjl6719@gmail.com","","Ayush Industries | ","","SUCCESS"
"2026-06-17T12:24:59.174Z","LOGIN","Gaurav Reja","dendthdel@gmail.com","","","","FAILED: Wrong password"
"2026-06-17T14:59:49.381Z","EDIT_PROFILE","Muskaan Gupta","guptamuskan30420@gmail.com","guptamuskan30420@gmail.com","No changes detected","","SUCCESS"
"2026-06-17T15:53:08.134Z","GOOGLE_LOGIN","Saurabh kharya","saurabh.court@gmail.com","","Role:Member  Status:Approved","","SUCCESS"
"2026-06-18T02:55:52.065Z","BULK_INVITE_RUN","System","auto","","Processed=15 Failed=0","","SUCCESS"
"2026-06-18T04:07:23.208Z","GOOGLE_SIGNUP","Vineet Masuraha","vineet.masuraha@gmail.com","","New user — profile completion required","","PENDING"
"2026-06-18T04:09:38.444Z","REGISTER","Vineet Masuraha","vineet.masuraha@gmail.com","vineet.masuraha@gmail.com","City:Tustin  Akna:मसौरया  Mobile:2146621684","","SUCCESS (Auto-Approved)"
"2026-06-18T04:09:41.987Z","GOOGLE_LOGIN","Vineet Masuraha","vineet.masuraha@gmail.com","","Role:Member  Status:Approved","","SUCCESS"
"2026-06-18T07:01:57.579Z","LOGIN","Pramod Kumar Gupta","pramodgupta935@gmail.com","","","","FAILED: Wrong password"
"2026-06-18T07:02:43.951Z","LOGIN","Gaurav Reja","dendthdel@gmail.com","","Role:Admin  Status:Approved","","SUCCESS"
"2026-06-18T07:05:49.449Z","MAHASABHA_APPLY","Gaurav Reja","dendthdel@gmail.com","Gaurav Reja","Interest form submitted to MahasabhaMembers","","SUCCESS"
"2026-06-18T07:06:52.960Z","MAHASABHA_STATUS","Gaurav Reja","dendthdel@gmail.com","dendthdel@gmail.com","Status:Forwarded","","SUCCESS"
"2026-06-18T07:37:39.684Z","LOGIN","Priti Reja","pritireja@gmail.com","","","","FAILED: Wrong password"
"2026-06-18T07:37:43.945Z","LOGIN","Priti Reja","pritireja@gmail.com","","Role:Member  Status:Approved","","SUCCESS"
"2026-06-18T07:44:57.143Z","LOGIN","Aravind Gupta","anurajat34@gmail.com","","","","FAILED: Wrong password"
"2026-06-18T07:51:22.867Z","APPROVE","Gaurav Reja","dendthdel@gmail.com","Aravind Gupta <anurajat34@gmail.com>","Role:Member","","SUCCESS"
"2026-06-18T07:51:54.388Z","SET_ROLE","Gaurav Reja","dendthdel@gmail.com","Praveen Bilaiya <praveenmtw@gmail.com>","New Role:Approver","","SUCCESS"
"2026-06-18T08:25:49.122Z","GOOGLE_SIGNUP","RANU Gupta Bilaiya Adhyksh","ranugupta791@gmail.com","","New user — profile completion required","","PENDING"
"2026-06-18T08:35:20.432Z","LOGIN","Gaurav Reja","gaurav.reja@gmail.com","","Role:Member  Status:Approved","","SUCCESS"
"2026-06-18T08:40:12.516Z","GOOGLE_LOGIN","Amit Bichpuria","amitbichpuria@gmail.com","","Role:Member  Status:Approved","","SUCCESS"
"2026-06-18T08:54:44.332Z","LOGIN","Gaurav Reja","gaurav.reja@gmail.com","","Role:Member  Status:Approved","","SUCCESS"
"2026-06-18T09:12:39.175Z","LOGIN","Gaurav Reja","dendthdel@gmail.com","","Role:Admin  Status:Approved","","SUCCESS"
"2026-06-18T10:01:36.171Z","GOOGLE_SIGNUP","RANU Gupta Bilaiya Adhyksh","ranugupta791@gmail.com","","New user — profile completion required","","PENDING"
"2026-06-18T10:06:58.256Z","REGISTER","RANU Gupta Bilaiya Adhyksh","ranugupta791@gmail.com","ranugupta791@gmail.com","City:Shivpuri  Akna:विलैया  Mobile:7580949439","","SUCCESS (Auto-Approved)"
"2026-06-18T10:07:02.295Z","GOOGLE_LOGIN","RANU Gupta Bilaiya Adhyksh","ranugupta791@gmail.com","","Role:Member  Status:Approved","","SUCCESS"
"2026-06-18T10:10:49.818Z","ADMIN_EDIT_MEMBER","Gaurav Reja","dendthdel@gmail.com","ranugupta791@gmail.com","Edited: RANU Gupta Bilaiya Adhyksh | ranugupta791@gmail.com","","SUCCESS"
"2026-06-18T10:50:51.712Z","GOOGLE_SIGNUP","Shivam Gupta","shivam73545@gmail.com","","New user — profile completion required","","PENDING"
"2026-06-18T12:46:50.267Z","GOOGLE_LOGIN","Gaurav Reja","gaurav.reja@gmail.com","","Role:Member  Status:Approved","","SUCCESS"
"2026-06-18T13:37:37.839Z","GOOGLE_SIGNUP","NISHANT GUPTA","gnishant790@gmail.com","","New user — profile completion required","","PENDING"
"2026-06-18T13:39:56.551Z","REGISTER","NISHANT GUPTA","gnishant790@gmail.com","gnishant790@gmail.com","City:Dabra  Akna:सेठ  Mobile:9827812604","","SUCCESS (Auto-Approved)"
"2026-06-18T13:40:00.309Z","GOOGLE_LOGIN","NISHANT GUPTA","gnishant790@gmail.com","","Role:Member  Status:Approved","","SUCCESS"
"2026-06-18T13:44:21.263Z","LOGIN","NISHANT GUPTA","gnishant790@gmail.com","","Role:Member  Status:Approved","","SUCCESS"
"2026-06-18T13:45:42.619Z","LOGIN","NISHANT GUPTA","gnishant790@gmail.com","","Role:Member  Status:Approved","","SUCCESS"
"2026-06-18T13:51:55.193Z","LOGIN","NISHANT GUPTA","gnishant790@gmail.com","","Role:Member  Status:Approved","","SUCCESS"
"2026-06-18T13:51:56.533Z","LOGIN","NISHANT GUPTA","gnishant790@gmail.com","","Role:Member  Status:Approved","","SUCCESS"
"2026-06-18T13:58:28.282Z","GOOGLE_SIGNUP","Rishav Gupta","rishavnigoti@gmail.com","","New user — profile completion required","","PENDING"
"2026-06-18T13:59:59.890Z","REGISTER","Rishav Gupta","rishavnigoti@gmail.com","rishavnigoti@gmail.com","City:Shivpuri  Akna:निगोती  Mobile:8269497116","","SUCCESS (Auto-Approved)"
"2026-06-18T14:00:04.437Z","GOOGLE_LOGIN","Rishav Gupta","rishavnigoti@gmail.com","","Role:Member  Status:Approved","","SUCCESS"
"2026-06-18T14:14:07.154Z","MAT_SUBMIT","Rishav Gupta","rishavnigoti@gmail.com","Tanish Gupta","Male | Indore | MCA","","SUCCESS"
"2026-06-18T14:14:17.198Z","LOGIN","Rishav Gupta","rishavnigoti@gmail.com","","Role:Member  Status:Approved","","SUCCESS"
"2026-06-18T14:19:24.514Z","LOGIN","Rishav Gupta","rishavnigoti@gmail.com","","Role:Member  Status:Approved","","SUCCESS"
"2026-06-18T14:21:07.200Z","LOGIN","Rishav Gupta","rishavnigoti@gmail.com","","Role:Member  Status:Approved","","SUCCESS"
"2026-06-18T14:21:09.949Z","LOGIN","Gopal Bundelkhandi","kanpur.orai@gmail.com","","Role:Member  Status:Pending","","SUCCESS"
"2026-06-18T14:53:03.077Z","GOOGLE_SIGNUP","akhilesh kumar","akhileshkumarmau2015@gmail.com","","New user — profile completion required","","PENDING"
"2026-06-18T15:03:53.963Z","LOGIN","Rishav Gupta","rishavnigoti@gmail.com","","Role:Member  Status:Approved","","SUCCESS"
"2026-06-18T15:56:13.451Z","LOGIN","MAYANK GUPTA","hkgupta74d@gmail.com","","Role:Member  Status:Approved","","SUCCESS"
"2026-06-18T16:22:52.219Z","LOGIN","Rishav Gupta","rishavnigoti@gmail.com","","Role:Member  Status:Approved","","SUCCESS"
"2026-06-18T17:55:14.594Z","GOOGLE_LOGIN","Nikhil Viswari","nikhilgupta042@gmail.com","","Role:Member  Status:Approved","","SUCCESS"
"2026-06-18T18:25:17.294Z","GOOGLE_LOGIN","Saurabh Sohane","ssohane2@gmail.com","","Role:Member  Status:Pending","","SUCCESS"
"2026-06-18T18:25:53.719Z","LOGIN","Saurabh Sohane","ssohane2@gmail.com","","","","FAILED: Wrong password"
"2026-06-18T18:28:39.457Z","LOGIN","Saurabh Sohane","ssohane2@gmail.com","","","","FAILED: Wrong password"
"2026-06-18T18:29:02.854Z","LOGIN","Saurabh Sohane","ssohane2@gmail.com","","","","FAILED: Wrong password"
"2026-06-18T18:50:31.125Z","GOOGLE_SIGNUP","Anuj kumar Gupta","sribalajifashionhouse@gmail.com","","New user — profile completion required","","PENDING"
"2026-06-18T19:08:10.062Z","GOOGLE_SIGNUP","Sparsh Gupta (imsparsh)","sparsh.755@gmail.com","","New user — profile completion required","","PENDING"
"2026-06-18T19:16:24.671Z","REGISTER","Sparsh Gupta","sparsh.755@gmail.com","sparsh.755@gmail.com","City:Gautam Buddha Nagar  Akna:कस्तवार  Mobile:9452666355","","SUCCESS (Auto-Approved)"
"2026-06-18T19:16:28.850Z","GOOGLE_LOGIN","Sparsh Gupta","sparsh.755@gmail.com","","Role:Member  Status:Approved","","SUCCESS"
"2026-06-18T20:44:24.782Z","GOOGLE_LOGIN","Sparsh Gupta","sparsh.755@gmail.com","","Role:Member  Status:Approved","","SUCCESS"
"2026-06-18T20:51:06.705Z","LOGIN","Sparsh Gupta","sparsh.755@gmail.com","","Role:Member  Status:Approved","","SUCCESS"
"2026-06-18T21:04:48.848Z","LOGIN","Sparsh Gupta","sparsh.755@gmail.com","","Role:Member  Status:Approved","","SUCCESS"
"2026-06-18T21:04:53.335Z","LOGIN","Sparsh Gupta","sparsh.755@gmail.com","","Role:Member  Status:Approved","","SUCCESS"
"2026-06-18T21:05:02.352Z","LOGIN","Sparsh Gupta","sparsh.755@gmail.com","","Role:Member  Status:Approved","","SUCCESS"
"2026-06-18T21:23:12.940Z","MAT_SUBMIT","Sparsh Gupta","sparsh.755@gmail.com","Sparsh Gupta","Male | Noida | B.Tech (IT), M.Sc (AI)","","SUCCESS"
"2026-06-18T21:23:33.102Z","LOGIN","Sparsh Gupta","sparsh.755@gmail.com","","Role:Member  Status:Approved","","SUCCESS"
"2026-06-18T21:25:36.407Z","EDIT_PROFILE","Sparsh Gupta","sparsh.755@gmail.com","sparsh.755@gmail.com","Mobile: 9452666355 → 9450594477 | Address: Galaxy North Avenue 2, Gaur City 2, Noida Extension → Galaxy North Avenue 2, Gaur City 2, Sector 16-C, Greater Noida West | Photo: updated","","SUCCESS"
"2026-06-19T02:55:52.344Z","BULK_INVITE_RUN","System","auto","","Processed=15 Failed=0","","SUCCESS"
"2026-06-19T03:06:33.085Z","GOOGLE_LOGIN","Gopal Bundelkhandi","kanpur.orai@gmail.com","","Role:Member  Status:Pending","","SUCCESS"
"2026-06-19T03:06:51.585Z","LOGIN","Gopal Bundelkhandi","kanpur.orai@gmail.com","","Role:Member  Status:Pending","","SUCCESS"
"2026-06-19T03:07:01.673Z","LOGIN","Gopal Bundelkhandi","kanpur.orai@gmail.com","","Role:Member  Status:Pending","","SUCCESS"
"2026-06-19T03:27:05.483Z","LOGIN","sumit kankane","sumitgupta9460@gmail.com","","Role:Member  Status:Pending","","SUCCESS"
"2026-06-19T03:27:19.691Z","LOGIN","sumit kankane","sumitgupta9460@gmail.com","","Role:Member  Status:Pending","","SUCCESS"
"2026-06-19T03:27:31.124Z","LOGIN","sumit kankane","sumitgupta9460@gmail.com","","Role:Member  Status:Pending","","SUCCESS"
"2026-06-19T03:27:38.137Z","LOGIN","sumit kankane","sumitgupta9460@gmail.com","","Role:Member  Status:Pending","","SUCCESS"
"2026-06-19T03:27:50.407Z","LOGIN","sumit kankane","sumitgupta9460@gmail.com","","Role:Member  Status:Pending","","SUCCESS"
"2026-06-19T03:56:10.076Z","APPROVE","Gaurav Reja","dendthdel@gmail.com","Gopal Bundelkhandi <kanpur.orai@gmail.com>","Role:Member","","SUCCESS"
"2026-06-19T03:56:14.930Z","APPROVE","Gaurav Reja","dendthdel@gmail.com","akhilesh kumar <akhileshkumarmau2015@gmail.com>","Role:Member","","SUCCESS"
"2026-06-19T03:56:25.738Z","APPROVE","Gaurav Reja","dendthdel@gmail.com","Saurabh Sohane <ssohane2@gmail.com>","Role:Member","","SUCCESS"
"2026-06-19T03:56:38.890Z","APPROVE","Gaurav Reja","dendthdel@gmail.com","sumit kankane <sumitgupta9460@gmail.com>","Role:Member","","SUCCESS"
"2026-06-19T05:38:32.835Z","GOOGLE_LOGIN","Saurabh Sohane","ssohane2@gmail.com","","Role:Member  Status:Approved","","SUCCESS"
"2026-06-19T06:20:33.703Z","GOOGLE_LOGIN","Praveen Bilaiya","praveenmtw@gmail.com","","Role:Approver  Status:Approved","","SUCCESS"
"2026-06-19T13:41:50.025Z","GOOGLE_LOGIN","Manish Gupta","manish97gupta@gmail.com","","Role:Member  Status:Pending","","SUCCESS"
"2026-06-19T13:42:30.738Z","GOOGLE_LOGIN","Manish Gupta","manish97gupta@gmail.com","","Role:Member  Status:Pending","","SUCCESS"
"2026-06-19T13:51:47.466Z","APPROVE","Gaurav Reja","dendthdel@gmail.com","Manish Gupta <manish97gupta@gmail.com>","Role:Member","","SUCCESS"
"2026-06-19T16:47:34.338Z","LOGIN","Rishav Gupta","rishavnigoti@gmail.com","","Role:Member  Status:Approved","","SUCCESS"
"2026-06-19T16:51:06.673Z","LOGIN","Rishav Gupta","rishavnigoti@gmail.com","","Role:Member  Status:Approved","","SUCCESS"
"2026-06-19T18:42:02.840Z","LOGIN","Manish Gupta","manish97gupta@gmail.com","","Role:Member  Status:Approved","","SUCCESS"
"2026-06-19T18:42:12.433Z","LOGIN","Manish Gupta","manish97gupta@gmail.com","","Role:Member  Status:Approved","","SUCCESS"
"2026-06-20T02:55:50.625Z","BULK_INVITE_RUN","System","auto","","Processed=15 Failed=0","","SUCCESS"
"2026-06-20T03:35:34.766Z","GOOGLE_SIGNUP","Ankit Gupta","rockyrajg166@gmail.com","","New user — profile completion required","","PENDING"
"2026-06-20T03:37:00.063Z","REGISTER","Ankit Gupta","rockyrajg166@gmail.com","rockyrajg166@gmail.com","City:Madhogarh (Jalaun)  Akna:कनकने  Mobile:8299749240","","SUCCESS (Auto-Approved)"
"2026-06-20T03:37:03.882Z","GOOGLE_LOGIN","Ankit Gupta","rockyrajg166@gmail.com","","Role:Member  Status:Approved","","SUCCESS"
"2026-06-20T03:37:05.983Z","LOGIN","Ankit Gupta","rockyrajg166@gmail.com","","","","FAILED: Wrong password"
"2026-06-20T03:37:22.131Z","GOOGLE_LOGIN","Ankit Gupta","rockyrajg166@gmail.com","","Role:Member  Status:Approved","","SUCCESS"
"2026-06-20T06:41:41.654Z","GOOGLE_LOGIN","Anjesh Kumar Gupta","kumaranjesh88@gmail.com","","Role:Member  Status:Approved","","SUCCESS"
"2026-06-20T06:42:16.358Z","LOGIN","Anjesh Kumar Gupta","kumaranjesh88@gmail.com","","Role:Member  Status:Approved","","SUCCESS"
"2026-06-20T15:09:23.524Z","LOGIN","Rishav Gupta","rishavnigoti@gmail.com","","Role:Member  Status:Approved","","SUCCESS"
"2026-06-20T15:09:30.509Z","LOGIN","Rishav Gupta","rishavnigoti@gmail.com","","Role:Member  Status:Approved","","SUCCESS"
"2026-06-20T15:09:59.217Z","LOGIN","Rishav Gupta","rishavnigoti@gmail.com","","Role:Member  Status:Approved","","SUCCESS"
"2026-06-20T15:14:53.921Z","GOOGLE_SIGNUP","Surendra Gupta","surendraguptajhs@gmail.com","","New user — profile completion required","","PENDING"
"2026-06-20T15:14:58.766Z","APPROVE","Gaurav Reja","dendthdel@gmail.com","Rajiv  gupta <rajeevgupta914@gmail.com>","Role:Member","","SUCCESS"
"2026-06-20T15:15:09.850Z","GOOGLE_SIGNUP","Surendra Gupta","surendraguptajhs@gmail.com","","New user — profile completion required","","PENDING"
"2026-06-21T02:55:49.426Z","BULK_INVITE_RUN","System","auto","","Processed=15 Failed=0","","SUCCESS"
"2026-06-21T03:34:02.931Z","LOGIN","Ashish seth","gashish416@gmail.com","","","","FAILED: Wrong password"
"2026-06-21T03:34:18.256Z","LOGIN","Ashish seth","gashish416@gmail.com","","","","FAILED: Wrong password"
"2026-06-21T03:34:32.686Z","LOGIN","Ashish seth","gashish416@gmail.com","","Role:Member  Status:Approved","","SUCCESS"
"2026-06-21T03:38:29.363Z","LOGIN","Ashish seth","gashish416@gmail.com","","Role:Member  Status:Approved","","SUCCESS"
"2026-06-21T03:47:39.115Z","LOGIN","Ashish seth","gashish416@gmail.com","","Role:Member  Status:Approved","","SUCCESS"
"2026-06-21T03:49:38.252Z","EDIT_PROFILE","Ashish seth","gashish416@gmail.com","gashish416@gmail.com","Photo: updated","","SUCCESS"
"2026-06-21T03:55:42.978Z","LOGIN","Ashish seth","gashish416@gmail.com","","Role:Member  Status:Approved","","SUCCESS"
"2026-06-21T04:02:14.873Z","GOOGLE_SIGNUP","Chirag Gupta","chiragme4@gmail.com","","New user — profile completion required","","PENDING"
"2026-06-21T04:02:32.293Z","GOOGLE_LOGIN","Chirag Reja","chiragguptame4@gmail.com","","Role:Member  Status:Approved","","SUCCESS"
"2026-06-21T04:02:53.016Z","LOGIN","Praveen Gupta","pg76885@gmail.com","","","","FAILED: Wrong password"
"2026-06-21T04:03:36.063Z","LOGIN","Praveen Gupta","pg76885@gmail.com","","","","FAILED: Wrong password"
"2026-06-21T04:03:45.688Z","LOGIN","Praveen Gupta","pg76885@gmail.com","","","","FAILED: Wrong password"
"2026-06-21T04:05:41.071Z","LOGIN","Chirag Reja","chiragguptame4@gmail.com","","Role:Member  Status:Approved","","SUCCESS"
"2026-06-21T04:08:28.806Z","FORGOT_PASSWORD","Praveen Gupta","pg76885@gmail.com","pg76885@gmail.com","","","SUCCESS"
"2026-06-21T05:00:31.461Z","APPROVE","Gaurav Reja","dendthdel@gmail.com","Prasoon Chapra <prasoonchapra@gmail.com>","Role:Member","","SUCCESS"
"2026-06-21T05:00:46.376Z","APPROVE","Gaurav Reja","dendthdel@gmail.com","Praveen Gupta <pg76885@gmail.com>","Role:Member","","SUCCESS"
"2026-06-21T05:38:54.814Z","LOGIN","Prasoon Chapra","prasoonchapra@gmail.com","","Role:Member  Status:Approved","","SUCCESS"
"2026-06-21T06:38:19.778Z","FORGOT_PASSWORD","Rohit Gupta","rohit9999baba@gmail.com","rohit9999baba@gmail.com","","","SUCCESS"
"2026-06-21T06:39:02.206Z","LOGIN","Rohit Gupta","rohit9999baba@gmail.com","","Role:Member  Status:Pending","","SUCCESS"
"2026-06-21T06:39:45.231Z","LOGIN","Rohit Gupta","rohit9999baba@gmail.com","","Role:Member  Status:Pending","","SUCCESS"
"2026-06-21T06:47:48.531Z","APPROVE","Gaurav Reja","dendthdel@gmail.com","Rohit Gupta <rohit9999baba@gmail.com>","Role:Member","","SUCCESS"
"2026-06-21T08:31:29.192Z","LOGIN","Muskaan Gupta","guptamuskan30420@gmail.com","","Role:Member  Status:Approved","","SUCCESS"
"2026-06-21T11:57:19.771Z","LOGIN","Premnarain Gupta","guptapremn@gmail.com","","","","FAILED: Wrong password"
"2026-06-21T11:57:51.498Z","LOGIN","Premnarain Gupta","guptapremn@gmail.com","","","","FAILED: Wrong password"
"2026-06-21T11:58:19.889Z","LOGIN","Premnarain Gupta","guptapremn@gmail.com","","","","FAILED: Wrong password"
"2026-06-21T11:59:38.911Z","LOGIN","Premnarain Gupta","guptapremn@gmail.com","","","","FAILED: Wrong password"
"2026-06-21T12:01:07.789Z","APPROVE","Dheeraj Gupta(चऊदा)","mdheerajgupta@gmail.com","Premnarain Gupta <guptapremn@gmail.com>","Role:Member","","SUCCESS"
"2026-06-21T12:02:07.742Z","LOGIN","Premnarain Gupta","guptapremn@gmail.com","","","","FAILED: Wrong password"
"2026-06-21T13:23:21.077Z","LOGIN","Rohit Gupta","rohit9999baba@gmail.com","","Role:Member  Status:Approved","","SUCCESS"
"2026-06-21T13:23:56.108Z","LOGIN","Rohit Gupta","rohit9999baba@gmail.com","","Role:Member  Status:Approved","","SUCCESS"
"2026-06-21T13:24:08.553Z","LOGIN","Rohit Gupta","rohit9999baba@gmail.com","","Role:Member  Status:Approved","","SUCCESS"
"2026-06-21T13:25:02.070Z","LOGIN","Rohit Gupta","rohit9999baba@gmail.com","","Role:Member  Status:Approved","","SUCCESS"
"2026-06-21T13:28:45.635Z","LOGIN","Rohit Gupta","rohit9999baba@gmail.com","","Role:Member  Status:Approved","","SUCCESS"
"2026-06-22T02:38:44.754Z","GOOGLE_SIGNUP","Mayank gupta","mayankgupta101093@gmail.com","","New user — profile completion required","","PENDING"
"2026-06-22T02:41:00.685Z","REGISTER","Mayank gupta","mayankgupta101093@gmail.com","mayankgupta101093@gmail.com","City:Mahoba  Akna:नगरिया  Mobile:7897596065","","SUCCESS (Auto-Approved)"
"2026-06-22T02:41:05.252Z","GOOGLE_LOGIN","Mayank gupta","mayankgupta101093@gmail.com","","Role:Member  Status:Approved","","SUCCESS"
"2026-06-22T02:51:24.671Z","LOGIN","Mayank gupta","mayankgupta101093@gmail.com","","Role:Member  Status:Approved","","SUCCESS"
"2026-06-22T02:55:52.732Z","BULK_INVITE_RUN","System","auto","","Processed=15 Failed=0","","SUCCESS"
"2026-06-22T03:01:11.473Z","MAT_SUBMIT","Mayank gupta","mayankgupta101093@gmail.com","Mayank gupta","Male | Mahoba | B. Sc agriculture , PGDCA","","SUCCESS"
"2026-06-22T03:07:13.339Z","LOGIN","Mayank gupta","mayankgupta101093@gmail.com","","Role:Member  Status:Approved","","SUCCESS"
"2026-06-22T03:51:20.940Z","GOOGLE_SIGNUP","POOJA GUPTA","gpooja031@gmail.com","","New user — profile completion required","","PENDING"
"2026-06-22T03:56:49.130Z","GOOGLE_SIGNUP","Pooja Gupta","poojagupta953112@gmail.com","","New user — profile completion required","","PENDING"
"2026-06-22T05:36:46.673Z","LOGIN","Mayank gupta","mayankgupta101093@gmail.com","","Role:Member  Status:Approved","","SUCCESS"
"2026-06-22T07:10:26.995Z","MAT_SETTINGS","Gaurav Reja","dendthdel@gmail.com","","Updated tier settings/gateway","","SUCCESS"
"2026-06-22T08:44:32.554Z","LOGIN","Gaurav Reja","dendthdel@gmail.com","","Role:Admin  Status:Approved","","SUCCESS"
"2026-06-22T11:13:24.462Z","LOGIN","Premnarain Gupta","guptapremn@gmail.com","","Role:Member  Status:Approved","","SUCCESS"
"2026-06-22T11:13:41.731Z","LOGIN","Premnarain Gupta","guptapremn@gmail.com","","Role:Member  Status:Approved","","SUCCESS"
"2026-06-22T11:35:51.511Z","EDIT_PROFILE","Premnarain Gupta","guptapremn@gmail.com","guptapremn@gmail.com","Profession: — → Retired | Designation: — → Chairman,Dekora Paints Pvt.Ltd,Delhi | Marital: Unmarried → Married","","SUCCESS"
"2026-06-22T11:39:57.088Z","EDIT_PROFILE","Premnarain Gupta","guptapremn@gmail.com","guptapremn@gmail.com","City: Krishna Nagar → DELHI | Address: — → A-1/7 a,UGFloor, Dekora House,Krishna Nagar,Delhi-110051 | Pincode: — → 110051 | Spouse: — → Vimla Gupta (Kathal)","","SUCCESS"
"2026-06-22T11:42:02.385Z","EDIT_PROFILE","Premnarain Gupta","guptapremn@gmail.com","guptapremn@gmail.com","Name: Premnarain Gupta → Premnarain Gupta  ( Neekhra)","","SUCCESS"
"2026-06-22T12:07:20.793Z","LOGIN","Akhilesh Kumar Choudaha","choudaha.akhilesh@gmail.com","","","","FAILED: Wrong password"
"2026-06-22T12:11:37.701Z","APPROVE","Gaurav Reja","dendthdel@gmail.com","Akhilesh Kumar Choudaha <choudaha.akhilesh@gmail.com>","Role:Member","","SUCCESS"
"2026-06-22T13:14:53.036Z","LOGIN","Gaurav Reja","dendthdel@gmail.com","","Role:Admin  Status:Approved","","SUCCESS"
"2026-06-22T15:05:06.692Z","LOGIN","Akhilesh Kumar Choudaha","choudaha.akhilesh@gmail.com","","Role:Member  Status:Approved","","SUCCESS"
"2026-06-22T15:05:26.678Z","LOGIN","Akhilesh Kumar Choudaha","choudaha.akhilesh@gmail.com","","Role:Member  Status:Approved","","SUCCESS"
"2026-06-22T15:13:44.669Z","EDIT_PROFILE","Akhilesh Kumar Choudaha","choudaha.akhilesh@gmail.com","choudaha.akhilesh@gmail.com","Profession: — → Govt. Teacher | Designation: — → Assitt. Teacher | Address: — → D 66,D sector, Nehru Nagar, Bhopal | Pincode: — → 462003 | Marital: Unmarried → Married | Spouse: — → Smt. Kiran Lata Choudaha | Blood: — → A+ | Birthday: — → 07-02 | Anniversary: — → 11-24","","SUCCESS"
"2026-06-23T02:55:45.808Z","BULK_INVITE_RUN","System","auto","","Processed=8 Failed=0","","SUCCESS"
"2026-06-23T04:52:09.271Z","LOGIN","Mayank gupta","mayankgupta101093@gmail.com","","Role:Member  Status:Approved","","SUCCESS"
"2026-06-23T04:52:37.738Z","LOGIN","Mayank gupta","mayankgupta101093@gmail.com","","Role:Member  Status:Approved","","SUCCESS"
"2026-06-23T14:36:24.091Z","GOOGLE_SIGNUP","U C Gupta","gupta7664@gmail.com","","New user — profile completion required","","PENDING"
"2026-06-23T14:41:57.440Z","GOOGLE_SIGNUP","U C Gupta","gupta7664@gmail.com","","New user — profile completion required","","PENDING"
"2026-06-23T14:44:54.104Z","REGISTER","U C Gupta","gupta7664@gmail.com","gupta7664@gmail.com","City:Bhopal  Akna:इटोदिया  Mobile:7982093546","","SUCCESS (Auto-Approved)"
"2026-06-23T14:44:57.330Z","GOOGLE_LOGIN","U C Gupta","gupta7664@gmail.com","","Role:Member  Status:Approved","","SUCCESS"
"2026-06-23T14:52:30.824Z","GOOGLE_LOGIN","U C Gupta","gupta7664@gmail.com","","Role:Member  Status:Approved","","SUCCESS"
"2026-06-23T17:38:08.943Z","LOGIN","Praveen Bilaiya","praveenmtw@gmail.com","","Role:Approver  Status:Approved","","SUCCESS"
"2026-06-24T02:35:19.804Z","MAT_TIER_DOWNGRADE","Shivam Suhane","gauravrawat987@gmail.com","m1773064676431","Platinum expired -> Gold","","SUCCESS"
"2026-06-24T02:55:38.286Z","BULK_INVITE_RUN","System","auto","","Processed=0 Failed=0","","SUCCESS"
"2026-06-24T04:53:50.497Z","LOGIN","Rishav Gupta","rishavnigoti@gmail.com","","Role:Member  Status:Approved","","SUCCESS"
"2026-06-24T04:54:09.198Z","LOGIN","Rishav Gupta","rishavnigoti@gmail.com","","Role:Member  Status:Approved","","SUCCESS"
"2026-06-24T10:26:29.966Z","GOOGLE_SIGNUP","Rupali gupta","rupali.shridham14@gmail.com","","New user — profile completion required","","PENDING"
"2026-06-24T10:27:25.442Z","GOOGLE_SIGNUP","Rupali gupta","rupali.shridham14@gmail.com","","New user — profile completion required","","PENDING"
"2026-06-24T10:27:39.976Z","GOOGLE_SIGNUP","Rupali gupta","rupali.shridham14@gmail.com","","New user — profile completion required","","PENDING"
"2026-06-24T10:31:12.069Z","REGISTER","Rupali gupta","rupali.shridham14@gmail.com","rupali.shridham14@gmail.com","City:Jabalpur  Akna:खरया  Mobile:6232793076","","SUCCESS (Auto-Approved)"
"2026-06-24T10:31:15.463Z","GOOGLE_LOGIN","Rupali gupta","rupali.shridham14@gmail.com","","Role:Member  Status:Approved","","SUCCESS"
"2026-06-24T15:17:11.952Z","LOGIN","Abhishek Kumar Gupta","abhishekgupta29@hotmail.com","","Role:Member  Status:Approved","","SUCCESS"
"2026-06-25T02:55:36.728Z","BULK_INVITE_RUN","System","auto","","Processed=0 Failed=0","","SUCCESS"
"2026-06-25T06:51:16.862Z","LOGIN","Ayush Gupta","ayushguptacs@gmail.com","","Role:Member  Status:Approved","","SUCCESS"
"2026-06-25T08:34:56.137Z","GOOGLE_LOGIN","Arpit Gupta","arpitgupta02200@gmail.com","","Role:Member  Status:Approved","","SUCCESS"
"2026-06-25T16:11:45.506Z","GOOGLE_LOGIN","GAGAN KUMAR RUSIA","gaganrusia@gmail.com","","Role:Member  Status:Approved","","SUCCESS"
"2026-06-25T16:13:46.129Z","LOGIN","GAGAN KUMAR RUSIA","gaganrusia@gmail.com","","Role:Member  Status:Approved","","SUCCESS"
"2026-06-26T02:55:37.587Z","BULK_INVITE_RUN","System","auto","","Processed=0 Failed=0","","SUCCESS"
"2026-06-26T06:32:45.255Z","GOOGLE_SIGNUP","Kuldeep Kathail","kuldeep.kathail@gmail.com","","New user — profile completion required","","PENDING"
"2026-06-27T02:55:37.462Z","BULK_INVITE_RUN","System","auto","","Processed=0 Failed=0","","SUCCESS"
"2026-06-27T08:07:45.797Z","GOOGLE_SIGNUP","Pravin Gupta","erpravingupta@gmail.com","","New user — profile completion required","","PENDING"
"2026-06-27T08:10:04.186Z","REGISTER","Pravin Gupta","erpravingupta@gmail.com","erpravingupta@gmail.com","City:Gautam Buddha Nagar  Akna:बिलैया  Mobile:9990107706","","SUCCESS (Auto-Approved)"
"2026-06-27T08:10:08.297Z","GOOGLE_LOGIN","Pravin Gupta","erpravingupta@gmail.com","","Role:Member  Status:Approved","","SUCCESS"
"2026-06-27T10:59:02.889Z","LOGIN","Ayush Gupta","ayushguptagtayuc@gmail.com","","","","FAILED: Wrong password"
"2026-06-27T10:59:27.602Z","LOGIN","Ayush Gupta","ayushguptagtayuc@gmail.com","","Role:Member  Status:Approved","","SUCCESS"
"2026-06-27T10:59:36.586Z","LOGIN","Ayush Gupta","ayushguptagtayuc@gmail.com","","Role:Member  Status:Approved","","SUCCESS"
"2026-06-27T11:02:54.378Z","LOGIN","Ayush Gupta","ayushguptagtayuc@gmail.com","","Role:Member  Status:Approved","","SUCCESS"
"2026-06-27T11:05:44.770Z","EDIT_PROFILE","Ayush Gupta","ayushguptagtayuc@gmail.com","ayushguptagtayuc@gmail.com","Profession: — → Assistant Executive Engineer | Designation: — → Assistant Executive Engineer | Address: — → Ranipur | Pincode: — → 284205 | Birthday: — → 10-10 | Photo: updated","","SUCCESS"
"2026-06-27T13:12:37.546Z","LOGIN","Anil Prakash Neekhra","anilneekhara2@gmail.com","","Role:Member  Status:Approved","","SUCCESS"
"2026-06-27T13:13:35.565Z","EDIT_PROFILE","Anil Prakash Neekhra","anilneekhara2@gmail.com","anilneekhara2@gmail.com","No changes detected","","SUCCESS"
"2026-06-27T16:36:15.702Z","GOOGLE_LOGIN","Pallavi Kathail","madhurikathail@gmail.com","","Role:Member  Status:Pending","","SUCCESS"
"2026-06-27T16:37:08.262Z","GOOGLE_LOGIN","Pallavi Kathail","madhurikathail@gmail.com","","Role:Member  Status:Pending","","SUCCESS"
"2026-06-27T17:10:30.552Z","APPROVE","Gaurav Reja","dendthdel@gmail.com","Pallavi Kathail <madhurikathail@gmail.com>","Role:Member","","SUCCESS"
"2026-06-28T02:27:20.120Z","SET_MAHASABHA_ROLE","Gaurav Reja","dendthdel@gmail.com","Anuj Viswari <Viswari@gmail.com>","MahasabhaPrint:Granted","","SUCCESS"
"2026-06-28T02:27:57.479Z","SET_MAHASABHA_ROLE","Gaurav Reja","dendthdel@gmail.com","Ashish Nagariya <aasheesh.guptaa@gmail.com>","MahasabhaPrint:Granted","","SUCCESS"
"2026-06-28T02:28:05.405Z","SET_MAHASABHA_ROLE","Gaurav Reja","dendthdel@gmail.com","Dr. KARUNESH CHANDRA GUPTA <dr.karuneshgahoi@gmail.com>","MahasabhaPrint:Granted","","SUCCESS"
"2026-06-28T02:29:05.538Z","SET_MAHASABHA_ROLE","Gaurav Reja","dendthdel@gmail.com","Anuj Viswari <Viswari@gmail.com>","MahasabhaPrint:Granted","","SUCCESS"
"2026-06-28T02:29:09.382Z","SET_MAHASABHA_ROLE","Gaurav Reja","dendthdel@gmail.com","Anuj Viswari <Viswari@gmail.com>","MahasabhaPrint:Granted","","SUCCESS"
"2026-06-28T02:55:36.844Z","BULK_INVITE_RUN","System","auto","","Processed=0 Failed=0","","SUCCESS"
"2026-06-28T03:53:17.637Z","GOOGLE_SIGNUP","Anurag Seth","sethanurag81@gmail.com","","New user — profile completion required","","PENDING"
"2026-06-28T09:51:21.198Z","MAHASABHA_APPLY","Gaurav Reja","dendthdel@gmail.com","Gaurav Reja","Interest form submitted to MahasabhaMembers","","SUCCESS"
"2026-06-28T09:58:24.136Z","LOGIN","Gaurav Reja","gaurav.reja@gmail.com","","Role:Member  Status:Approved","","SUCCESS"
"2026-06-28T09:59:27.913Z","LOGIN","Gaurav Reja","dendthdel@gmail.com","","Role:Admin  Status:Approved","","SUCCESS"
"2026-06-28T09:59:57.033Z","MAT_SETTINGS","Gaurav Reja","dendthdel@gmail.com","","Updated tier settings/gateway","","SUCCESS"
"2026-06-28T09:59:57.540Z","MAT_SETTINGS","Gaurav Reja","dendthdel@gmail.com","","Updated tier settings/gateway","","SUCCESS"
"2026-06-28T09:59:58.691Z","MAT_SETTINGS","Gaurav Reja","dendthdel@gmail.com","","Updated tier settings/gateway","","SUCCESS"
"2026-06-28T10:00:19.488Z","LOGIN","Gaurav Reja","gaurav.reja@gmail.com","","Role:Member  Status:Approved","","SUCCESS"
"2026-06-28T10:01:00.847Z","MAHASABHA_APPLY","Gaurav Reja","gaurav.reja@gmail.com","Gaurav Reja","Interest form submitted to MahasabhaMembers","","SUCCESS"
"2026-06-28T10:01:29.044Z","LOGIN","Gaurav Reja","dendthdel@gmail.com","","Role:Admin  Status:Approved","","SUCCESS"
"2026-06-28T10:01:43.823Z","MAHASABHA_STATUS","Gaurav Reja","dendthdel@gmail.com","gaurav.reja@gmail.com","Status:update","","SUCCESS"
"2026-06-28T10:01:56.796Z","MAHASABHA_STATUS","Gaurav Reja","dendthdel@gmail.com","gaurav.reja@gmail.com","Status:Forwarded","","SUCCESS"
"2026-06-28T13:23:51.852Z","MAHASABHA_APPLY","Prashant Seth","prashantseth28@gmail.com","Prashant Seth","Interest form submitted to MahasabhaMembers","","SUCCESS"
"2026-06-28T15:55:56.219Z","APPROVE","Gaurav Reja","dendthdel@gmail.com","Anjali Gupta <agstudent745@gmail.com>","Role:Member","","SUCCESS"
"2026-06-28T16:00:08.824Z","LOGIN","Anjali Gupta","agstudent745@gmail.com","","Role:Member  Status:Approved","","SUCCESS"
"2026-06-28T16:58:44.426Z","GOOGLE_SIGNUP","Sanjay Gupta","sanjayanita621@gmail.com","","New user — profile completion required","","PENDING"
"2026-06-28T17:01:01.065Z","REGISTER","Sanjay Gupta","sanjayanita621@gmail.com","sanjayanita621@gmail.com","City:Gwalior  Akna:गेडा  Mobile:9826278111","","SUCCESS (Auto-Approved)"
"2026-06-28T17:01:05.297Z","GOOGLE_LOGIN","Sanjay Gupta","sanjayanita621@gmail.com","","Role:Member  Status:Approved","","SUCCESS"
"2026-06-28T17:05:44.550Z","MAHASABHA_APPLY","Sanjay Gupta","sanjayanita621@gmail.com","Sanjay Gupta","Interest form submitted to MahasabhaMembers","","SUCCESS"
"2026-06-29T02:55:35.623Z","BULK_INVITE_RUN","System","auto","","Processed=0 Failed=0","","SUCCESS"
"2026-06-29T11:47:32.849Z","MAHASABHA_APPLY","Gaurav Reja","dendthdel@gmail.com","Gaurav Reja","Interest form submitted to MahasabhaMembers","","SUCCESS"
"2026-06-29T12:02:31.286Z","MAHASABHA_APPLY","Gaurav Reja","dendthdel@gmail.com","Gaurav Reja","Interest form submitted to MahasabhaMembers","","SUCCESS"
"2026-06-29T12:07:38.552Z","MAHASABHA_APPLY","Gaurav Reja","dendthdel@gmail.com","Gaurav Reja","Interest form submitted to MahasabhaMembers","","SUCCESS"
"2026-06-29T16:41:29.944Z","APPROVE","Gaurav Reja","dendthdel@gmail.com","Anil Kumar Gupta <anilkumarguptagwl@gmail.com>","Role:Member","","SUCCESS"
"2026-06-30T02:08:23.688Z","MAHASABHA_APPLY","Gaurav Reja","dendthdel@gmail.com","Gaurav Reja","Interest form submitted to MahasabhaMembers","","SUCCESS"
"2026-06-30T02:14:45.300Z","SET_MAHASABHA_ROLE","Gaurav Reja","dendthdel@gmail.com","Dr. KARUNESH CHANDRA GUPTA <dr.karuneshgahoi@gmail.com>","MahasabhaPrint:Revoked","","SUCCESS"
"2026-06-30T02:15:13.981Z","SET_MAHASABHA_ROLE","Gaurav Reja","dendthdel@gmail.com","Surendra Kumar Kharya <surendrakharya@hotmail.com>","MahasabhaPrint:Granted","","SUCCESS"
"2026-06-30T02:15:26.377Z","SET_MAHASABHA_ROLE","Gaurav Reja","dendthdel@gmail.com","Surendra Kumar Kharya <surendrakharya@hotmail.com>","MahasabhaPrint:Revoked","","SUCCESS"
"2026-06-30T02:15:59.152Z","MAHASABHA_APPLY","Gaurav Reja","dendthdel@gmail.com","Gaurav Reja","Interest form submitted to MahasabhaMembers","","SUCCESS"
"2026-06-30T02:22:07.091Z","MAHASABHA_APPLY","Gaurav Reja","dendthdel@gmail.com","Gaurav Reja","Interest form submitted to MahasabhaMembers","","SUCCESS"
"2026-06-30T02:25:03.894Z","MAHASABHA_APPLY","Gaurav Reja","dendthdel@gmail.com","Gaurav Reja","Interest form submitted to MahasabhaMembers","","SUCCESS"
"2026-06-30T02:32:37.751Z","MAHASABHA_APPLY","Gaurav Reja","dendthdel@gmail.com","Gaurav Reja","Interest form submitted to MahasabhaMembers","","SUCCESS"
"2026-06-30T02:55:35.616Z","BULK_INVITE_RUN","System","auto","","Processed=0 Failed=0","","SUCCESS"
"2026-06-30T13:11:12.862Z","MAHASABHA_APPLY","Gaurav Reja","gaurav.reja@gmail.com","Gaurav Reja","Interest form submitted to MahasabhaMembers","","SUCCESS"
"2026-07-01T02:55:41.248Z","BULK_INVITE_RUN","System","auto","","Processed=0 Failed=0","","SUCCESS"
"2026-07-01T03:03:27.616Z","MAHASABHA_STATUS","Gaurav Reja","dendthdel@gmail.com","prashantseth28@gmail.com","Status:Forwarded","","SUCCESS"
"2026-07-01T03:14:04.932Z","LOGIN","Gaurav Reja","gaurav.reja@gmail.com","","Role:Member  Status:Approved","","SUCCESS"
"2026-07-01T03:14:53.760Z","MAHASABHA_APPLY","Gaurav Reja","gaurav.reja@gmail.com","Gaurav Reja","Interest form submitted to MahasabhaMembers","","SUCCESS"
"2026-07-01T03:19:01.337Z","LOGIN","Gaurav Reja","dendthdel@gmail.com","","Role:Admin  Status:Approved","","SUCCESS"
"2026-07-01T03:19:40.296Z","MAHASABHA_APPLY","Gaurav Reja","dendthdel@gmail.com","Gaurav Reja","Interest form submitted to MahasabhaMembers","","SUCCESS"
"2026-07-01T10:50:29.784Z","GOOGLE_LOGIN","Pallavi Kathail","madhurikathail@gmail.com","","Role:Member  Status:Approved","","SUCCESS"
"2026-07-01T10:51:58.284Z","LOGIN","Pallavi Kathail","madhurikathail@gmail.com","","Role:Member  Status:Approved","","SUCCESS"
"2026-07-01T10:52:22.874Z","LOGIN","Pallavi Kathail","madhurikathail@gmail.com","","Role:Member  Status:Approved","","SUCCESS"
"2026-07-02T02:55:35.773Z","BULK_INVITE_RUN","System","auto","","Processed=0 Failed=0","","SUCCESS"
"2026-07-02T08:39:10.307Z","LOGIN","Vishnu Prasad Gupta","vpg0708@gmail.com","","Role:Member  Status:Approved","","SUCCESS"
"2026-07-02T12:28:49.644Z","LOGIN","Pramod Kumar Gupta","pramodgupta935@gmail.com","","","","FAILED: Wrong password"
"2026-07-02T12:32:34.571Z","LOGIN","Pramod Kumar Gupta","pramodgupta935@gmail.com","","","","FAILED: Wrong password"
"2026-07-03T02:55:36.943Z","BULK_INVITE_RUN","System","auto","","Processed=0 Failed=0","","SUCCESS"
"2026-07-03T16:18:46.376Z","LOGIN","Yogesh Gupta","yogesh118gupta@gmail.com","","","","FAILED: Wrong password"
"2026-07-03T17:03:50.146Z","APPROVE","Gaurav Reja","dendthdel@gmail.com","Yogesh Gupta <yogesh118gupta@gmail.com>","Role:Member","","SUCCESS"
"2026-07-04T02:55:39.544Z","BULK_INVITE_RUN","System","auto","","Processed=0 Failed=0","","SUCCESS"
"2026-07-04T06:43:03.330Z","LOGIN","Gaurav Reja","gaurav.reja@gmail.com","","Role:Member  Status:Approved","","SUCCESS"
"2026-07-04T06:43:27.251Z","LOGIN","Gaurav Reja","dendthdel@gmail.com","","Role:Admin  Status:Approved","","SUCCESS"
"2026-07-04T06:47:57.285Z","LOGIN","Gaurav Reja","gaurav.reja@gmail.com","","","","FAILED: Wrong password"
"2026-07-04T06:48:08.950Z","LOGIN","Gaurav Reja","gaurav.reja@gmail.com","","Role:Member  Status:Approved","","SUCCESS"
"2026-07-04T10:22:52.630Z","GOOGLE_SIGNUP","Karuna Gupta","karunagupta17556@gmail.com","","New user — profile completion required","","PENDING"
"2026-07-04T10:25:38.277Z","REGISTER","Karuna Gupta","karunagupta17556@gmail.com","karunagupta17556@gmail.com","City:Konch  Akna:रावत  Mobile:7830175250","","SUCCESS (Auto-Approved)"
"2026-07-04T10:25:41.765Z","GOOGLE_LOGIN","Karuna Gupta","karunagupta17556@gmail.com","","Role:Member  Status:Approved","","SUCCESS"
"2026-07-04T10:25:53.531Z","GOOGLE_LOGIN","Karuna Gupta","karunagupta17556@gmail.com","","Role:Member  Status:Approved","","SUCCESS"
"2026-07-04T13:06:07.268Z","GOOGLE_LOGIN","Saurabh kharya","saurabh.court@gmail.com","","Role:Member  Status:Approved","","SUCCESS"
"2026-07-05T02:55:35.937Z","BULK_INVITE_RUN","System","auto","","Processed=0 Failed=0","","SUCCESS"
"2026-07-05T03:11:46.509Z","GOOGLE_LOGIN","Arvind Kumar Baronia","arvindkumarbaronia@gmail.com","","Role:Member  Status:Approved","","SUCCESS"
"2026-07-05T03:14:03.932Z","GOOGLE_LOGIN","Arvind Kumar Baronia","arvindkumarbaronia@gmail.com","","Role:Member  Status:Approved","","SUCCESS"
"2026-07-05T03:14:13.163Z","GOOGLE_LOGIN","Arvind Kumar Baronia","arvindkumarbaronia@gmail.com","","Role:Member  Status:Approved","","SUCCESS"
"2026-07-05T07:08:04.008Z","LOGIN","Surendra Kumar Kharya","surendrakharya@hotmail.com","","","","FAILED: Wrong password"
"2026-07-05T07:08:19.323Z","LOGIN","Surendra Kumar Kharya","surendrakharya@hotmail.com","","","","FAILED: Wrong password"
"2026-07-05T07:12:26.155Z","FORGOT_PASSWORD","Surendra Kumar Kharya","surendrakharya@hotmail.com","surendrakharya@hotmail.com","","","SUCCESS"
"2026-07-05T07:13:33.689Z","LOGIN","Surendra Kumar Kharya","surendrakharya@hotmail.com","","","","FAILED: Wrong password"
"2026-07-05T07:14:34.658Z","LOGIN","Surendra Kumar Kharya","surendrakharya@hotmail.com","","Role:Member  Status:Approved","","SUCCESS"
"2026-07-05T07:20:22.218Z","LOGIN","Surendra Kumar Kharya","surendrakharya@hotmail.com","","Role:Member  Status:Approved","","SUCCESS"
"2026-07-05T11:59:06.470Z","LOGIN","Abhishek Kumar Gupta","abhishekgupta29@hotmail.com","","Role:Member  Status:Approved","","SUCCESS"
"2026-07-06T02:55:36.386Z","BULK_INVITE_RUN","System","auto","","Processed=0 Failed=0","","SUCCESS"
"2026-07-06T10:06:28.732Z","MAHASABHA_APPLY","Ghanshyamdas Gupta","suryansh.g.125@gmail.com","Ghanshyamdas Gupta","Interest form submitted to MahasabhaMembers","","SUCCESS"
"2026-07-07T02:55:35.410Z","BULK_INVITE_RUN","System","auto","","Processed=0 Failed=0","","SUCCESS"
"2026-07-07T06:32:50.822Z","SOFT_DELETE_MAT","Gaurav Rawat","gauravrawat987@gmail.com","","Shivam Suhane","","SUCCESS"
"2026-07-07T06:53:09.000Z","MAT_SUBMIT","Gaurav Rawat","gauravrawat987@gmail.com","Prakhar Rusia","Male | Kanpur | B.Tech, MBA","","SUCCESS"
"2026-07-07T06:54:34.188Z","LOGIN","Gaurav Rawat","gauravrawat987@gmail.com","","Role:Member  Status:Approved","","SUCCESS"
"2026-07-07T07:08:27.282Z","GOOGLE_SIGNUP","Kuldeep Gupta","kuldeepjikuldeep@gmail.com","","New user — profile completion required","","PENDING"
"2026-07-07T07:10:16.701Z","GOOGLE_SIGNUP","Kuldeep Gupta","kuldeepjikuldeep@gmail.com","","New user — profile completion required","","PENDING"
"2026-07-07T07:17:45.748Z","REGISTER","Kuldeep Gupta","kuldeepjikuldeep@gmail.com","kuldeepjikuldeep@gmail.com","City:Kanpur Nagar  Akna:रूसिया  Mobile:9451426400","","SUCCESS (Auto-Approved)"
"2026-07-07T07:17:50.873Z","GOOGLE_LOGIN","Kuldeep Gupta","kuldeepjikuldeep@gmail.com","","Role:Member  Status:Approved","","SUCCESS"
"2026-07-08T02:55:36.126Z","BULK_INVITE_RUN","System","auto","","Processed=0 Failed=0","","SUCCESS"
"2026-07-08T06:30:22.740Z","GOOGLE_LOGIN","Sunil Gupta","sunilgupta.xp@gmail.com","","Role:Member  Status:Approved","","SUCCESS"
"2026-07-08T06:30:47.067Z","GOOGLE_LOGIN","Sunil Gupta","sunilgupta.xp@gmail.com","","Role:Member  Status:Approved","","SUCCESS"
"2026-07-09T02:55:36.609Z","BULK_INVITE_RUN","System","auto","","Processed=0 Failed=0","","SUCCESS"
"2026-07-09T09:47:57.756Z","LOGIN","Roshni chhirolya","roshnichhirolya123@gmail.com","","","","FAILED: Wrong password"
"2026-07-09T09:48:04.155Z","LOGIN","Roshni chhirolya","roshnichhirolya123@gmail.com","","","","FAILED: Wrong password"
"2026-07-09T09:51:28.272Z","GOOGLE_LOGIN","Roshni chhirolya","roshnichhirolya123@gmail.com","","Role:Member  Status:Pending","","SUCCESS"
"2026-07-09T09:51:54.299Z","LOGIN","Roshni chhirolya","roshnichhirolya123@gmail.com","","","","FAILED: Wrong password"
"2026-07-09T09:52:08.206Z","LOGIN","Roshni chhirolya","roshnichhirolya123@gmail.com","","","","FAILED: Wrong password"
"2026-07-09T12:25:06.083Z","APPROVE","Gaurav Reja","dendthdel@gmail.com","Roshni chhirolya <roshnichhirolya123@gmail.com>","Role:Member","","SUCCESS"
"2026-07-09T12:49:30.855Z","GOOGLE_LOGIN","Roshni chhirolya","roshnichhirolya123@gmail.com","","Role:Member  Status:Approved","","SUCCESS"
"2026-07-09T12:50:31.027Z","LOGIN","Roshni chhirolya","roshnichhirolya123@gmail.com","","Role:Member  Status:Approved","","SUCCESS"
"2026-07-09T12:51:15.822Z","LOGIN","Roshni chhirolya","roshnichhirolya123@gmail.com","","Role:Member  Status:Approved","","SUCCESS"
"2026-07-09T12:53:20.722Z","EDIT_PROFILE","Roshni chhirolya","roshnichhirolya123@gmail.com","roshnichhirolya123@gmail.com","Profession: — → Nil | Address: — → Raigarh Chhattisgarh | Pincode: — → 496001 | Birthday: — → 02-23 | Photo: updated","","SUCCESS"
"2026-07-09T12:56:53.797Z","LOGIN","Roshni chhirolya","roshnichhirolya123@gmail.com","","Role:Member  Status:Approved","","SUCCESS"
"2026-07-09T13:00:29.497Z","EDIT_PROFILE","Roshni chhirolya","roshnichhirolya123@gmail.com","roshnichhirolya123@gmail.com","No changes detected","","SUCCESS"
"2026-07-09T13:09:55.448Z","MAT_SUBMIT","Roshni chhirolya","roshnichhirolya123@gmail.com","Roshni chhiroliya","Female | Raigarh Chhattisgarh | M.com & PGDCA","","SUCCESS"
"2026-07-09T13:10:27.781Z","LOGIN","Roshni chhirolya","roshnichhirolya123@gmail.com","","Role:Member  Status:Approved","","SUCCESS"
"2026-07-09T13:10:44.520Z","LOGIN","Roshni chhirolya","roshnichhirolya123@gmail.com","","Role:Member  Status:Approved","","SUCCESS"
"2026-07-09T13:11:10.315Z","LOGIN","Roshni chhirolya","roshnichhirolya123@gmail.com","","Role:Member  Status:Approved","","SUCCESS"
"2026-07-09T13:12:00.244Z","LOGIN","Roshni chhirolya","roshnichhirolya123@gmail.com","","Role:Member  Status:Approved","","SUCCESS"
"2026-07-09T13:12:44.333Z","LOGIN","Roshni chhirolya","roshnichhirolya123@gmail.com","","Role:Member  Status:Approved","","SUCCESS"
"2026-07-09T13:13:18.708Z","LOGIN","Roshni chhirolya","roshnichhirolya123@gmail.com","","Role:Member  Status:Approved","","SUCCESS"
"2026-07-09T13:16:04.221Z","LOGIN","Roshni chhirolya","roshnichhirolya123@gmail.com","","Role:Member  Status:Approved","","SUCCESS"
"2026-07-09T13:16:59.450Z","LOGIN","Roshni chhirolya","roshnichhirolya123@gmail.com","","Role:Member  Status:Approved","","SUCCESS"
"2026-07-10T02:55:35.804Z","BULK_INVITE_RUN","System","auto","","Processed=0 Failed=0","","SUCCESS"
"2026-07-10T09:07:32.515Z","LOGIN","Roshni chhirolya","roshnichhirolya123@gmail.com","","Role:Member  Status:Approved","","SUCCESS"
"2026-07-11T02:55:36.239Z","BULK_INVITE_RUN","System","auto","","Processed=0 Failed=0","","SUCCESS"
"2026-07-11T05:27:03.859Z","FORGOT_PASSWORD","Ramji Sharan Gupta","ramji.gupta284001@gmail.com","ramji.gupta284001@gmail.com","","","SUCCESS"
"2026-07-11T05:28:09.193Z","LOGIN","Ramji Sharan Gupta","ramji.gupta284001@gmail.com","","Role:Member  Status:Approved","","SUCCESS"
"2026-07-11T05:36:01.964Z","MAHASABHA_APPLY","Ramji Sharan Gupta","ramji.gupta284001@gmail.com","Ramji Sharan Gupta","Interest form submitted to MahasabhaMembers","","SUCCESS"
"2026-07-11T05:47:30.297Z","LOGIN","Ramji Sharan Gupta","ramji.gupta284001@gmail.com","","Role:Member  Status:Approved","","SUCCESS"
"2026-07-11T05:49:48.521Z","EDIT_PROFILE","Ramji Sharan Gupta","ramji.gupta284001@gmail.com","ramji.gupta284001@gmail.com","Address: — → Ramji Gupta Flat No -10004 Mapple A, Paramount Symphony Crossing Republik GHAZIABAD, UTTAR PRADESH | Pincode: — → 201016 | Marital: Unmarried → Married | Spouse: — → Nisha Gupta | Birthday: — → 05-02 | Anniversary: — → 03-01","","SUCCESS"
"2026-07-11T05:58:26.416Z","LOGIN","Ramji Sharan Gupta","ramji.gupta284001@gmail.com","","Role:Member  Status:Approved","","SUCCESS"
"2026-07-11T06:00:56.873Z","LOGIN","Ramji Sharan Gupta","ramji.gupta284001@gmail.com","","Role:Member  Status:Approved","","SUCCESS"
"2026-07-11T06:01:40.717Z","EDIT_PROFILE","Ramji Sharan Gupta","ramji.gupta284001@gmail.com","ramji.gupta284001@gmail.com","Native: Village -Sersa District  - Jhanai → Village -Sersa District  - Jhansi","","SUCCESS"
"2026-07-11T06:02:05.345Z","LOGIN","Ramji Sharan Gupta","ramji.gupta284001@gmail.com","","Role:Member  Status:Approved","","SUCCESS"
"2026-07-11T06:03:09.950Z","LOGIN","Ramji Sharan Gupta","ramji.gupta284001@gmail.com","","Role:Member  Status:Approved","","SUCCESS"
"2026-07-11T09:35:43.685Z","GOOGLE_SIGNUP","Aditi Gupta","aditiguptanit@gmail.com","","New user — profile completion required","","PENDING"
"2026-07-11T10:46:35.857Z","LOGIN","Aditi Gupta","aditiguptanit@gmail.com","","","","FAILED: Wrong password"
"2026-07-11T10:46:58.030Z","LOGIN","Aditi Gupta","aditiguptanit@gmail.com","","","","FAILED: Wrong password"
"2026-07-11T10:47:06.673Z","GOOGLE_LOGIN","Aditi Gupta","aditiguptanit@gmail.com","","Role:Member  Status:Pending","","SUCCESS"
"2026-07-11T10:47:30.729Z","GOOGLE_LOGIN","Aditi Gupta","aditiguptanit@gmail.com","","Role:Member  Status:Pending","","SUCCESS"
"2026-07-11T10:47:38.899Z","LOGIN","Aditi Gupta","aditiguptanit@gmail.com","","","","FAILED: Wrong password"
"2026-07-11T10:48:56.554Z","APPROVE","Gaurav Reja","dendthdel@gmail.com","Aditi Gupta <aditiguptanit@gmail.com>","Role:Member","","SUCCESS"
"2026-07-11T10:50:03.802Z","ADMIN_EDIT_MEMBER","Gaurav Reja","dendthdel@gmail.com","aditiguptanit@gmail.com","Edited: Aditi Gupta | aditiguptanit@gmail.com","","SUCCESS"
"2026-07-11T11:10:55.796Z","LOGIN","Ramu Gupta","ramugupta6198@gmail.com","","","","FAILED: Wrong password"
"2026-07-11T11:11:10.677Z","LOGIN","Ramu Gupta","ramugupta6198@gmail.com","","","","FAILED: Wrong password"
"2026-07-11T11:11:26.296Z","LOGIN","Ramu Gupta","ramugupta6198@gmail.com","","","","FAILED: Wrong password"
"2026-07-11T11:11:32.332Z","LOGIN","Ramu Gupta","ramugupta6198@gmail.com","","","","FAILED: Wrong password"
"2026-07-11T11:29:56.661Z","APPROVE","Gaurav Reja","dendthdel@gmail.com","Ramu Gupta <ramugupta6198@gmail.com>","Role:Member","","SUCCESS"
"2026-07-11T11:33:04.779Z","LOGIN","Ramu Gupta","ramugupta6198@gmail.com","","","","FAILED: Wrong password"
"2026-07-11T11:33:24.522Z","LOGIN","Ramu Gupta","ramugupta6198@gmail.com","","","","FAILED: Wrong password"
"2026-07-11T11:34:50.606Z","LOGIN","Ramu Gupta","ramugupta6198@gmail.com","","","","FAILED: Wrong password"
"2026-07-11T11:35:00.157Z","LOGIN","Ramu Gupta","ramugupta6198@gmail.com","","","","FAILED: Wrong password"
"2026-07-11T11:35:06.089Z","LOGIN","Ramu Gupta","ramugupta6198@gmail.com","","","","FAILED: Wrong password"
"2026-07-11T11:35:18.120Z","LOGIN","Ramu Gupta","ramugupta6198@gmail.com","","","","FAILED: Wrong password"
"2026-07-11T11:36:52.630Z","LOGIN","Ramu Gupta","ramugupta6198@gmail.com","","","","FAILED: Wrong password"
"2026-07-11T11:37:01.357Z","LOGIN","Ramu Gupta","ramugupta6198@gmail.com","","","","FAILED: Wrong password"
"2026-07-11T11:38:22.594Z","LOGIN","Ramu Gupta","ramugupta6198@gmail.com","","Role:Member  Status:Approved","","SUCCESS"
"2026-07-11T11:38:50.238Z","LOGIN","Ramu Gupta","ramugupta6198@gmail.com","","Role:Member  Status:Approved","","SUCCESS"
"2026-07-11T11:47:13.292Z","LOGIN","Ramu Gupta","ramugupta6198@gmail.com","","Role:Member  Status:Approved","","SUCCESS"
"2026-07-11T11:51:14.589Z","LOGIN","Gaurav Reja","dendthdel@gmail.com","","","","FAILED: Wrong password"
"2026-07-11T11:52:27.504Z","LOGIN","Gaurav Reja","dendthdel@gmail.com","","","","FAILED: Wrong password"
"2026-07-11T11:54:07.198Z","LOGIN","Gaurav Reja","dendthdel@gmail.com","","","","FAILED: Wrong password"
"2026-07-11T11:54:17.474Z","LOGIN","Gaurav Reja","dendthdel@gmail.com","","Role:Admin  Status:Approved","","SUCCESS"
"2026-07-11T11:56:18.997Z","LOGIN","Ramu Gupta","ramugupta6198@gmail.com","","Role:Member  Status:Approved","","SUCCESS"
"2026-07-11T11:59:07.132Z","LOGIN","Gaurav Reja","dendthdel@gmail.com","","Role:Admin  Status:Approved","","SUCCESS"
"2026-07-11T11:59:54.224Z","SET_MAHASABHA_ROLE","Gaurav Reja","dendthdel@gmail.com","Gaurav Reja <gaurav.reja@gmail.com>","MahasabhaPrint:Granted","","SUCCESS"
"2026-07-11T11:59:55.918Z","SET_MAHASABHA_ROLE","Gaurav Reja","dendthdel@gmail.com","Gaurav Reja <gaurav.reja@gmail.com>","MahasabhaPrint:Granted","","SUCCESS"
"2026-07-11T17:26:00.193Z","MAHASABHA_APPLY","Gaurav Reja","dendthdel@gmail.com","Gaurav Reja","Interest form submitted to MahasabhaMembers","","SUCCESS"
"2026-07-11T17:26:45.210Z","SET_MAHASABHA_ROLE","Gaurav Reja","dendthdel@gmail.com","Anuj Viswari <Viswari@gmail.com>","MahasabhaPrint:Granted","","SUCCESS"
"2026-07-11T17:26:47.347Z","SET_MAHASABHA_ROLE","Gaurav Reja","dendthdel@gmail.com","Anuj Viswari <Viswari@gmail.com>","MahasabhaPrint:Granted","","SUCCESS"
"2026-07-11T17:27:10.170Z","SET_MAHASABHA_ROLE","Gaurav Reja","dendthdel@gmail.com","Ashish Nagariya <aasheesh.guptaa@gmail.com>","MahasabhaPrint:Revoked","","SUCCESS"
"2026-07-11T17:27:41.932Z","LOGIN","Gaurav Reja","gaurav.reja@gmail.com","","Role:mahasabhaPrint  Status:Approved","","SUCCESS"
"2026-07-11T17:31:29.218Z","MAHASABHA_APPLY","Gaurav Reja","gaurav.reja@gmail.com","Gaurav Reja","Interest form submitted to MahasabhaMembers","","SUCCESS"
"2026-07-11T17:32:14.301Z","LOGIN","Gaurav Reja","dendthdel@gmail.com","","Role:Admin  Status:Approved","","SUCCESS"
"2026-07-11T17:33:11.400Z","SET_MAHASABHA_ROLE","Gaurav Reja","dendthdel@gmail.com","Anuj Viswari <Viswari@gmail.com>","MahasabhaPrint:Granted","","SUCCESS"
"2026-07-12T02:55:36.344Z","BULK_INVITE_RUN","System","auto","","Processed=0 Failed=0","","SUCCESS"
"2026-07-12T04:19:47.966Z","MAHASABHA_APPLY","Gaurav Reja","dendthdel@gmail.com","Gaurav Reja","Interest form submitted to MahasabhaMembers","","SUCCESS"
"2026-07-12T04:27:29.044Z","MAHASABHA_APPLY","Gaurav Reja","dendthdel@gmail.com","Gaurav Reja","Interest form submitted to MahasabhaMembers","","SUCCESS"
"2026-07-12T04:28:32.573Z","SET_MAHASABHA_ROLE","Gaurav Reja","dendthdel@gmail.com","Ashish Nagariya <aasheesh.guptaa@gmail.com>","MahasabhaPrint:Granted","","SUCCESS"
"2026-07-12T04:31:06.770Z","LOGIN","Gaurav Reja","gaurav.reja@gmail.com","","Role:mahasabhaPrint  Status:Approved","","SUCCESS"
"2026-07-12T04:31:33.064Z","MAHASABHA_APPLY","Gaurav Reja","gaurav.reja@gmail.com","Gaurav Reja","Interest form submitted to MahasabhaMembers","","SUCCESS"
"2026-07-12T04:58:02.826Z","LOGIN","Gaurav Reja","gaurav.reja@gmail.com","","Role:mahasabhaPrint  Status:Approved","","SUCCESS"
"2026-07-12T07:48:11.565Z","GOOGLE_SIGNUP","prince suhane","suhaneprince5@gmail.com","","New user — profile completion required","","PENDING"
"2026-07-12T07:49:28.914Z","REGISTER","prince suhane","suhaneprince5@gmail.com","suhaneprince5@gmail.com","City:Bhopal  Akna:सुहाने  Mobile:7999495785","","SUCCESS (Auto-Approved)"
"2026-07-12T07:49:32.907Z","GOOGLE_LOGIN","prince suhane","suhaneprince5@gmail.com","","Role:Member  Status:Approved","","SUCCESS"
"2026-07-12T07:55:05.769Z","LOGIN","prince suhane","suhaneprince5@gmail.com","","Role:Member  Status:Approved","","SUCCESS"
"2026-07-12T07:55:46.885Z","LOGIN","prince suhane","suhaneprince5@gmail.com","","Role:Member  Status:Approved","","SUCCESS"
"2026-07-12T12:11:29.864Z","MAHASABHA_STATUS","Gaurav Reja","dendthdel@gmail.com","ramji.gupta284001@gmail.com","Status:update","","SUCCESS"
"2026-07-13T02:55:35.700Z","BULK_INVITE_RUN","System","auto","","Processed=0 Failed=0","","SUCCESS"
"2026-07-14T02:55:39.542Z","BULK_INVITE_RUN","System","auto","","Processed=0 Failed=0","","SUCCESS"
"2026-07-14T03:37:26.500Z","GOOGLE_SIGNUP","neelkamal gupta","prinedimondcity@gmail.com","","New user — profile completion required","","PENDING"
"2026-07-14T03:39:34.906Z","REGISTER","neelkamal bilaiya","prinedimondcity@gmail.com","prinedimondcity@gmail.com","City:Panna  Akna:विलैया  Mobile:9993936624","","SUCCESS (Auto-Approved)"
"2026-07-14T03:39:38.855Z","GOOGLE_LOGIN","neelkamal bilaiya","prinedimondcity@gmail.com","","Role:Member  Status:Approved","","SUCCESS"
"2026-07-14T06:14:39.953Z","GOOGLE_SIGNUP","Saurabh Bahre","saurabh.sap07@gmail.com","","New user — profile completion required","","PENDING"
"2026-07-14T13:21:26.408Z","MAHASABHA_STATUS","Gaurav Reja","dendthdel@gmail.com","ramji.gupta284001@gmail.com","Status:update","","SUCCESS"
"2026-07-15T02:55:35.952Z","BULK_INVITE_RUN","System","auto","","Processed=0 Failed=0","","SUCCESS"
"2026-07-15T11:14:53.457Z","GOOGLE_LOGIN","Gahoi ashish R. P suhane","gahoiashishsuhane143123@gmail.com","","Role:Member  Status:Approved","","SUCCESS"
"2026-07-15T11:15:46.359Z","GOOGLE_LOGIN","Gahoi ashish R. P suhane","gahoiashishsuhane143123@gmail.com","","Role:Member  Status:Approved","","SUCCESS"
"2026-07-15T11:16:58.607Z","LOGIN","Gahoi ashish R. P suhane","gahoiashishsuhane143123@gmail.com","","Role:Member  Status:Approved","","SUCCESS"
"2026-07-15T11:17:00.518Z","LOGIN","Gahoi ashish R. P suhane","gahoiashishsuhane143123@gmail.com","","Role:Member  Status:Approved","","SUCCESS"
"2026-07-15T11:17:06.808Z","LOGIN","Gahoi ashish R. P suhane","gahoiashishsuhane143123@gmail.com","","Role:Member  Status:Approved","","SUCCESS"
"2026-07-15T11:19:19.122Z","LOGIN","Gahoi ashish R. P suhane","gahoiashishsuhane143123@gmail.com","","Role:Member  Status:Approved","","SUCCESS"
"2026-07-15T11:20:51.372Z","EDIT_PROFILE","Gahoi ashish R. P suhane","gahoiashishsuhane143123@gmail.com","gahoiashishsuhane143123@gmail.com","City: Jhansi → Garhwai | Pincode: 284001 → 284202 | Blood: — → B+","","SUCCESS"
"2026-07-15T11:21:15.596Z","LOGIN","Gahoi ashish R. P suhane","gahoiashishsuhane143123@gmail.com","","Role:Member  Status:Approved","","SUCCESS"
"2026-07-15T11:21:49.222Z","LOGIN","Gahoi ashish R. P suhane","gahoiashishsuhane143123@gmail.com","","Role:Member  Status:Approved","","SUCCESS"
"2026-07-15T11:23:16.127Z","LOGIN","Gahoi ashish R. P suhane","gahoiashishsuhane143123@gmail.com","","Role:Member  Status:Approved","","SUCCESS"
"2026-07-15T11:25:55.691Z","LOGIN","Gahoi ashish R. P suhane","gahoiashishsuhane143123@gmail.com","","Role:Member  Status:Approved","","SUCCESS"
"2026-07-15T11:29:09.431Z","LOGIN","Gahoi ashish R. P suhane","gahoiashishsuhane143123@gmail.com","","Role:Member  Status:Approved","","SUCCESS"
"2026-07-15T11:31:01.154Z","EDIT_PROFILE","Gahoi ashish R. P suhane","gahoiashishsuhane143123@gmail.com","gahoiashishsuhane143123@gmail.com","ShowMobile: no → yes | Photo: updated","","SUCCESS"
"2026-07-15T11:31:24.493Z","LOGIN","Gahoi ashish R. P suhane","gahoiashishsuhane143123@gmail.com","","Role:Member  Status:Approved","","SUCCESS"
"2026-07-15T11:32:12.329Z","EDIT_PROFILE","Gahoi ashish R. P suhane","gahoiashishsuhane143123@gmail.com","gahoiashishsuhane143123@gmail.com","Name: Gahoi ashish R. P suhane → Gahoi ASHISH SUHANE","","SUCCESS"
"2026-07-15T11:32:50.428Z","LOGIN","Gahoi ASHISH SUHANE","gahoiashishsuhane143123@gmail.com","","Role:Member  Status:Approved","","SUCCESS"
"2026-07-15T11:39:05.385Z","APPROVE","Gaurav Reja","dendthdel@gmail.com","Mahesh Kumar Modi <modiji1971@gmail.com>","Role:Member","","SUCCESS"
"2026-07-15T11:39:10.491Z","APPROVE","Gaurav Reja","dendthdel@gmail.com","Anup Gupta <meanup.2009@gmail.com>","Role:Member","","SUCCESS"
"2026-07-15T11:41:25.074Z","LOGIN","Mahesh Kumar Modi","modiji1971@gmail.com","","Role:Member  Status:Approved","","SUCCESS"
"2026-07-15T11:42:10.329Z","LOGIN","Mahesh Kumar Modi","modiji1971@gmail.com","","Role:Member  Status:Approved","","SUCCESS"
"2026-07-15T11:53:46.546Z","LOGIN","Mahesh Kumar Modi","modiji1971@gmail.com","","Role:Member  Status:Approved","","SUCCESS"
"2026-07-15T12:00:17.432Z","EDIT_PROFILE","Mahesh Kumar Modi","modiji1971@gmail.com","modiji1971@gmail.com","Mobile: 7987147735 → 9630093379 | Profession: — → Contractor | Designation: — → Proprietor | Address: — → 966/2 | Pincode: — → 473001 | Marital: Unmarried → Married | Spouse: — → Rani Modi | Blood: — → O+ | Birthday: — → 07-10 | Anniversary: — → 11-29 | Photo: updated","","SUCCESS"
"2026-07-15T12:00:46.417Z","LOGIN","Mahesh Kumar Modi","modiji1971@gmail.com","","Role:Member  Status:Approved","","SUCCESS"
"2026-07-15T13:51:48.842Z","GOOGLE_SIGNUP","Saurabh Gupta","guptasaurabh1016@gmail.com","","New user — profile completion required","","PENDING"
"2026-07-15T13:52:51.132Z","REGISTER","Saurabh Gupta","guptasaurabh1016@gmail.com","guptasaurabh1016@gmail.com","City:Bhopal  Akna:तीतबिलासी  Mobile:8839435554","","SUCCESS (Auto-Approved)"
"2026-07-15T13:52:54.778Z","GOOGLE_LOGIN","Saurabh Gupta","guptasaurabh1016@gmail.com","","Role:Member  Status:Approved","","SUCCESS"
"2026-07-15T13:58:20.672Z","GOOGLE_LOGIN","राजेन्द्र प्रसाद सेठ","guptarajedra6135@gmail.com","","Role:Member  Status:Pending","","SUCCESS"
"2026-07-15T14:01:01.931Z","GOOGLE_LOGIN","राजेन्द्र प्रसाद सेठ","guptarajedra6135@gmail.com","","Role:Member  Status:Pending","","SUCCESS"
"2026-07-15T14:04:19.397Z","GOOGLE_LOGIN","राजेन्द्र प्रसाद सेठ","guptarajedra6135@gmail.com","","Role:Member  Status:Pending","","SUCCESS"
"2026-07-15T14:09:02.065Z","GOOGLE_LOGIN","राजेन्द्र प्रसाद सेठ","guptarajedra6135@gmail.com","","Role:Member  Status:Pending","","SUCCESS"
"2026-07-15T14:09:18.604Z","GOOGLE_LOGIN","राजेन्द्र प्रसाद सेठ","guptarajedra6135@gmail.com","","Role:Member  Status:Pending","","SUCCESS"
"2026-07-15T15:00:40.877Z","APPROVE","Gaurav Reja","dendthdel@gmail.com","राजेन्द्र प्रसाद सेठ <guptarajedra6135@gmail.com>","Role:Member","","SUCCESS"
"2026-07-16T02:55:37.367Z","BULK_INVITE_RUN","System","auto","","Processed=0 Failed=0","","SUCCESS"
"2026-07-17T02:55:44.186Z","BULK_INVITE_RUN","System","auto","","Processed=0 Failed=0","","SUCCESS"
"2026-07-17T04:26:38.703Z","GOOGLE_LOGIN","Arpit Gupta","arpitgupta02200@gmail.com","","Role:Member  Status:Approved","","SUCCESS"
"2026-07-17T08:02:40.021Z","SET_MAHASABHA_ROLE","Gaurav Reja","dendthdel@gmail.com","Gaurav Rawat <gauravrawat987@gmail.com>","MahasabhaPrint:Granted","","SUCCESS"
"2026-07-17T11:12:41.998Z","LOGIN","Gaurav Reja","dendthdel@gmail.com","","Role:Admin  Status:Approved","","SUCCESS"
"2026-07-17T11:13:09.944Z","MAHASABHA_RESET","Gaurav Reja","dendthdel@gmail.com","sanjayanita621@gmail.com","Application withdrawn/reset by admin","","SUCCESS"
"2026-07-17T11:13:59.076Z","MAHASABHA_APPLY","Gaurav Reja","dendthdel@gmail.com","Gaurav Reja","Interest form submitted to MahasabhaMembers","","SUCCESS"
"2026-07-17T11:14:35.268Z","MAHASABHA_RESET","Gaurav Reja","dendthdel@gmail.com","dendthdel@gmail.com","Application withdrawn/reset by admin","","SUCCESS"
"2026-07-18T02:55:35.369Z","BULK_INVITE_RUN","System","auto","","Processed=0 Failed=0","","SUCCESS"
"2026-07-18T03:15:33.164Z","LOGIN","Gaurav Reja","gaurav.reja@gmail.com","","Role:mahasabhaPrint  Status:Approved","","SUCCESS"
"2026-07-18T03:16:06.517Z","LOGIN","Gaurav Reja","dendthdel@gmail.com","","Role:Admin  Status:Approved","","SUCCESS"
"2026-07-19T02:55:34.670Z","BULK_INVITE_RUN","System","auto","","Processed=0 Failed=0","","SUCCESS"
"2026-07-19T03:54:26.162Z","LOGIN","Gaurav Reja","gaurav.reja@gmail.com","","Role:mahasabhaPrint  Status:Approved","","SUCCESS"
"2026-07-19T08:03:25.921Z","GOOGLE_SIGNUP","Sanjay Gupta","sg74522@gmail.com","","New user — profile completion required","","PENDING"
"2026-07-19T08:04:17.442Z","GOOGLE_SIGNUP","Sanjay Gupta","sg74522@gmail.com","","New user — profile completion required","","PENDING"
"2026-07-19T08:08:15.581Z","REGISTER","Sanjay Gupta","sg74522@gmail.com","sg74522@gmail.com","City:Jhansi City  Akna:तीतबिलासी  Mobile:9415589478","","SUCCESS (Auto-Approved)"
"2026-07-19T08:08:19.460Z","GOOGLE_LOGIN","Sanjay Gupta","sg74522@gmail.com","","Role:Member  Status:Approved","","SUCCESS"
"2026-07-19T08:08:46.814Z","LOGIN","Sanjay Gupta","sg74522@gmail.com","","Role:Member  Status:Approved","","SUCCESS"
"2026-07-19T08:09:53.708Z","LOGIN","Gaurav Reja","dendthdel@gmail.com","","Role:Admin  Status:Approved","","SUCCESS"
"2026-07-19T16:03:31.117Z","LOGIN","Krishan Kumar Kankane","vidhimobilecare2019@gmail.com","","Role:Member  Status:Approved","","SUCCESS"
"2026-07-20T02:55:40.371Z","BULK_INVITE_RUN","System","auto","","Processed=0 Failed=0","","SUCCESS"
"2026-07-20T03:39:03.293Z","LOGIN","Amit gupta","amitoppo78n@gmail.com","","Role:Member  Status:Approved","","SUCCESS"
"2026-07-20T03:39:24.185Z","LOGIN","Amit gupta","amitoppo78n@gmail.com","","Role:Member  Status:Approved","","SUCCESS"
"2026-07-20T07:18:16.438Z","LOGIN","Pramod Kumar Gupta","pramodgupta935@gmail.com","","","","FAILED: Wrong password"
"2026-07-21T02:55:38.559Z","BULK_INVITE_RUN","System","auto","","Processed=0 Failed=0","","SUCCESS"
"2026-07-21T06:54:10.995Z","LOGIN","SHARAD CHANDRA GUPTA","sharadcgupta2007@gmail.com","","","","FAILED: Wrong password"
"2026-07-21T06:54:26.477Z","LOGIN","SHARAD CHANDRA GUPTA","sharadcgupta2007@gmail.com","","","","FAILED: Wrong password"
"2026-07-21T06:54:51.772Z","LOGIN","SHARAD CHANDRA GUPTA","sharadcgupta2007@gmail.com","","","","FAILED: Wrong password"
"2026-07-21T06:55:16.734Z","FORGOT_PASSWORD","SHARAD CHANDRA GUPTA","sharadcgupta2007@gmail.com","sharadcgupta2007@gmail.com","","","SUCCESS"
"2026-07-21T06:56:03.824Z","LOGIN","SHARAD CHANDRA GUPTA","sharadcgupta2007@gmail.com","","Role:Member  Status:Approved","","SUCCESS"
"2026-07-21T06:56:13.449Z","LOGIN","SHARAD CHANDRA GUPTA","sharadcgupta2007@gmail.com","","Role:Member  Status:Approved","","SUCCESS"
"2026-07-21T07:03:17.253Z","LOGIN","SHARAD CHANDRA GUPTA","sharadcgupta2007@gmail.com","","Role:Member  Status:Approved","","SUCCESS"
"2026-07-21T15:12:17.041Z","GOOGLE_SIGNUP","Ajay Gupta","19ajay72@gmail.com","","New user — profile completion required","","PENDING"
"2026-07-22T02:55:35.634Z","BULK_INVITE_RUN","System","auto","","Processed=0 Failed=0","","SUCCESS"
"2026-07-22T11:51:59.516Z","LOGIN","Mhaveer Sharan Gupta","mhaveersharan2015@gmail.com","","","","FAILED: Wrong password"
"2026-07-22T11:52:07.381Z","LOGIN","Mhaveer Sharan Gupta","mhaveersharan2015@gmail.com","","","","FAILED: Wrong password"
"2026-07-22T11:54:09.703Z","LOGIN","Mhaveer Sharan Gupta","mhaveersharan2015@gmail.com","","Role:Member  Status:Approved","","SUCCESS"
"2026-07-22T11:55:10.350Z","LOGIN","Mhaveer Sharan Gupta","mhaveersharan2015@gmail.com","","Role:Member  Status:Approved","","SUCCESS"
"2026-07-22T11:57:59.752Z","LOGIN","Mhaveer Sharan Gupta","mhaveersharan2015@gmail.com","","Role:Member  Status:Approved","","SUCCESS"
"2026-07-22T17:36:23.795Z","LOGIN","Amit gupta","amitoppo78n@gmail.com","","Role:Member  Status:Approved","","SUCCESS"
"2026-07-22T17:40:32.743Z","EDIT_PROFILE","Amit gupta","amitoppo78n@gmail.com","amitoppo78n@gmail.com","Profession: — → Govt | Designation: — → Assistant programmer | Address: — → Datia | Pincode: — → 475661 | Birthday: — → 06-20","","SUCCESS"
"2026-07-22T17:53:35.606Z","MAT_SUBMIT","Amit gupta","amitoppo78n@gmail.com","Amit gupta","Male | Gwalior | MCA","","SUCCESS"
"2026-07-22T18:08:28.966Z","LOGIN","Amit gupta","amitoppo78n@gmail.com","","Role:Member  Status:Approved","","SUCCESS"
"2026-07-22T18:11:20.457Z","FORGOT_PASSWORD","prince suhane","suhaneprince5@gmail.com","suhaneprince5@gmail.com","","","SUCCESS"
"2026-07-22T18:12:44.989Z","LOGIN","prince suhane","suhaneprince5@gmail.com","","Role:Member  Status:Approved","","SUCCESS"
"2026-07-23T02:55:37.602Z","BULK_INVITE_RUN","System","auto","","Processed=0 Failed=0","","SUCCESS"
"2026-07-23T03:17:19.430Z","LOGIN","Anil Prakash Neekhra","anilneekhara2@gmail.com","","Role:Member  Status:Approved","","SUCCESS"
"2026-07-23T03:22:07.114Z","EDIT_PROFILE","Anil Prakash Neekhra","anilneekhara2@gmail.com","anilneekhara2@gmail.com","Profession: Building Material → Neekhra Building Material, Hardwere,senetry | Designation: — → ACC,JK Cement, गिट्टी, बालू दरबाजा, खिड़की, | Photo: updated","","SUCCESS"
"2026-07-23T09:11:12.030Z","GOOGLE_SIGNUP","twinkle gupta","twinklegupta0396.tg@gmail.com","","New user — profile completion required","","PENDING"
"2026-07-23T17:09:57.044Z","LOGIN","Amit gupta","amitoppo78n@gmail.com","","Role:Member  Status:Approved","","SUCCESS"
"2026-07-23T17:15:20.132Z","LOGIN","Amit gupta","amitoppo78n@gmail.com","","Role:Member  Status:Approved","","SUCCESS"
"2026-07-24T02:55:36.862Z","BULK_INVITE_RUN","System","auto","","Processed=0 Failed=0","","SUCCESS"
"2026-07-25T02:55:36.604Z","BULK_INVITE_RUN","System","auto","","Processed=0 Failed=0","","SUCCESS"
"2026-07-25T03:19:45.800Z","LOGIN","Ravindra Kumar Gupta","rkgupta.contact@gmail.com","","","","FAILED: Wrong password"
"2026-07-25T03:20:16.245Z","LOGIN","Ravindra Kumar Gupta","rkgupta.contact@gmail.com","","","","FAILED: Wrong password"
"2026-07-25T03:24:04.802Z","LOGIN","Ravindra Kumar Gupta","rkgupta.contact@gmail.com","","Role:Member  Status:Approved","","SUCCESS"
"2026-07-25T03:46:38.497Z","LOGIN","Ravindra Kumar Gupta","rkgupta.contact@gmail.com","","Role:Member  Status:Approved","","SUCCESS"
"2026-07-25T04:00:49.730Z","EDIT_PROFILE","Ravindra Kumar Gupta","rkgupta.contact@gmail.com","rkgupta.contact@gmail.com","Profession: — → Engineering | Designation: — → Retired GM | Address: — → 64B, Pocket-B,  Mayur Vihar Phase-2 | Pincode: — → 110091 | Marital: Unmarried → Married | Spouse: — → Shobha Gupta","","SUCCESS"
"2026-07-25T04:01:46.959Z","EDIT_PROFILE","Ravindra Kumar Gupta","rkgupta.contact@gmail.com","rkgupta.contact@gmail.com","Address: 64B, Pocket-B,  Mayur Vihar Phase-2 → 64B, Pocket-B,  Mayur Vihar Phase-2,Delhi-110091","","SUCCESS"
"2026-07-25T04:03:54.850Z","LOGIN","Ravindra Kumar Gupta","rkgupta.contact@gmail.com","","Role:Member  Status:Approved","","SUCCESS"
"2026-07-25T04:04:18.111Z","LOGIN","Ravindra Kumar Gupta","rkgupta.contact@gmail.com","","Role:Member  Status:Approved","","SUCCESS"
"2026-07-25T04:12:02.955Z","EDIT_PROFILE","Ravindra Kumar Gupta","rkgupta.contact@gmail.com","rkgupta.contact@gmail.com","No changes detected","","SUCCESS"
"2026-07-25T04:14:19.020Z","EDIT_PROFILE","Ravindra Kumar Gupta","rkgupta.contact@gmail.com","rkgupta.contact@gmail.com","Designation: Retired GM → Retired GM / BHEL | Blood: — → O+","","SUCCESS"
"2026-07-25T04:14:40.055Z","LOGIN","Ravindra Kumar Gupta","rkgupta.contact@gmail.com","","Role:Member  Status:Approved","","SUCCESS"
"2026-07-25T04:15:43.814Z","EDIT_PROFILE","Ravindra Kumar Gupta","rkgupta.contact@gmail.com","rkgupta.contact@gmail.com","Birthday: — → 07-01","","SUCCESS"
"2026-07-25T05:38:24.070Z","LOGIN","Muskaan Gupta","guptamuskan30420@gmail.com","","Role:Member  Status:Approved","","SUCCESS"
"2026-07-25T05:40:02.593Z","EDIT_PROFILE","Muskaan Gupta","guptamuskan30420@gmail.com","guptamuskan30420@gmail.com","Photo: updated","","SUCCESS"
"2026-07-25T05:40:20.033Z","LOGIN","Muskaan Gupta","guptamuskan30420@gmail.com","","Role:Member  Status:Approved","","SUCCESS"
"2026-07-25T05:40:30.174Z","LOGIN","Muskaan Gupta","guptamuskan30420@gmail.com","","Role:Member  Status:Approved","","SUCCESS"
"2026-07-25T05:40:54.220Z","EDIT_PROFILE","Muskaan Gupta","guptamuskan30420@gmail.com","guptamuskan30420@gmail.com","Mobile: 9516393133 → 9424050324","","SUCCESS"
"2026-07-25T05:41:37.118Z","LOGIN","Muskaan Gupta","guptamuskan30420@gmail.com","","Role:Member  Status:Approved","","SUCCESS"
"2026-07-25T13:05:55.145Z","LOGIN","Dr Rajeev Kurele","dr.rajeevkurele1@gmail.com","","Role:Member  Status:Approved","","SUCCESS"
"2026-07-26T02:55:35.437Z","BULK_INVITE_RUN","System","auto","","Processed=0 Failed=0","","SUCCESS"
"2026-07-26T15:32:58.772Z","GOOGLE_LOGIN","Arpit Gupta","arpitgupta02200@gmail.com","","Role:Member  Status:Approved","","SUCCESS"
"2026-07-26T23:06:16.323Z","GOOGLE_LOGIN","Saurabh Sohane","ssohane2@gmail.com","","Role:Member  Status:Approved","","SUCCESS"
"2026-07-27T02:17:26.332Z","LOGIN","Muskaan Gupta","guptamuskan30420@gmail.com","","Role:Member  Status:Approved","","SUCCESS"
"2026-07-27T02:18:01.587Z","LOGIN","Muskaan Gupta","guptamuskan30420@gmail.com","","Role:Member  Status:Approved","","SUCCESS"
"2026-07-27T02:55:37.162Z","BULK_INVITE_RUN","System","auto","","Processed=0 Failed=0","","SUCCESS"
"2026-07-27T11:58:44.178Z","APPROVE","Gaurav Reja","dendthdel@gmail.com","Neerav Gupta <neerav.gupta701@gmail.com>","Role:Member","","SUCCESS"
"2026-07-27T11:59:35.823Z","GOOGLE_SIGNUP","Utkarsh Gupta","puru.gupta901@gmail.com","","New user — profile completion required","","PENDING"
"2026-07-27T17:55:54.170Z","LOGIN","Dheeraj Gupta(चऊदा)","mdheerajgupta@gmail.com","","Role:Approver  Status:Approved","","SUCCESS"
"2026-07-27T17:56:21.976Z","APPROVE","Dheeraj Gupta(चऊदा)","mdheerajgupta@gmail.com","Shekhar Gupta <shekhargupta0987@gmail.com>","Role:Member","","SUCCESS"
"2026-07-27T17:56:34.032Z","LOGIN","Dheeraj Gupta(चऊदा)","mdheerajgupta@gmail.com","","Role:Approver  Status:Approved","","SUCCESS"
"2026-07-27T17:57:51.155Z","LOGIN","Shekhar Gupta","shekhargupta0987@gmail.com","","Role:Member  Status:Approved","","SUCCESS"
"2026-07-27T17:58:01.826Z","LOGIN","Shekhar Gupta","shekhargupta0987@gmail.com","","Role:Member  Status:Approved","","SUCCESS"
"2026-07-27T18:10:38.082Z","EDIT_PROFILE","Shekhar Gupta","shekhargupta0987@gmail.com","shekhargupta0987@gmail.com","City: Niwari → Ubora | Profession: — → Civil Engineer | Designation: — → AQME | Address: — → Gram/Post Uboura | Pincode: — → 472445 | Blood: — → O+ | Birthday: — → 08-17 | Photo: updated","","SUCCESS"
"2026-07-27T18:11:41.572Z","LOGIN","Shekhar Gupta","shekhargupta0987@gmail.com","","Role:Member  Status:Approved","","SUCCESS"
"2026-07-27T18:59:04.297Z","MAT_SUBMIT","Shekhar Gupta","shekhargupta0987@gmail.com","शेखर गुप्ता","Male | पुणे | DIPLOMA, B.TECH, M.TECH","","SUCCESS"
"2026-07-27T19:00:28.916Z","LOGIN","Shekhar Gupta","shekhargupta0987@gmail.com","","Role:Member  Status:Approved","","SUCCESS"
"2026-07-28T02:55:36.481Z","BULK_INVITE_RUN","System","auto","","Processed=0 Failed=0","","SUCCESS"
"2026-07-28T15:27:54.002Z","LOGIN","Shekhar Gupta","shekhargupta0987@gmail.com","","Role:Member  Status:Approved","","SUCCESS"
"2026-07-28T17:34:39.906Z","LOGIN","Rekha Kathal","rkathal14@gmail.com","","","","FAILED: Wrong password"
"2026-07-28T17:34:54.651Z","LOGIN","Rekha Kathal","rkathal14@gmail.com","","","","FAILED: Wrong password"
"2026-07-28T17:36:13.723Z","APPROVE","Gaurav Reja","dendthdel@gmail.com","Rekha Kathal <rkathal14@gmail.com>","Role:Member","","SUCCESS"
"2026-07-29T02:55:36.191Z","BULK_INVITE_RUN","System","auto","","Processed=0 Failed=0","","SUCCESS"
"2026-07-29T06:39:38.848Z","GOOGLE_LOGIN","Arpit Gupta","arpitgupta02200@gmail.com","","Role:Member  Status:Approved","","SUCCESS"
"2026-07-29T06:45:08.559Z","MAT_SUBMIT","Arpit Gupta","arpitgupta02200@gmail.com","Arpit Chhiroliya","Male | Dabra | B.Tech (Information Technology)","","SUCCESS"
"2026-07-29T06:45:38.408Z","LOGIN","Arpit Gupta","arpitgupta02200@gmail.com","","Role:Member  Status:Approved","","SUCCESS"
"2026-07-29T06:47:47.376Z","LOGIN","Arpit Gupta","arpitgupta02200@gmail.com","","Role:Member  Status:Approved","","SUCCESS"
"2026-07-29T08:10:43.279Z","MAT_SUBMIT","Arpit Gupta","arpitgupta02200@gmail.com","Goldy Gupta","Male | Banglore | BCA","","SUCCESS"
"2026-07-30T02:55:38.981Z","BULK_INVITE_RUN","System","auto","","Processed=0 Failed=0","","SUCCESS"
"2026-07-30T14:34:58.585Z","GOOGLE_LOGIN","Arpit Gupta","arpitgupta02200@gmail.com","","Role:Member  Status:Approved","","SUCCESS"
"2026-07-31T02:55:35.918Z","BULK_INVITE_RUN","System","auto","","Processed=0 Failed=0","","SUCCESS"
"2026-07-31T06:59:04.271Z","GOOGLE_LOGIN","Arpit Gupta","arpitgupta02200@gmail.com","","Role:Member  Status:Approved","","SUCCESS"
"2026-07-31T09:37:20.103Z","APPROVE","Gaurav Reja","dendthdel@gmail.com","LAKI GUPTA <guptalaki07@gmail.com>","Role:Member","","SUCCESS"
"2026-07-31T10:28:49.629Z","LOGIN","LAKI GUPTA","guptalaki07@gmail.com","","Role:Member  Status:Approved","","SUCCESS"
"2026-07-31T10:29:06.219Z","LOGIN","LAKI GUPTA","guptalaki07@gmail.com","","Role:Member  Status:Approved","","SUCCESS"
"2026-07-31T10:30:08.729Z","EDIT_PROFILE","LAKI GUPTA","guptalaki07@gmail.com","guptalaki07@gmail.com","Marital: Unmarried → Married","","SUCCESS"
"2026-07-31T10:33:39.611Z","LOGIN","LAKI GUPTA","guptalaki07@gmail.com","","Role:Member  Status:Approved","","SUCCESS"
"2026-08-01T02:55:36.222Z","BULK_INVITE_RUN","System","auto","","Processed=0 Failed=0","","SUCCESS"
"2026-08-01T03:01:11.429Z","LEDGER_ENTRY","dendthdel@gmail.com","","","EXPENSE ₹2100 — Gift for Kavi Sammelan (Gift purchase)","","SUCCESS"
"2026-08-01T03:01:44.097Z","LEDGER_ENTRY","dendthdel@gmail.com","","","EXPENSE ₹350 — Porter","","SUCCESS"
"2026-08-01T03:02:21.583Z","LEDGER_ENTRY","dendthdel@gmail.com","","","EXPENSE ₹3000 — Sammelan gift (Kavi gift)","","SUCCESS"
"2026-08-01T10:25:30.354Z","LEDGER_ENTRY","dendthdel@gmail.com","","","INCOME ₹4000 — Program Contribution (Sumit Gupta Noida)","","SUCCESS"
"2026-08-01T10:25:58.815Z","LEDGER_ENTRY","dendthdel@gmail.com","","","INCOME ₹5100 — Program Contribution (Anmol)","","SUCCESS"
"2026-08-01T10:27:21.728Z","LEDGER_ENTRY","dendthdel@gmail.com","","","INCOME ₹2000 — Program Contribution (Rohit Rusia)","","SUCCESS"
"2026-08-01T14:10:19.208Z","LOGIN","Prabhakar Tikaria","tikaria.prabhakar@gmail.com","","","","FAILED: Wrong password"
"2026-08-01T14:10:43.567Z","FORGOT_PASSWORD","Prabhakar Tikaria","tikaria.prabhakar@gmail.com","tikaria.prabhakar@gmail.com","","","SUCCESS"
"2026-08-01T14:11:50.986Z","LOGIN","Prabhakar Tikaria","tikaria.prabhakar@gmail.com","","Role:Member  Status:Pending","","SUCCESS"
"2026-08-01T14:12:29.433Z","LOGIN","Prabhakar Tikaria","tikaria.prabhakar@gmail.com","","Role:Member  Status:Pending","","SUCCESS"
"2026-08-01T14:12:54.823Z","LOGIN","Prabhakar Tikaria","tikaria.prabhakar@gmail.com","","Role:Member  Status:Pending","","SUCCESS"
"2026-08-01T15:05:27.494Z","APPROVE","Gaurav Reja","dendthdel@gmail.com","Prabhakar Tikaria <tikaria.prabhakar@gmail.com>","Role:Member","","SUCCESS"
"2026-08-01T15:15:42.277Z","LOGIN","Yogesh Suhane","gahoipatrika@gmail.com","","Role:Member  Status:Approved","","SUCCESS"
"2026-08-01T15:23:04.274Z","LOGIN","Yogesh Suhane","gahoipatrika@gmail.com","","Role:Member  Status:Approved","","SUCCESS"
"2026-08-01T22:57:48.689Z","LEDGER_ENTRY","dendthdel@gmail.com","","","EXPENSE ₹1850 — Cake and bouquet (Kshitij)","","SUCCESS"
"2026-08-01T23:00:06.866Z","LEDGER_ENTRY","dendthdel@gmail.com","","","INCOME ₹20100 — Core Collection (19 person)","","SUCCESS"
"2026-08-02T02:55:35.653Z","BULK_INVITE_RUN","System","auto","","Processed=0 Failed=0","","SUCCESS"
"2026-08-02T12:22:20.198Z","GOOGLE_SIGNUP","Avinash Gupta","avinash.jhs.up@gmail.com","","New user — profile completion required","","PENDING"
"2026-08-02T12:25:50.697Z","REGISTER","Avinash Gupta","avinash.jhs.up@gmail.com","avinash.jhs.up@gmail.com","City:Ayurvedic University  Akna:नोगरैया  Mobile:8004818675","","SUCCESS (Auto-Approved)"
"2026-08-02T12:25:54.658Z","GOOGLE_LOGIN","Avinash Gupta","avinash.jhs.up@gmail.com","","Role:Member  Status:Approved","","SUCCESS"
"2026-08-02T12:26:10.405Z","LOGIN","Avinash Gupta","avinash.jhs.up@gmail.com","","Role:Member  Status:Approved","","SUCCESS"
"2026-08-02T12:28:26.541Z","LOGIN","sanjay kumar gupta","skg5464@gmail.com","","","","FAILED: Wrong password"
"2026-08-02T12:28:44.962Z","LOGIN","sanjay kumar gupta","skg5464@gmail.com","","","","FAILED: Wrong password"
"2026-08-02T12:28:51.770Z","EDIT_PROFILE","Avinash Gupta","avinash.jhs.up@gmail.com","avinash.jhs.up@gmail.com","Photo: updated","","SUCCESS"
"2026-08-02T12:29:43.646Z","GOOGLE_LOGIN","sanjay kumar gupta","skg5464@gmail.com","","Role:Member  Status:Approved","","SUCCESS"
"2026-08-02T12:30:31.621Z","LOGIN","sanjay kumar gupta","skg5464@gmail.com","","Role:Member  Status:Approved","","SUCCESS"
"2026-08-02T12:30:34.915Z","LOGIN","sanjay kumar gupta","skg5464@gmail.com","","Role:Member  Status:Approved","","SUCCESS"
"2026-08-02T12:31:01.427Z","LOGIN","Avinash Gupta","avinash.jhs.up@gmail.com","","Role:Member  Status:Approved","","SUCCESS"
"2026-08-02T14:51:08.309Z","POST_BIZ","Avinash Gupta","avinash.jhs.up@gmail.com","","Vihaan Computer & Stationary | Jhansi","","SUCCESS"
"2026-08-02T15:01:03.714Z","MAT_SUBMIT","Avinash Gupta","avinash.jhs.up@gmail.com","Romil Gupta","Male | Dabra | High School","","SUCCESS"
"2026-08-02T16:30:25.721Z","GOOGLE_LOGIN","Nilu gupta","neelugupta30@gmail.com","","Role:Member  Status:Approved","","SUCCESS"
"2026-08-03T02:55:36.379Z","BULK_INVITE_RUN","System","auto","","Processed=0 Failed=0","","SUCCESS"
"2026-08-03T11:00:23.140Z","GOOGLE_LOGIN","Pramod Kumar Gupta","pramodgupta935@gmail.com","","Role:Member  Status:Approved","","SUCCESS"
"2026-08-03T11:00:30.415Z","LOGIN","Pramod Kumar Gupta","pramodgupta935@gmail.com","","","","FAILED: Wrong password"
"2026-08-03T11:00:41.060Z","LOGIN","Pramod Kumar Gupta","pramodgupta935@gmail.com","","","","FAILED: Wrong password"
"2026-08-03T13:45:21.737Z","BULK_INVITE_RUN","System","auto","","Processed=15 Failed=0","","SUCCESS"
"2026-08-03T13:46:03.188Z","BULK_INVITE_RUN","System","auto","","Processed=5 Failed=0","","SUCCESS"
"2026-08-03T16:22:13.673Z","LOGIN","Abhishek Kumar Gupta","abhishekgupta29@hotmail.com","","Role:Member  Status:Approved","","SUCCESS"
"2026-08-04T02:55:36.657Z","BULK_INVITE_RUN","System","auto","","Processed=0 Failed=0","","SUCCESS"
"2026-08-04T05:09:06.376Z","FORGOT_PASSWORD","Ajay Kumar Gupta","akg1974@gmail.com","akg1974@gmail.com","","","SUCCESS"
"2026-08-04T05:11:40.973Z","LOGIN","Ajay Kumar Gupta","akg1974@gmail.com","","Role:Member  Status:Approved","","SUCCESS"
"2026-08-04T05:12:30.875Z","LOGIN","Ajay Kumar Gupta","akg1974@gmail.com","","Role:Member  Status:Approved","","SUCCESS"
"2026-08-04T05:16:09.817Z","EDIT_PROFILE","Ajay Kumar Gupta","akg1974@gmail.com","akg1974@gmail.com","Address: S 407 AJNARA GENX → S 407 AJNARA GENX, CROSSING REPUBLIK | Spouse: — → Sapna Ajay Gupta","","SUCCESS"
"2026-08-04T05:16:48.227Z","EDIT_PROFILE","Ajay Kumar Gupta","akg1974@gmail.com","akg1974@gmail.com","Birthday: 12-08 → 08-12","","SUCCESS"
"2026-08-04T05:17:27.061Z","LOGIN","Ajay Kumar Gupta","akg1974@gmail.com","","Role:Member  Status:Approved","","SUCCESS"
"2026-08-04T13:36:49.526Z","GOOGLE_SIGNUP","Disha Ashok Gupta Gupta","dishaashokguptagupta@gmail.com","","New user — profile completion required","","PENDING"
"2026-08-04T13:39:22.691Z","REGISTER","Disha Ashok Gupta Gupta","dishaashokguptagupta@gmail.com","dishaashokguptagupta@gmail.com","City:Wardha  Akna:नगरिया  Mobile:9209463259","","SUCCESS (Auto-Approved)"
"2026-08-04T13:39:26.019Z","GOOGLE_LOGIN","Disha Ashok Gupta Gupta","dishaashokguptagupta@gmail.com","","Role:Member  Status:Approved","","SUCCESS"
"2026-08-04T13:40:50.972Z","LOGIN","Disha Ashok Gupta Gupta","dishaashokguptagupta@gmail.com","","Role:Member  Status:Approved","","SUCCESS"
"2026-08-04T13:57:07.908Z","LOGIN","Disha Ashok Gupta Gupta","dishaashokguptagupta@gmail.com","","Role:Member  Status:Approved","","SUCCESS"
"2026-08-04T13:57:49.459Z","LOGIN","Disha Ashok Gupta Gupta","dishaashokguptagupta@gmail.com","","Role:Member  Status:Approved","","SUCCESS"
"2026-08-04T17:06:19.203Z","LEDGER_ENTRY","dendthdel@gmail.com","","","INCOME ₹1100 — Program Contribution (R K Gupta Kuchiya)","","SUCCESS"
"2026-08-04T17:55:58.875Z","FORGOT_PASSWORD","Anand Gupta","anandgahoi44@gmail.com","anandgahoi44@gmail.com","","","SUCCESS"
"2026-08-04T17:56:42.490Z","LOGIN","Anand Gupta","anandgahoi44@gmail.com","","Role:Member  Status:Pending","","SUCCESS"
"2026-08-04T17:56:57.183Z","LOGIN","Anand Gupta","anandgahoi44@gmail.com","","Role:Member  Status:Pending","","SUCCESS"
"2026-08-04T17:58:56.378Z","APPROVE","Gaurav Reja","dendthdel@gmail.com","Anand Gupta <anandgahoi44@gmail.com>","Role:Member","","SUCCESS"
"2026-08-05T02:55:36.726Z","BULK_INVITE_RUN","System","auto","","Processed=0 Failed=0","","SUCCESS"
"2026-08-05T09:58:27.216Z","GOOGLE_SIGNUP","Sanjay Gupta","sanjaygupta.sg864@gmail.com","","New user — profile completion required","","PENDING"
"2026-08-05T10:07:49.345Z","REGISTER","Sanjay Gupta","sanjaygupta.sg864@gmail.com","sanjaygupta.sg864@gmail.com","City:JABALPUR  Akna:कुचिया  Mobile:7415786403","","SUCCESS (Auto-Approved)"
"2026-08-05T10:07:52.848Z","GOOGLE_LOGIN","Sanjay Gupta","sanjaygupta.sg864@gmail.com","","Role:Member  Status:Approved","","SUCCESS"
"2026-08-05T10:10:18.875Z","GOOGLE_LOGIN","Sanjay Gupta","sanjaygupta.sg864@gmail.com","","Role:Member  Status:Approved","","SUCCESS"
"2026-08-05T10:42:24.737Z","MAT_SUBMIT","Sanjay Gupta","sanjaygupta.sg864@gmail.com","AMAY GUPTA","Male | MUMBAI | B.E. (IT), OIST BHOPAL","","SUCCESS"
"2026-08-05T17:49:21.192Z","LOGIN","Disha Ashok Gupta Gupta","dishaashokguptagupta@gmail.com","","Role:Member  Status:Approved","","SUCCESS"
"2026-08-05T17:49:22.452Z","LOGIN","Disha Ashok Gupta Gupta","dishaashokguptagupta@gmail.com","","Role:Member  Status:Approved","","SUCCESS"
"2026-08-05T17:50:25.170Z","LOGIN","Disha Ashok Gupta Gupta","dishaashokguptagupta@gmail.com","","Role:Member  Status:Approved","","SUCCESS"
"2026-08-05T17:51:07.020Z","LOGIN","Disha Ashok Gupta Gupta","dishaashokguptagupta@gmail.com","","Role:Member  Status:Approved","","SUCCESS"
"2026-08-05T17:51:11.869Z","EDIT_PROFILE","Disha Ashok Gupta Gupta","dishaashokguptagupta@gmail.com","dishaashokguptagupta@gmail.com","Native: No → Ashti","","SUCCESS"
"2026-08-05T17:51:19.154Z","LOGIN","Disha Ashok Gupta Gupta","dishaashokguptagupta@gmail.com","","Role:Member  Status:Approved","","SUCCESS"
"2026-08-05T17:51:38.923Z","LOGIN","Disha Ashok Gupta Gupta","dishaashokguptagupta@gmail.com","","Role:Member  Status:Approved","","SUCCESS"
"2026-08-05T17:53:12.007Z","LOGIN","Disha Ashok Gupta Gupta","dishaashokguptagupta@gmail.com","","Role:Member  Status:Approved","","SUCCESS"
"2026-08-05T17:58:34.054Z","LOGIN","Disha Ashok Gupta Gupta","dishaashokguptagupta@gmail.com","","Role:Member  Status:Approved","","SUCCESS"
"2026-08-06T02:55:37.451Z","BULK_INVITE_RUN","System","auto","","Processed=0 Failed=0","","SUCCESS"
"2026-08-06T04:09:03.793Z","LOGIN","Avinash Gupta","avinash.jhs.up@gmail.com","","Role:Member  Status:Approved","","SUCCESS"
"2026-08-06T05:00:08.546Z","APPROVE","Gaurav Reja","dendthdel@gmail.com","Hemant Kumar Gupta <hemantgupta78388@gmail.com>","Role:Member","","SUCCESS"
"2026-08-06T06:00:11.598Z","LOGIN","Ghanshyamdas Gupta","suryansh.g.125@gmail.com","","Role:Member  Status:Approved","","SUCCESS"
"2026-08-06T11:09:03.243Z","LOGIN","Anand Gupta","anandgahoi44@gmail.com","","Role:Member  Status:Approved","","SUCCESS"
"2026-08-06T11:14:37.883Z","LOGIN","Anand Gupta","anandgahoi44@gmail.com","","Role:Member  Status:Approved","","SUCCESS"
"2026-08-06T16:01:32.392Z","LOGIN","Anand Gupta","anandgahoi44@gmail.com","","Role:Member  Status:Approved","","SUCCESS"
"2026-08-06T16:20:56.842Z","LOGIN","Anand Gupta","anandgahoi44@gmail.com","","Role:Member  Status:Approved","","SUCCESS"
"2026-08-07T01:58:52.924Z","MAT_SUBMIT","Disha Ashok Gupta Gupta","dishaashokguptagupta@gmail.com","Disha Ahokji Gupta (Nagariya)","Female | Ashti | Msc (computer science) pursuing","","SUCCESS"
"2026-08-07T01:59:34.605Z","LOGIN","Disha Ashok Gupta Gupta","dishaashokguptagupta@gmail.com","","Role:Member  Status:Approved","","SUCCESS"
"2026-08-07T02:55:37.893Z","BULK_INVITE_RUN","System","auto","","Processed=0 Failed=0","","SUCCESS"
"2026-08-07T03:30:26.029Z","GOOGLE_SIGNUP","Anurag Seth","sethanurag81@gmail.com","","New user — profile completion required","","PENDING"
"2026-08-07T03:33:16.976Z","REGISTER","Anurag Seth","sethanurag81@gmail.com","sethanurag81@gmail.com","City:Gwalior  Akna:सेठ  Mobile:9826068335","","SUCCESS (Auto-Approved)"
"2026-08-07T03:33:20.208Z","GOOGLE_LOGIN","Anurag Seth","sethanurag81@gmail.com","","Role:Member  Status:Approved","","SUCCESS"
"2026-08-07T05:42:16.662Z","GOOGLE_LOGIN","Utkarsh Gupta","gupta.govinda007@gmail.com","","Role:Member  Status:Approved","","SUCCESS"
"2026-08-07T05:49:59.239Z","LOGIN","Shekhar Gupta","shekhargupta0987@gmail.com","","Role:Member  Status:Approved","","SUCCESS"
"2026-08-07T05:50:00.147Z","LOGIN","Shekhar Gupta","shekhargupta0987@gmail.com","","Role:Member  Status:Approved","","SUCCESS"
"2026-08-07T05:50:05.958Z","LOGIN","Shekhar Gupta","shekhargupta0987@gmail.com","","Role:Member  Status:Approved","","SUCCESS"
"2026-08-07T05:52:26.591Z","SOFT_DELETE_MAT","Shekhar Gupta","shekhargupta0987@gmail.com","","Shekhar Gupta","","SUCCESS"
"2026-08-07T06:28:18.044Z","GOOGLE_SIGNUP","Kiran Gupta","gupta.kiran4322@gmail.com","","New user — profile completion required","","PENDING"
"2026-08-07T12:13:24.963Z","LOGIN","Sanjay Gupta","sanjaygupta.sg864@gmail.com","","Role:Member  Status:Approved","","SUCCESS"
"2026-08-07T16:09:28.864Z","LOGIN","Muskaan Gupta","guptamuskan30420@gmail.com","","Role:Member  Status:Approved","","SUCCESS"
"2026-08-07T16:11:39.188Z","LOGIN","Muskaan Gupta","guptamuskan30420@gmail.com","","Role:Member  Status:Approved","","SUCCESS"
"2026-08-07T16:13:03.946Z","EDIT_PROFILE","Muskaan Gupta","guptamuskan30420@gmail.com","guptamuskan30420@gmail.com","No changes detected","","SUCCESS"
"2026-08-07T16:13:10.244Z","LOGIN","Muskaan Gupta","guptamuskan30420@gmail.com","","Role:Member  Status:Approved","","SUCCESS"
"2026-08-07T16:13:29.616Z","EDIT_PROFILE","Muskaan Gupta","guptamuskan30420@gmail.com","guptamuskan30420@gmail.com","ShowMobile: yes → no","","SUCCESS"
"2026-08-07T16:14:09.424Z","EDIT_PROFILE","Muskaan Gupta","guptamuskan30420@gmail.com","guptamuskan30420@gmail.com","No changes detected","","SUCCESS"
"2026-08-07T16:14:58.687Z","LOGIN","Muskaan Gupta","guptamuskan30420@gmail.com","","Role:Member  Status:Approved","","SUCCESS"
"2026-08-08T02:55:37.511Z","BULK_INVITE_RUN","System","auto","","Processed=0 Failed=0","","SUCCESS"
"2026-08-08T04:16:24.983Z","GOOGLE_SIGNUP","Himanshu Gupta","guptahimanshu545@gmail.com","","New user — profile completion required","","PENDING"
"2026-08-08T04:19:01.177Z","REGISTER","Himanshu Gupta","guptahimanshu545@gmail.com","guptahimanshu545@gmail.com","City:RBI Colony  Akna:सेठ  Mobile:9839444407","","SUCCESS (Auto-Approved)"
"2026-08-08T04:19:04.736Z","GOOGLE_LOGIN","Himanshu Gupta","guptahimanshu545@gmail.com","","Role:Member  Status:Approved","","SUCCESS"
"2026-08-09T02:55:36.736Z","BULK_INVITE_RUN","System","auto","","Processed=0 Failed=0","","SUCCESS"
"2026-08-09T04:21:13.636Z","LOGIN","Disha Ashok Gupta Gupta","dishaashokguptagupta@gmail.com","","Role:Member  Status:Approved","","SUCCESS"
"2026-08-09T04:22:02.616Z","EDIT_PROFILE","Disha Ashok Gupta Gupta","dishaashokguptagupta@gmail.com","dishaashokguptagupta@gmail.com","Birthday: 10-02 → 09-29","","SUCCESS"
"2026-08-09T05:01:24.206Z","GOOGLE_LOGIN","Gaurav Reja","dendthdel@gmail.com","","Role:Admin  Status:Approved","","SUCCESS"
"2026-08-09T12:53:28.763Z","LOGIN","SHARAD CHANDRA GUPTA","sharadcgupta2007@gmail.com","","Role:Member  Status:Approved","","SUCCESS"
"2026-08-09T12:56:07.287Z","LOGIN","SHARAD CHANDRA GUPTA","sharadcgupta2007@gmail.com","","Role:Member  Status:Approved","","SUCCESS"
"2026-08-09T12:56:11.253Z","LOGIN","SHARAD CHANDRA GUPTA","sharadcgupta2007@gmail.com","","Role:Member  Status:Approved","","SUCCESS"
"2026-08-09T12:56:13.115Z","LOGIN","SHARAD CHANDRA GUPTA","sharadcgupta2007@gmail.com","","Role:Member  Status:Approved","","SUCCESS"
"2026-08-09T13:14:12.544Z","LOGIN","Disha Ashok Gupta Gupta","dishaashokguptagupta@gmail.com","","Role:Member  Status:Approved","","SUCCESS"
"2026-08-09T13:32:08.825Z","GOOGLE_LOGIN","Gaurav Reja","dendthdel@gmail.com","","Role:Admin  Status:Approved","","SUCCESS"
"2026-08-09T13:32:18.280Z","GOOGLE_LOGIN","Gaurav Reja","dendthdel@gmail.com","","Role:Admin  Status:Approved","","SUCCESS"
"2026-08-09T16:11:27.268Z","LOGIN","Anurag Seth","sethanurag81@gmail.com","","Role:Member  Status:Approved","","SUCCESS"
"2026-08-09T17:24:11.483Z","LOGIN","Anurag Seth","sethanurag81@gmail.com","","Role:Member  Status:Approved","","SUCCESS"
"2026-08-09T17:25:24.297Z","LOGIN","Anurag Seth","sethanurag81@gmail.com","","Role:Member  Status:Approved","","SUCCESS"
"2026-08-09T17:25:53.686Z","LOGIN","Anurag Seth","sethanurag81@gmail.com","","Role:Member  Status:Approved","","SUCCESS"
"2026-08-10T01:02:17.875Z","GOOGLE_SIGNUP","Dinesh Gupta","dgupta49648@gmail.com","","New user — profile completion required","","PENDING"
"2026-08-10T01:57:28.141Z","GOOGLE_SIGNUP","aman gupta","amangupta8878@gmail.com","","New user — profile completion required","","PENDING"
"2026-08-10T02:02:35.922Z","GOOGLE_SIGNUP","aman gupta","amangupta8878@gmail.com","","New user — profile completion required","","PENDING"
"2026-08-10T02:55:36.361Z","BULK_INVITE_RUN","System","auto","","Processed=0 Failed=0","","SUCCESS"
"2026-08-10T14:17:41.230Z","SET_ROLE","Gaurav Reja","dendthdel@gmail.com","Praveen Bilaiya <praveenmtw@gmail.com>","New Role:None","","SUCCESS"
"2026-08-11T02:55:38.337Z","BULK_INVITE_RUN","System","auto","","Processed=0 Failed=0","","SUCCESS"
"2026-08-11T06:21:28.958Z","LOGIN","Jitendra Gupta","gjl6719@gmail.com","","Role:Member  Status:Approved","","SUCCESS"
"2026-08-11T06:21:36.931Z","LOGIN","Jitendra Gupta","gjl6719@gmail.com","","Role:Member  Status:Approved","","SUCCESS"
"2026-08-11T07:18:34.486Z","LOGIN","Sachin Seth","gptsachin1234@gmail.com","","","","FAILED: Wrong password"
"2026-08-11T07:18:52.335Z","LOGIN","Sachin Seth","gptsachin1234@gmail.com","","Role:Member  Status:Pending","","SUCCESS"
"2026-08-11T07:33:18.879Z","APPROVE","Gaurav Reja","dendthdel@gmail.com","Sachin Seth <gptsachin1234@gmail.com>","Role:Member","","SUCCESS"
"2026-08-11T07:46:10.923Z","LOGIN","Anand Gupta","anandgahoi44@gmail.com","","Role:Member  Status:Approved","","SUCCESS"
"2026-08-11T08:58:05.293Z","LOGIN","Disha Ashok Gupta Gupta","dishaashokguptagupta@gmail.com","","Role:Member  Status:Approved","","SUCCESS"
"2026-08-11T12:02:31.483Z","LOGIN","Sachin Seth","gptsachin1234@gmail.com","","Role:Member  Status:Approved","","SUCCESS"
"2026-08-11T12:03:08.577Z","LOGIN","Sachin Seth","gptsachin1234@gmail.com","","Role:Member  Status:Approved","","SUCCESS"
"2026-08-11T12:04:50.538Z","EDIT_PROFILE","Sachin Seth","gptsachin1234@gmail.com","gptsachin1234@gmail.com","Profession: — → Civil Contractor | Designation: — → Orai | Pincode: — → 285001 | Birthday: — → 02-09","","SUCCESS"
"2026-08-12T02:55:37.830Z","BULK_INVITE_RUN","System","auto","","Processed=0 Failed=0","","SUCCESS"
"2026-08-12T06:58:55.512Z","APPROVE","Gaurav Reja","dendthdel@gmail.com","सुमन कुमार रूसिया <guptasuman60@gmail.com>","Role:Member","","SUCCESS"
"2026-08-12T06:59:46.167Z","LOGIN","सुमन कुमार रूसिया","guptasuman60@gmail.com","","","","FAILED: Wrong password"
"2026-08-12T07:00:22.925Z","LOGIN","सुमन कुमार रूसिया","guptasuman60@gmail.com","","","","FAILED: Wrong password"
"2026-08-12T07:01:05.139Z","LOGIN","सुमन कुमार रूसिया","guptasuman60@gmail.com","","","","FAILED: Wrong password"
"2026-08-12T10:19:18.146Z","LOGIN","Anurag Seth","sethanurag81@gmail.com","","Role:Member  Status:Approved","","SUCCESS"
"2026-08-12T12:53:38.927Z","LOGIN","Sanjiv Kumar Sohane","mmmgreno@gmail.com","","Role:Member  Status:Approved","","SUCCESS"
"2026-08-12T12:54:35.948Z","GOOGLE_LOGIN","Sanjiv Kumar Sohane","mmmgreno@gmail.com","","Role:Member  Status:Approved","","SUCCESS"
"2026-08-13T01:18:40.139Z","GOOGLE_LOGIN","राजेन्द्र प्रसाद सेठ","guptarajedra6135@gmail.com","","Role:Member  Status:Approved","","SUCCESS"
"2026-08-13T01:35:25.287Z","MAHASABHA_APPLY","राजेन्द्र प्रसाद सेठ","guptarajedra6135@gmail.com","राजेन्द्र प्रसाद सेठ","Interest form submitted to MahasabhaMembers","","SUCCESS"
"2026-08-13T01:40:09.036Z","LOGIN","राजेन्द्र प्रसाद सेठ","guptarajedra6135@gmail.com","","Role:Member  Status:Approved","","SUCCESS"
"2026-08-13T01:44:01.727Z","EDIT_PROFILE","राजेन्द्र प्रसाद सेठ","guptarajedra6135@gmail.com","guptarajedra6135@gmail.com","City: छतरपुर → Chandra Nagar | Pincode: — → 471101 | Marital: Unmarried → Married | Birthday: — → 02-05 | Anniversary: — → 06-07","","SUCCESS"
"2026-08-13T02:55:35.263Z","BULK_INVITE_RUN","System","auto","","Processed=0 Failed=0","","SUCCESS"
"2026-08-13T07:32:26.461Z","LOGIN","Disha Ashok Gupta Gupta","dishaashokguptagupta@gmail.com","","Role:Member  Status:Approved","","SUCCESS"
"2026-08-14T02:55:38.717Z","BULK_INVITE_RUN","System","auto","","Processed=0 Failed=0","","SUCCESS"
"2026-08-14T05:28:40.741Z","LOGIN","Disha Ashok Gupta Gupta","dishaashokguptagupta@gmail.com","","Role:Member  Status:Approved","","SUCCESS"
"2026-08-14T05:29:15.656Z","EDIT_PROFILE","Disha Ashok Gupta Gupta","dishaashokguptagupta@gmail.com","dishaashokguptagupta@gmail.com","Mobile: 9209463259 → 9765791719","","SUCCESS"
"2026-08-14T06:02:47.107Z","LOGIN","Muskaan Gupta","guptamuskan30420@gmail.com","","Role:Member  Status:Approved","","SUCCESS"
"2026-08-14T06:16:01.022Z","LOGIN","Muskaan Gupta","guptamuskan30420@gmail.com","","Role:Member  Status:Approved","","SUCCESS"
"2026-08-14T08:09:39.218Z","LOGIN","Disha Ashok Gupta Gupta","dishaashokguptagupta@gmail.com","","Role:Member  Status:Approved","","SUCCESS"
"2026-08-14T08:19:14.294Z","LOGIN","Disha Ashok Gupta Gupta","dishaashokguptagupta@gmail.com","","Role:Member  Status:Approved","","SUCCESS"
"2026-08-14T11:55:37.014Z","LOGIN","SAKET GUPTA","hariom.gupta101@gmail.com","","","","FAILED: Wrong password"
"2026-08-14T11:56:00.172Z","GOOGLE_LOGIN","SAKET GUPTA","hariom.gupta101@gmail.com","","Role:Member  Status:Pending","","SUCCESS"
"2026-08-14T11:57:46.102Z","GOOGLE_LOGIN","SAKET GUPTA","hariom.gupta101@gmail.com","","Role:Member  Status:Pending","","SUCCESS"
"2026-08-14T13:03:32.120Z","GOOGLE_LOGIN","Rajesh Kumar Sohane","sohane.rk@gmail.com","","Role:Member  Status:Approved","","SUCCESS"
"2026-08-14T13:19:40.657Z","LOGIN","SAKET GUPTA","hariom.gupta101@gmail.com","","","","FAILED: Wrong password"
"2026-08-14T13:21:07.913Z","FORGOT_PASSWORD","SAKET GUPTA","hariom.gupta101@gmail.com","hariom.gupta101@gmail.com","","","SUCCESS"
"2026-08-14T13:22:08.213Z","LOGIN","SAKET GUPTA","hariom.gupta101@gmail.com","","Role:Member  Status:Pending","","SUCCESS"
"2026-08-14T13:22:26.664Z","LOGIN","SAKET GUPTA","hariom.gupta101@gmail.com","","Role:Member  Status:Pending","","SUCCESS"
"2026-08-14T13:31:18.838Z","APPROVE","Gaurav Reja","dendthdel@gmail.com","SAKET GUPTA <hariom.gupta101@gmail.com>","Role:Member","","SUCCESS"
"2026-08-14T17:07:19.721Z","LOGIN","Disha Ashok Gupta Gupta","dishaashokguptagupta@gmail.com","","Role:Member  Status:Approved","","SUCCESS"
"2026-08-14T18:21:08.074Z","LOGIN","Disha Ashok Gupta Gupta","dishaashokguptagupta@gmail.com","","Role:Member  Status:Approved","","SUCCESS"
"2026-08-14T18:33:32.896Z","LOGIN","Disha Ashok Gupta Gupta","dishaashokguptagupta@gmail.com","","Role:Member  Status:Approved","","SUCCESS"
"2026-08-14T18:34:18.066Z","LOGIN","Disha Ashok Gupta Gupta","dishaashokguptagupta@gmail.com","","Role:Member  Status:Approved","","SUCCESS"
"2026-08-15T02:55:35.748Z","BULK_INVITE_RUN","System","auto","","Processed=0 Failed=0","","SUCCESS"
"2026-08-15T06:53:52.829Z","LOGIN","SAKET GUPTA","hariom.gupta101@gmail.com","","Role:Member  Status:Approved","","SUCCESS"
"2026-08-16T02:55:37.904Z","BULK_INVITE_RUN","System","auto","","Processed=0 Failed=0","","SUCCESS"
"2026-08-16T07:47:57.186Z","LOGIN","Disha Ashok Gupta Gupta","dishaashokguptagupta@gmail.com","","Role:Member  Status:Approved","","SUCCESS"
"2026-08-16T11:02:47.083Z","LOGIN","Anil Prakash Neekhra","anilneekhara2@gmail.com","","","","FAILED: Wrong password"
"2026-08-16T11:03:06.121Z","FORGOT_PASSWORD","Anil Prakash Neekhra","anilneekhara2@gmail.com","anilneekhara2@gmail.com","","","SUCCESS"
"2026-08-16T13:26:15.317Z","GOOGLE_LOGIN","Kapil Neekhara","neekhara.neekhara4@gmail.com","","Role:Member  Status:Pending","","SUCCESS"
"2026-08-16T13:26:31.332Z","LOGIN","Kapil Neekhara","neekhara.neekhara4@gmail.com","","","","FAILED: Wrong password"
"2026-08-16T13:26:38.192Z","LOGIN","Kapil Neekhara","neekhara.neekhara4@gmail.com","","","","FAILED: Wrong password"
"2026-08-16T13:27:24.719Z","GOOGLE_LOGIN","Kapil Neekhara","neekhara.neekhara4@gmail.com","","Role:Member  Status:Pending","","SUCCESS"
"2026-08-16T13:29:11.879Z","FORGOT_PASSWORD","Kapil Neekhara","neekhara.neekhara4@gmail.com","neekhara.neekhara4@gmail.com","","","SUCCESS"
"2026-08-16T13:29:55.727Z","LOGIN","Kapil Neekhara","neekhara.neekhara4@gmail.com","","Role:Member  Status:Pending","","SUCCESS"
"2026-08-16T13:32:54.320Z","LOGIN","Kapil Neekhara","neekhara.neekhara4@gmail.com","","","","FAILED: Wrong password"
"2026-08-16T13:33:05.214Z","LOGIN","Kapil Neekhara","neekhara.neekhara4@gmail.com","","","","FAILED: Wrong password"
"2026-08-16T13:41:23.867Z","APPROVE","Gaurav Reja","dendthdel@gmail.com","Kapil Neekhara <neekhara.neekhara4@gmail.com>","Role:Member","","SUCCESS"
"2026-08-17T02:55:38.875Z","BULK_INVITE_RUN","System","auto","","Processed=0 Failed=0","","SUCCESS"
"2026-08-17T03:04:21.701Z","LOGIN","Shekhar Gupta","shekhargupta0987@gmail.com","","Role:Member  Status:Approved","","SUCCESS"
"2026-08-17T11:03:16.163Z","GOOGLE_LOGIN","SAKET GUPTA","hariom.gupta101@gmail.com","","Role:Member  Status:Approved","","SUCCESS"
"2026-08-17T11:06:33.035Z","LOGIN","SAKET GUPTA","hariom.gupta101@gmail.com","","Role:Member  Status:Approved","","SUCCESS"
"2026-08-17T11:08:52.507Z","LOGIN","SAKET GUPTA","hariom.gupta101@gmail.com","","Role:Member  Status:Approved","","SUCCESS"
"2026-08-17T16:07:59.210Z","LOGIN","MAYANK GUPTA","hkgupta74d@gmail.com","","Role:Member  Status:Approved","","SUCCESS"
"2026-08-18T02:55:40.415Z","BULK_INVITE_RUN","System","auto","","Processed=0 Failed=0","","SUCCESS"
"2026-08-18T09:30:32.168Z","LOGIN","राजेन्द्र प्रसाद सेठ","guptarajedra6135@gmail.com","","Role:Member  Status:Approved","","SUCCESS"
"2026-08-18T14:26:25.062Z","LOGIN","Anand Gupta","anandgahoi44@gmail.com","","Role:Member  Status:Approved","","SUCCESS"
"2026-08-18T18:01:19.713Z","GOOGLE_SIGNUP","SHUBHAM KUMAR","sg945246@gmail.com","","New user — profile completion required","","PENDING"
"2026-08-19T02:55:36.379Z","BULK_INVITE_RUN","System","auto","","Processed=0 Failed=0","","SUCCESS"
"2026-08-19T03:43:09.094Z","LOGIN","राजेन्द्र प्रसाद सेठ","guptarajedra6135@gmail.com","","Role:Member  Status:Approved","","SUCCESS"
"2026-08-19T03:45:39.709Z","LOGIN","राजेन्द्र प्रसाद सेठ","guptarajedra6135@gmail.com","","Role:Member  Status:Approved","","SUCCESS"
"2026-08-19T03:45:43.523Z","LOGIN","राजेन्द्र प्रसाद सेठ","guptarajedra6135@gmail.com","","Role:Member  Status:Approved","","SUCCESS"
"2026-08-19T03:47:26.152Z","LOGIN","राजेन्द्र प्रसाद सेठ","guptarajedra6135@gmail.com","","Role:Member  Status:Approved","","SUCCESS"
"2026-08-19T03:47:28.837Z","LOGIN","राजेन्द्र प्रसाद सेठ","guptarajedra6135@gmail.com","","Role:Member  Status:Approved","","SUCCESS"
"2026-08-19T17:20:49.448Z","LOGIN","Adarsh Gupta","guptaadarsh313@gmail.com","","","","FAILED: Wrong password"
"2026-08-19T17:21:51.392Z","LOGIN","Adarsh Gupta","guptaadarsh313@gmail.com","","","","FAILED: Wrong password"
"2026-08-19T17:22:50.326Z","LOGIN","Adarsh Gupta","guptaadarsh313@gmail.com","","","","FAILED: Wrong password"
"2026-08-19T17:23:05.787Z","LOGIN","Adarsh Gupta","guptaadarsh313@gmail.com","","","","FAILED: Wrong password"
"2026-08-19T17:23:32.586Z","FORGOT_PASSWORD","Adarsh Gupta","guptaadarsh313@gmail.com","guptaadarsh313@gmail.com","","","SUCCESS"
"2026-08-19T17:24:01.542Z","LOGIN","Adarsh Gupta","guptaadarsh313@gmail.com","","Role:Member  Status:Approved","","SUCCESS"
"2026-08-19T17:24:36.456Z","LOGIN","Adarsh Gupta","guptaadarsh313@gmail.com","","Role:Member  Status:Approved","","SUCCESS"
"2026-08-19T17:24:37.109Z","LOGIN","Disha Ashok Gupta Gupta","dishaashokguptagupta@gmail.com","","Role:Member  Status:Approved","","SUCCESS"
"2026-08-19T17:24:54.506Z","LOGIN","Disha Ashok Gupta Gupta","dishaashokguptagupta@gmail.com","","Role:Member  Status:Approved","","SUCCESS"
"2026-08-19T17:25:05.097Z","MSG_CONV_DELETE","Disha Ashok Gupta Gupta","dishaashokguptagupta@gmail.com","vai11gup112@gmail.com","Deleted conversation (3 msgs)","","SUCCESS"
"2026-08-19T17:25:08.669Z","MSG_CONV_DELETE","Disha Ashok Gupta Gupta","dishaashokguptagupta@gmail.com","dineshbarsainya@gmail.com","Deleted conversation (1 msgs)","","SUCCESS"
"2026-08-19T17:25:11.567Z","MSG_CONV_DELETE","Disha Ashok Gupta Gupta","dishaashokguptagupta@gmail.com","hkgupta74d@gmail.com","Deleted conversation (1 msgs)","","SUCCESS"
"2026-08-19T17:25:15.901Z","LOGIN","Disha Ashok Gupta Gupta","dishaashokguptagupta@gmail.com","","Role:Member  Status:Approved","","SUCCESS"
"2026-08-19T17:25:17.209Z","LOGIN","Disha Ashok Gupta Gupta","dishaashokguptagupta@gmail.com","","Role:Member  Status:Approved","","SUCCESS"
"2026-08-20T02:49:11.094Z","LEDGER_ENTRY","dendthdel@gmail.com","","","EXPENSE ₹5000 — Club House (Mahila Mandal Program)","","SUCCESS"
"2026-08-20T02:50:04.329Z","LEDGER_ENTRY","dendthdel@gmail.com","","","INCOME ₹14000 — Contribution Rcvd (From Mahila Mandal)","","SUCCESS"
"2026-08-20T02:50:40.170Z","LEDGER_ENTRY","dendthdel@gmail.com","","","EXPENSE ₹22000 — Catering and tent (Sonu)","","SUCCESS"
"2026-08-20T02:55:38.267Z","BULK_INVITE_RUN","System","auto","","Processed=0 Failed=0","","SUCCESS"
"2026-08-20T03:35:48.128Z","APPROVE","Gaurav Reja","dendthdel@gmail.com","Anuj Gupta <anujgupta735599a@gmail.com>","Role:Member","","SUCCESS"
"2026-08-20T03:37:14.968Z","LOGIN","Anuj Gupta","anujgupta735599a@gmail.com","","Role:Member  Status:Approved","","SUCCESS"
"2026-08-20T05:13:11.190Z","GOOGLE_LOGIN","Vimal Kumar Gupta","vimalg531@gmail.com","","Role:Member  Status:Pending","","SUCCESS"
"2026-08-20T05:39:56.199Z","APPROVE","Gaurav Reja","dendthdel@gmail.com","Vimal Kumar Gupta <vimalg531@gmail.com>","Role:Member","","SUCCESS"
"2026-08-21T02:55:37.621Z","BULK_INVITE_RUN","System","auto","","Processed=0 Failed=0","","SUCCESS"
"2026-08-21T03:43:04.330Z","LOGIN","Ayush Gupta","preetig220@gmail.com","","","","FAILED: Wrong password"
"2026-08-21T05:45:57.057Z","LOGIN","Disha Ashok Gupta Gupta","dishaashokguptagupta@gmail.com","","Role:Member  Status:Approved","","SUCCESS"
"2026-08-21T05:46:04.138Z","LOGIN","Disha Ashok Gupta Gupta","dishaashokguptagupta@gmail.com","","Role:Member  Status:Approved","","SUCCESS"
"2026-08-21T05:47:55.305Z","EDIT_PROFILE","Disha Ashok Gupta Gupta","dishaashokguptagupta@gmail.com","dishaashokguptagupta@gmail.com","Name: Disha Ashok Gupta Gupta → Disha Ashokji Gupta | Address: Goal bajar chok ashti → Goal bajar chok ashti,wardha | Photo: updated","","SUCCESS"
"2026-08-21T05:48:03.024Z","LOGIN","Disha Ashokji Gupta","dishaashokguptagupta@gmail.com","","Role:Member  Status:Approved","","SUCCESS"
"2026-08-21T05:48:53.801Z","LOGIN","Disha Ashokji Gupta","dishaashokguptagupta@gmail.com","","Role:Member  Status:Approved","","SUCCESS"
"2026-08-21T12:00:57.446Z","LOGIN","MAYANK GUPTA","hkgupta74d@gmail.com","","Role:Member  Status:Approved","","SUCCESS"
"2026-08-21T18:31:26.521Z","LOGIN","Yogesh Suhane","gahoipatrika@gmail.com","","Role:Member  Status:Approved","","SUCCESS"
"2026-08-22T02:55:39.677Z","BULK_INVITE_RUN","System","auto","","Processed=0 Failed=0","","SUCCESS"
"2026-08-22T07:21:35.604Z","LOGIN","Disha Ashokji Gupta","dishaashokguptagupta@gmail.com","","Role:Member  Status:Approved","","SUCCESS"
"2026-08-22T07:21:52.362Z","LOGIN","Disha Ashokji Gupta","dishaashokguptagupta@gmail.com","","Role:Member  Status:Approved","","SUCCESS"
"2026-08-22T14:40:23.435Z","APPROVE","Gaurav Reja","dendthdel@gmail.com","Ayush Gupta <preetig220@gmail.com>","Role:Member","","SUCCESS"
"2026-08-22T14:40:55.643Z","SET_ROLE","Gaurav Reja","dendthdel@gmail.com","Anuj Viswari <Viswari@gmail.com>","New Role:Approver","","SUCCESS"
"2026-08-22T14:41:14.494Z","SET_ROLE","Gaurav Reja","dendthdel@gmail.com","Gaurav Rawat <gauravrawat987@gmail.com>","New Role:Approver","","SUCCESS"
"2026-08-22T14:41:59.990Z","SET_ROLE","Gaurav Reja","dendthdel@gmail.com","Pramod Kumar Gupta <pkguptamca@gmail.com>","New Role:Approver","","SUCCESS"
"2026-08-22T15:45:57.501Z","LEDGER_ENTRY","dendthdel@gmail.com","","","INCOME ₹4504 — Mahila Mandal Contribution (Remaining)","","SUCCESS"
"2026-08-22T17:25:11.987Z","LOGIN","Disha Ashokji Gupta","dishaashokguptagupta@gmail.com","","Role:Member  Status:Approved","","SUCCESS"
"2026-08-22T17:25:55.459Z","LOGIN","Disha Ashokji Gupta","dishaashokguptagupta@gmail.com","","Role:Member  Status:Approved","","SUCCESS"
"2026-08-23T02:55:36.742Z","BULK_INVITE_RUN","System","auto","","Processed=0 Failed=0","","SUCCESS"
"2026-08-24T02:35:18.301Z","MAT_TIER_DOWNGRADE","Mayank Gupta","hkgupta74d@gmail.com","m1779620525477","Platinum expired -> Gold","","SUCCESS"
"2026-08-24T02:55:39.716Z","BULK_INVITE_RUN","System","auto","","Processed=0 Failed=0","","SUCCESS"
"2026-08-24T07:50:46.537Z","LOGIN","MAYANK GUPTA","hkgupta74d@gmail.com","","Role:Member  Status:Approved","","SUCCESS"
"2026-08-24T07:51:21.189Z","LOGIN","MAYANK GUPTA","hkgupta74d@gmail.com","","Role:Member  Status:Approved","","SUCCESS"
"2026-08-24T07:51:49.396Z","LOGIN","MAYANK GUPTA","hkgupta74d@gmail.com","","Role:Member  Status:Approved","","SUCCESS"
"2026-08-24T07:54:55.654Z","LOGIN","MAYANK GUPTA","hkgupta74d@gmail.com","","Role:Member  Status:Approved","","SUCCESS"
"2026-08-24T10:40:29.077Z","LOGIN","Ghanshyamdas Gupta","suryansh.g.125@gmail.com","","Role:Member  Status:Approved","","SUCCESS"
"2026-08-24T17:28:59.485Z","LOGIN","Disha Ashokji Gupta","dishaashokguptagupta@gmail.com","","Role:Member  Status:Approved","","SUCCESS"
"2026-08-24T17:29:41.093Z","EDIT_PROFILE","Disha Ashokji Gupta","dishaashokguptagupta@gmail.com","dishaashokguptagupta@gmail.com","Photo: updated","","SUCCESS"
"2026-08-24T17:29:56.033Z","LOGIN","Disha Ashokji Gupta","dishaashokguptagupta@gmail.com","","Role:Member  Status:Approved","","SUCCESS"
"2026-08-24T17:30:28.924Z","LOGIN","Disha Ashokji Gupta","dishaashokguptagupta@gmail.com","","Role:Member  Status:Approved","","SUCCESS"
"2026-08-25T02:55:35.642Z","BULK_INVITE_RUN","System","auto","","Processed=0 Failed=0","","SUCCESS"
"2026-08-26T02:55:36.898Z","BULK_INVITE_RUN","System","auto","","Processed=0 Failed=0","","SUCCESS"
"2026-08-26T17:41:44.674Z","GOOGLE_LOGIN","Arpit Gupta","arpitgupta02200@gmail.com","","Role:Member  Status:Approved","","SUCCESS"
"2026-08-27T02:55:36.948Z","BULK_INVITE_RUN","System","auto","","Processed=0 Failed=0","","SUCCESS"
"2026-08-28T02:55:37.011Z","BULK_INVITE_RUN","System","auto","","Processed=0 Failed=0","","SUCCESS"
"2026-08-28T15:08:14.794Z","LOGIN","Rajendra Kumar Gupta","rg1961rly@gmail.com","","Role:Member  Status:Approved","","SUCCESS"
"2026-08-28T15:09:37.207Z","LOGIN","Rajendra Kumar Gupta","rg1961rly@gmail.com","","Role:Member  Status:Approved","","SUCCESS"
"2026-08-28T18:22:40.614Z","GOOGLE_SIGNUP","Shyam Ji Gupta","shyamjig43@gmail.com","","New user — profile completion required","","PENDING"
"2026-08-28T18:26:35.637Z","REGISTER","Shyam Ji Gupta","shyamjig43@gmail.com","shyamjig43@gmail.com","City:Gwalior  Akna:नगरिया  Mobile:8225895682","","SUCCESS (Auto-Approved)"
"2026-08-28T18:26:39.759Z","GOOGLE_LOGIN","Shyam Ji Gupta","shyamjig43@gmail.com","","Role:Member  Status:Approved","","SUCCESS"
"2026-08-28T18:27:36.331Z","LOGIN","Shyam Ji Gupta","shyamjig43@gmail.com","","Role:Member  Status:Approved","","SUCCESS"
"2026-08-28T18:29:49.745Z","EDIT_PROFILE","Shyam Ji Gupta","shyamjig43@gmail.com","shyamjig43@gmail.com","Name: Shyam Ji Gupta → Ram Kothari | Birthday: — → 04-23","","SUCCESS"
"2026-08-28T18:31:09.655Z","LOGIN","Ram Kothari","shyamjig43@gmail.com","","Role:Member  Status:Approved","","SUCCESS"
"2026-08-28T18:34:08.336Z","LOGIN","Ram Kothari","shyamjig43@gmail.com","","Role:Member  Status:Approved","","SUCCESS"
"2026-08-28T18:41:56.880Z","LOGIN","Ram Kothari","shyamjig43@gmail.com","","Role:Member  Status:Approved","","SUCCESS"
"2026-08-28T18:42:04.490Z","LOGIN","Ram Kothari","shyamjig43@gmail.com","","Role:Member  Status:Approved","","SUCCESS"
"2026-08-29T02:55:37.950Z","BULK_INVITE_RUN","System","auto","","Processed=0 Failed=0","","SUCCESS"
"2026-08-30T02:55:36.811Z","BULK_INVITE_RUN","System","auto","","Processed=0 Failed=0","","SUCCESS"
"2026-08-30T14:20:59.606Z","GOOGLE_SIGNUP","SHIVAM AYURVEDA GUNA","guptavijay930@gmail.com","","New user — profile completion required","","PENDING"
"2026-08-30T14:24:48.736Z","REGISTER","Vijay Kumar Gupta","guptavijay930@gmail.com","guptavijay930@gmail.com","City:Guna City  Akna:कनकने  Mobile:9406589677","","SUCCESS (Auto-Approved)"
"2026-08-30T14:24:52.654Z","GOOGLE_LOGIN","Vijay Kumar Gupta","guptavijay930@gmail.com","","Role:Member  Status:Approved","","SUCCESS"
"2026-08-31T02:55:36.743Z","BULK_INVITE_RUN","System","auto","","Processed=0 Failed=0","","SUCCESS"
"2026-08-31T16:58:54.100Z","LOGIN","Disha Ashokji Gupta","dishaashokguptagupta@gmail.com","","Role:Member  Status:Approved","","SUCCESS"
"2026-08-31T18:13:31.115Z","APPROVE","Gaurav Reja","dendthdel@gmail.com","rahul gupta <rg9900368@gmail.com>","Role:Member","","SUCCESS"
"2026-09-01T02:55:37.553Z","BULK_INVITE_RUN","System","auto","","Processed=0 Failed=0","","SUCCESS"
"2026-09-01T12:00:01.787Z","LOGIN","rahul gupta","rg9900368@gmail.com","","Role:Member  Status:Approved","","SUCCESS"
"2026-09-01T12:13:03.097Z","LOGIN","rahul gupta","rg9900368@gmail.com","","Role:Member  Status:Approved","","SUCCESS"
"2026-09-01T12:36:09.912Z","EDIT_PROFILE","rahul gupta","rg9900368@gmail.com","rg9900368@gmail.com","Profession: — → service | Designation: — → technical head | Address: — → 41 upprainguj ward chhota fuhara | Pincode: — → 482002 | Blood: — → O+ | Birthday: — → 11-26","","SUCCESS"
"2026-09-02T02:55:38.975Z","BULK_INVITE_RUN","System","auto","","Processed=0 Failed=0","","SUCCESS"
"2026-09-02T05:29:26.632Z","APPROVE","Gaurav Reja","dendthdel@gmail.com","Chandan Gupta <chandan.gupta401@gmail.com>","Role:Member","","SUCCESS"
"2026-09-02T05:30:25.601Z","GOOGLE_LOGIN","Chandan Gupta","chandan.gupta401@gmail.com","","Role:Member  Status:Approved","","SUCCESS"
"2026-09-02T05:30:42.906Z","LOGIN","Chandan Gupta","chandan.gupta401@gmail.com","","Role:Member  Status:Approved","","SUCCESS"
"2026-09-02T05:31:33.080Z","EDIT_PROFILE","Chandan Gupta","chandan.gupta401@gmail.com","chandan.gupta401@gmail.com","Address: — → Nirala Aspire, near ek murti, Greater Noida west | Pincode: — → 201309 | Marital: Unmarried → Married | Spouse: — → Priyanka gupta","","SUCCESS"
"2026-09-02T05:33:24.012Z","LOGIN","Chandan Gupta","chandan.gupta401@gmail.com","","Role:Member  Status:Approved","","SUCCESS"
"2026-09-02T05:33:37.236Z","LOGIN","Chandan Gupta","chandan.gupta401@gmail.com","","Role:Member  Status:Approved","","SUCCESS"
"2026-09-02T06:51:21.260Z","LOGIN","Chandan Gupta","chandan.gupta401@gmail.com","","Role:Member  Status:Approved","","SUCCESS"
"2026-09-02T08:07:38.851Z","LOGIN","Chandan Gupta","chandan.gupta401@gmail.com","","","","FAILED: Wrong password"
"2026-09-02T08:08:17.529Z","LOGIN","Chandan Gupta","chandan.gupta401@gmail.com","","Role:Member  Status:Approved","","SUCCESS"
"2026-09-02T08:08:47.559Z","LOGIN","Chandan Gupta","chandan.gupta401@gmail.com","","Role:Member  Status:Approved","","SUCCESS"
"2026-09-02T08:13:09.710Z","LOGIN","Chandan Gupta","chandan.gupta401@gmail.com","","Role:Member  Status:Approved","","SUCCESS"
"2026-09-02T13:24:32.303Z","LOGIN","rahul gupta","rg9900368@gmail.com","","Role:Member  Status:Approved","","SUCCESS"
"2026-09-02T15:36:48.210Z","MAHASABHA_APPLY","rahul gupta","rg9900368@gmail.com","rahul gupta","Interest form submitted to MahasabhaMembers","","SUCCESS"
"2026-09-02T15:43:01.326Z","LOGIN","Pramod Kumar Gupta","pkguptamca@gmail.com","","Role:Approver  Status:Approved","","SUCCESS"
"2026-09-02T15:43:36.853Z","LOGIN","Pramod Kumar Gupta","pkguptamca@gmail.com","","Role:Approver  Status:Approved","","SUCCESS"
"2026-09-03T02:55:36.786Z","BULK_INVITE_RUN","System","auto","","Processed=0 Failed=0","","SUCCESS"
"2026-09-03T05:59:38.316Z","LOGIN","Varun Gupta","VARUN252405@GMAIL.COM","","Role:Member  Status:Approved","","SUCCESS"
"2026-09-03T05:59:45.165Z","LOGIN","Varun Gupta","VARUN252405@GMAIL.COM","","Role:Member  Status:Approved","","SUCCESS"
"2026-09-03T15:43:34.979Z","LOGIN","राजेन्द्र प्रसाद सेठ","guptarajedra6135@gmail.com","","Role:Member  Status:Approved","","SUCCESS"
"2026-09-03T15:58:59.915Z","EDIT_PROFILE","राजेन्द्र प्रसाद सेठ","guptarajedra6135@gmail.com","guptarajedra6135@gmail.com","Photo: updated","","SUCCESS"
"2026-09-03T16:02:52.824Z","LOGIN","राजेन्द्र प्रसाद सेठ","guptarajedra6135@gmail.com","","Role:Member  Status:Approved","","SUCCESS"
"2026-09-03T16:03:07.797Z","LOGIN","राजेन्द्र प्रसाद सेठ","guptarajedra6135@gmail.com","","Role:Member  Status:Approved","","SUCCESS"
"2026-09-03T16:03:19.746Z","LOGIN","राजेन्द्र प्रसाद सेठ","guptarajedra6135@gmail.com","","Role:Member  Status:Approved","","SUCCESS"
"2026-09-04T02:55:37.694Z","BULK_INVITE_RUN","System","auto","","Processed=0 Failed=0","","SUCCESS"
"2026-09-04T09:33:24.355Z","LOGIN","ankit Gupta","ankitg527@gmail.com","","","","FAILED: Wrong password"
"2026-09-05T02:01:25.689Z","GOOGLE_LOGIN","Gaurav Reja","dendthdel@gmail.com","","Role:Admin  Status:Approved","","SUCCESS"
"2026-09-05T02:05:07.930Z","SOFT_DELETE_MAT","Gaurav Reja","dendthdel@gmail.com","","Self","","SUCCESS"
"2026-09-05T02:55:36.602Z","BULK_INVITE_RUN","System","auto","","Processed=0 Failed=0","","SUCCESS"
"2026-09-05T13:55:58.595Z","FORGOT_PASSWORD","Raj kumar Gupta","rkg311964@gmail.com","rkg311964@gmail.com","","","SUCCESS"
"2026-09-05T13:56:59.192Z","LOGIN","Raj kumar Gupta","rkg311964@gmail.com","","Role:Member  Status:Approved","","SUCCESS"
"2026-09-05T13:57:09.747Z","LOGIN","Raj kumar Gupta","rkg311964@gmail.com","","Role:Member  Status:Approved","","SUCCESS"
"2026-09-05T13:57:54.104Z","LOGIN","Raj kumar Gupta","rkg311964@gmail.com","","Role:Member  Status:Approved","","SUCCESS"
"2026-09-05T14:12:16.831Z","EDIT_PROFILE","Raj kumar Gupta","rkg311964@gmail.com","rkg311964@gmail.com","Name: Raj kumar Gupta → Dr Sanchit Gupta | Profession: — → Assistant Professor NIT Patna | Designation: — → Assistant professor | Address: — → 88starhomes Bawadia kalan | Pincode: — → 462039 | Blood: — → B+ | Birthday: — → 05-27","","SUCCESS"
"2026-09-05T14:37:00.811Z","MAT_SUBMIT","Dr Sanchit Gupta","rkg311964@gmail.com","Dr Sanchit Gupta","Male | Patna | PHD","","SUCCESS"
"2026-09-06T02:55:37.093Z","BULK_INVITE_RUN","System","auto","","Processed=0 Failed=0","","SUCCESS"
"2026-09-06T13:24:48.090Z","GOOGLE_LOGIN","Dinesh Kumar","dineshkumar8376846324@gmail.com","","Role:Member  Status:Pending","","SUCCESS"
"2026-09-06T13:32:13.505Z","GOOGLE_LOGIN","Gaurav Reja","dendthdel@gmail.com","","Role:Admin  Status:Approved","","SUCCESS"
"2026-09-06T13:32:38.700Z","APPROVE","Gaurav Reja","dendthdel@gmail.com","Dinesh Kumar <dineshkumar8376846324@gmail.com>","Role:Member","","SUCCESS"
"2026-09-06T15:31:28.856Z","LOGIN","Pradeep Gupta","pradeep.eng121@yahoo.com","","","","FAILED: Wrong password"
"2026-09-06T15:32:12.983Z","LOGIN","Pradeep Gupta","pradeep.eng121@yahoo.com","","Role:Member  Status:Approved","","SUCCESS"
"2026-09-07T01:55:00.679Z","LOGIN","Pramod Kumar Gupta","pkguptamca@gmail.com","","Role:Approver  Status:Approved","","SUCCESS"
"2026-09-07T02:55:39.371Z","BULK_INVITE_RUN","System","auto","","Processed=0 Failed=0","","SUCCESS"
"2026-09-08T02:55:37.157Z","BULK_INVITE_RUN","System","auto","","Processed=0 Failed=0","","SUCCESS"
"2026-09-08T04:18:09.327Z","GOOGLE_SIGNUP","Harsh Sijariya","harshsijariya33@gmail.com","","New user — profile completion required","","PENDING"
"2026-09-08T04:19:38.685Z","REGISTER","Harsh Sijariya","harshsijariya33@gmail.com","harshsijariya33@gmail.com","City:Barauri  Akna:सिजरिया  Mobile:7991709342","","SUCCESS (Auto-Approved)"
"2026-09-08T04:19:41.855Z","GOOGLE_LOGIN","Harsh Sijariya","harshsijariya33@gmail.com","","Role:Member  Status:Approved","","SUCCESS"
"2026-09-09T02:55:37.879Z","BULK_INVITE_RUN","System","auto","","Processed=0 Failed=0","","SUCCESS"
"2026-09-09T05:52:29.841Z","LOGIN","राजेन्द्र प्रसाद सेठ","guptarajedra6135@gmail.com","","Role:Member  Status:Approved","","SUCCESS"
"2026-09-09T06:09:32.124Z","LOGIN","राजेन्द्र प्रसाद सेठ","guptarajedra6135@gmail.com","","Role:Member  Status:Approved","","SUCCESS"
"2026-09-10T02:55:37.499Z","BULK_INVITE_RUN","System","auto","","Processed=0 Failed=0","","SUCCESS"
"2026-09-10T03:59:50.162Z","GOOGLE_LOGIN","Ankit Reja","ankitreja@gmail.com","","Role:Member  Status:Approved","","SUCCESS"
"2026-09-10T04:13:58.970Z","POST_BIZ","Ankit Reja","ankitreja@gmail.com","","Jai Balaji Hardware And Tools | Jhansi","","SUCCESS"
"2026-09-10T04:16:34.024Z","LOGIN","Ankit Reja","ankitreja@gmail.com","","Role:Member  Status:Approved","","SUCCESS"
"2026-09-10T13:11:18.468Z","GOOGLE_LOGIN","Saurabh kharya","saurabh.court@gmail.com","","Role:Member  Status:Approved","","SUCCESS"
"2026-09-11T02:55:38.303Z","BULK_INVITE_RUN","System","auto","","Processed=0 Failed=0","","SUCCESS"
"2026-09-11T15:35:05.304Z","POST_BIZ","Harsh Sijariya","harshsijariya33@gmail.com","","Marriage app | Datia","","SUCCESS"
"2026-09-11T15:36:26.003Z","GOOGLE_LOGIN","Harsh Sijariya","harshsijariya33@gmail.com","","Role:Member  Status:Approved","","SUCCESS"
"2026-09-12T01:48:02.118Z","GOOGLE_LOGIN","Manoj kumar gupta","fundm76@gmail.com","","Role:Member  Status:Pending","","SUCCESS"
"2026-09-12T01:49:15.109Z","APPROVE","Gaurav Reja","dendthdel@gmail.com","Manoj kumar gupta <fundm76@gmail.com>","Role:Member","","SUCCESS"
"2026-09-12T01:55:50.528Z","APPROVE","Gaurav Reja","dendthdel@gmail.com","Shivansh gupta <ssiagwl2015@gmail.com>","Role:Member","","SUCCESS"
"2026-09-12T01:59:38.294Z","GOOGLE_LOGIN","Manoj kumar gupta","fundm76@gmail.com","","Role:Member  Status:Approved","","SUCCESS"
"2026-09-12T02:55:35.252Z","BULK_INVITE_RUN","System","auto","","Processed=0 Failed=0","","SUCCESS"
"2026-09-12T03:52:34.963Z","SET_MAHASABHA_ROLE","Gaurav Reja","dendthdel@gmail.com","Gaurav Rawat <gauravrawat987@gmail.com>","MahasabhaPrint:Granted","","SUCCESS"
"2026-09-12T03:53:16.932Z","LOGIN","Gaurav Rawat","gauravrawat987@gmail.com","","Role:mahasabhaPrint  Status:Approved","","SUCCESS"
"2026-09-12T03:53:31.462Z","GOOGLE_LOGIN","Gaurav Rawat","gauravrawat987@gmail.com","","Role:mahasabhaPrint  Status:Approved","","SUCCESS"
"2026-09-12T03:53:36.052Z","GOOGLE_LOGIN","Gaurav Rawat","gauravrawat987@gmail.com","","Role:mahasabhaPrint  Status:Approved","","SUCCESS"
"2026-09-12T03:54:49.466Z","LOGIN","Gaurav Rawat","gauravrawat987@gmail.com","","Role:mahasabhaPrint  Status:Approved","","SUCCESS"
"2026-09-12T03:55:23.433Z","GOOGLE_LOGIN","Gaurav Rawat","gauravrawat987@gmail.com","","Role:mahasabhaPrint  Status:Approved","","SUCCESS"
"2026-09-12T03:55:28.731Z","GOOGLE_LOGIN","Gaurav Rawat","gauravrawat987@gmail.com","","Role:mahasabhaPrint  Status:Approved","","SUCCESS"
"2026-09-12T03:56:42.713Z","LOGIN","Gaurav Rawat","gauravrawat987@gmail.com","","Role:mahasabhaPrint  Status:Approved","","SUCCESS"
"2026-09-12T03:59:30.056Z","MAHASABHA_APPLY","Gaurav Rawat","gauravrawat987@gmail.com","Gaurav Rawat","Interest form submitted to MahasabhaMembers","","SUCCESS"
"2026-09-12T04:30:10.493Z","GOOGLE_SIGNUP","Utkarsh Gupta","utkarshgupta9554@gmail.com","","New user — profile completion required","","PENDING"
"2026-09-12T04:32:51.160Z","REGISTER","Utkarsh Gupta","utkarshgupta9554@gmail.com","utkarshgupta9554@gmail.com","City:Jalaun  Akna:कुरेले  Mobile:9580181258","","SUCCESS (Auto-Approved)"
"2026-09-12T04:32:55.970Z","GOOGLE_LOGIN","Utkarsh Gupta","utkarshgupta9554@gmail.com","","Role:Member  Status:Approved","","SUCCESS"
"2026-09-12T06:50:04.026Z","GOOGLE_LOGIN","Sureshchandra Gupta","guptasureshchandra011@gmail.com","","Role:Member  Status:Pending","","SUCCESS"
"2026-09-12T06:52:19.104Z","LOGIN","Sureshchandra Gupta","guptasureshchandra011@gmail.com","","","","FAILED: Wrong password"
"2026-09-12T06:52:33.411Z","LOGIN","Sureshchandra Gupta","guptasureshchandra011@gmail.com","","","","FAILED: Wrong password"
"2026-09-12T07:33:47.348Z","GOOGLE_LOGIN","Gaurav Reja","dendthdel@gmail.com","","Role:Admin  Status:Approved","","SUCCESS"
"2026-09-12T07:34:09.399Z","APPROVE","Gaurav Reja","dendthdel@gmail.com","Sureshchandra Gupta <guptasureshchandra011@gmail.com>","Role:Member","","SUCCESS"
"2026-09-12T11:33:57.576Z","LOGIN","Gaurav Rawat","gauravrawat987@gmail.com","","Role:mahasabhaPrint  Status:Approved","","SUCCESS"
"2026-09-12T11:34:36.702Z","LOGIN","Gaurav Rawat","gauravrawat987@gmail.com","","Role:mahasabhaPrint  Status:Approved","","SUCCESS"
"2026-09-12T11:35:01.725Z","LOGIN","Gaurav Rawat","gauravrawat987@gmail.com","","Role:mahasabhaPrint  Status:Approved","","SUCCESS"
"2026-09-12T11:37:32.217Z","LOGIN","Gaurav Rawat","gauravrawat987@gmail.com","","Role:mahasabhaPrint  Status:Approved","","SUCCESS"
"2026-09-12T15:15:31.336Z","APPROVE","Gaurav Reja","dendthdel@gmail.com","Amit Gupta <amitrawat2205@gmail.com>","Role:Member","","SUCCESS"
"2026-09-12T16:20:54.927Z","GOOGLE_SIGNUP","Arvind Gupta","arvindgupta58646@gmail.com","","New user — profile completion required","","PENDING"
"2026-09-12T16:48:14.594Z","LOGIN","Gaurav Rawat","gauravrawat987@gmail.com","","Role:mahasabhaPrint  Status:Approved","","SUCCESS"
"2026-09-12T17:21:07.741Z","LOGIN","Abhishek Kumar Gupta","abhishekgupta29@hotmail.com","","Role:Member  Status:Approved","","SUCCESS"
"2026-09-12T18:44:52.179Z","GOOGLE_SIGNUP","Shubhanshu Gupta","shubhanshu2009@gmail.com","","New user — profile completion required","","PENDING"
"2026-09-12T18:44:57.243Z","GOOGLE_SIGNUP","Shubhanshu Gupta","shubhanshu2009@gmail.com","","New user — profile completion required","","PENDING"
"2026-09-12T18:51:25.766Z","REGISTER","Shubhanshu Gupta","shubhanshu2009@gmail.com","shubhanshu2009@gmail.com","City:Gautam Buddha Nagar  Akna:रेजा  Mobile:9718565401","","SUCCESS (Auto-Approved)"
"2026-09-12T18:51:30.063Z","GOOGLE_LOGIN","Shubhanshu Gupta","shubhanshu2009@gmail.com","","Role:Member  Status:Approved","","SUCCESS"
"2026-09-12T18:54:57.364Z","LOGIN","Shubhanshu Gupta","shubhanshu2009@gmail.com","","Role:Member  Status:Approved","","SUCCESS"
"2026-09-12T18:57:03.785Z","LOGIN","Shubhanshu Gupta","shubhanshu2009@gmail.com","","Role:Member  Status:Approved","","SUCCESS"
"2026-09-12T18:58:12.977Z","LOGIN","Shubhanshu Gupta","shubhanshu2009@gmail.com","","Role:Member  Status:Approved","","SUCCESS"
"2026-09-12T18:58:45.059Z","EDIT_PROFILE","Shubhanshu Gupta","shubhanshu2009@gmail.com","shubhanshu2009@gmail.com","City: Gautam Buddha Nagar → Greater Noida West","","SUCCESS"
"2026-09-12T20:27:24.929Z","LOGIN","Gaurav Reja","dendthdel@gmail.com","","","","FAILED: Wrong password"
"2026-09-12T20:28:14.557Z","LOGIN","Gaurav Reja","dendthdel@gmail.com","","","","FAILED: Wrong password"
"2026-09-13T02:55:35.159Z","BULK_INVITE_RUN","System","auto","","Processed=0 Failed=0","","SUCCESS"
"2026-09-13T03:34:11.245Z","LOGIN","Gaurav Reja","dendthdel@gmail.com","","Role:Admin  Status:Approved","","SUCCESS"
"2026-09-13T03:35:05.606Z","SET_ROLE","Gaurav Reja","dendthdel@gmail.com","Gaurav Rawat <gauravrawat987@gmail.com>","New Role:Approver","","SUCCESS"
"2026-09-13T03:37:55.290Z","SET_MAHASABHA_ROLE","Gaurav Reja","dendthdel@gmail.com","Ashish Nagariya <aasheesh.guptaa@gmail.com>","MahasabhaPrint:Revoked","","SUCCESS"
"2026-09-13T03:38:13.096Z","SET_MAHASABHA_ROLE","Gaurav Reja","dendthdel@gmail.com","Gaurav Reja <gaurav.reja@gmail.com>","MahasabhaPrint:Revoked","","SUCCESS"
"2026-09-13T03:39:04.915Z","SET_MAHASABHA_ROLE","Gaurav Reja","dendthdel@gmail.com","Gaurav Rawat <gauravrawat987@gmail.com>","MahasabhaPrint:Granted","","SUCCESS"
"2026-09-13T03:39:52.899Z","LOGIN","Gaurav Rawat","gauravrawat987@gmail.com","","Role:Approver  Status:Approved","","SUCCESS"
"2026-09-13T03:51:22.424Z","SET_MAHASABHA_ROLE","Gaurav Reja","dendthdel@gmail.com","Gaurav Reja <gaurav.reja@gmail.com>","MahasabhaPrint:Granted","","SUCCESS"
"2026-09-13T03:51:35.882Z","SET_MAHASABHA_ROLE","Gaurav Reja","dendthdel@gmail.com","Ashish Nagariya <aasheesh.guptaa@gmail.com>","MahasabhaPrint:Granted","","SUCCESS"
"2026-09-13T03:56:51.848Z","SET_MAHASABHA_ROLE","Gaurav Reja","dendthdel@gmail.com","Dheeraj Gupta(चऊदा) <mdheerajgupta@gmail.com>","MahasabhaPrint:Granted","","SUCCESS"
"2026-09-13T04:41:34.009Z","LOGIN","Gaurav Rawat","gauravrawat987@gmail.com","","Role:Approver  Status:Approved","","SUCCESS"
"2026-09-13T04:42:21.499Z","LOGIN","Gaurav Rawat","gauravrawat987@gmail.com","","Role:Approver  Status:Approved","","SUCCESS"
"2026-09-13T04:42:25.821Z","LOGIN","Gaurav Rawat","gauravrawat987@gmail.com","","Role:Approver  Status:Approved","","SUCCESS"
"2026-09-13T05:13:18.277Z","APPROVE","Gaurav Reja","dendthdel@gmail.com","G.B. GUPTA <adiebkh@gmail.com>","Role:Member","","SUCCESS"
"2026-09-13T06:01:20.942Z","LOGIN","Gaurav Rawat","gauravrawat987@gmail.com","","Role:Approver  Status:Approved","","SUCCESS"
"2026-09-13T08:17:09.839Z","LOGIN","Deepesh","deepeshgupta0175@gmail.com","","Role:Member  Status:Approved","","SUCCESS"
"2026-09-13T08:17:16.866Z","LOGIN","Deepesh","deepeshgupta0175@gmail.com","","Role:Member  Status:Approved","","SUCCESS"
"2026-09-13T08:18:44.799Z","LOGIN","Deepesh","deepeshgupta0175@gmail.com","","Role:Member  Status:Approved","","SUCCESS"
"2026-09-13T08:19:56.623Z","LOGIN","Deepesh","deepeshgupta0175@gmail.com","","Role:Member  Status:Approved","","SUCCESS"
"2026-09-13T08:31:18.040Z","LOGIN","Deepesh","deepeshgupta0175@gmail.com","","Role:Member  Status:Approved","","SUCCESS"
"2026-09-13T08:33:53.081Z","LOGIN","Deepesh","deepeshgupta0175@gmail.com","","Role:Member  Status:Approved","","SUCCESS"
"2026-09-13T08:36:53.022Z","EDIT_PROFILE","Deepesh","deepeshgupta0175@gmail.com","deepeshgupta0175@gmail.com","Native: Papera → Palera | Pincode: — → 472221 | Birthday: — → 09-21","","SUCCESS"
"2026-09-13T08:37:05.414Z","LOGIN","Deepesh","deepeshgupta0175@gmail.com","","Role:Member  Status:Approved","","SUCCESS"
"2026-09-13T09:15:46.097Z","LOGIN","G.B. GUPTA","adiebkh@gmail.com","","Role:Member  Status:Approved","","SUCCESS"
"2026-09-13T09:16:41.291Z","LOGIN","G.B. GUPTA","adiebkh@gmail.com","","Role:Member  Status:Approved","","SUCCESS"
"2026-09-13T09:17:36.140Z","LOGIN","G.B. GUPTA","adiebkh@gmail.com","","Role:Member  Status:Approved","","SUCCESS"
"2026-09-13T09:17:43.176Z","LOGIN","G.B. GUPTA","adiebkh@gmail.com","","Role:Member  Status:Approved","","SUCCESS"
"2026-09-13T09:17:51.032Z","LOGIN","G.B. GUPTA","adiebkh@gmail.com","","Role:Member  Status:Approved","","SUCCESS"
"2026-09-13T09:20:23.368Z","LOGIN","Deepesh","deepeshgupta0175@gmail.com","","Role:Member  Status:Approved","","SUCCESS"
"2026-09-13T09:21:45.837Z","EDIT_PROFILE","G.B. GUPTA","adiebkh@gmail.com","adiebkh@gmail.com","Profession: — → Indian Railway (IRMS) | Designation: — → Ex. Executive Engineer | Address: — → New Minal | Pincode: — → 462023 | Marital: Unmarried → Married | Spouse: — → SEEMA Gupta | Blood: — → B+ | ShowMobile: yes → no","","SUCCESS"
"2026-09-13T09:24:28.632Z","LOGIN","Deepesh","deepeshgupta0175@gmail.com","","Role:Member  Status:Approved","","SUCCESS"
"2026-09-13T09:26:42.088Z","LOGIN","Deepesh","deepeshgupta0175@gmail.com","","Role:Member  Status:Approved","","SUCCESS"
"2026-09-13T09:27:03.903Z","EDIT_PROFILE","G.B. GUPTA","adiebkh@gmail.com","adiebkh@gmail.com","Photo: updated","","SUCCESS"
"2026-09-13T09:34:28.340Z","LOGIN","Deepesh","deepeshgupta0175@gmail.com","","Role:Member  Status:Approved","","SUCCESS"
"2026-09-13T09:51:02.977Z","LOGIN","Deepesh","deepeshgupta0175@gmail.com","","Role:Member  Status:Approved","","SUCCESS"
"2026-09-13T09:56:27.346Z","LOGIN","Deepesh","deepeshgupta0175@gmail.com","","Role:Member  Status:Approved","","SUCCESS"
"2026-09-13T09:58:18.415Z","LOGIN","Deepesh","deepeshgupta0175@gmail.com","","Role:Member  Status:Approved","","SUCCESS"
"2026-09-13T11:28:02.537Z","LOGIN","Deepesh","deepeshgupta0175@gmail.com","","Role:Member  Status:Approved","","SUCCESS"
"2026-09-13T11:31:23.218Z","LOGIN","Deepesh","deepeshgupta0175@gmail.com","","Role:Member  Status:Approved","","SUCCESS"
"2026-09-13T16:09:11.860Z","LOGIN","G.B. GUPTA","adiebkh@gmail.com","","Role:Member  Status:Approved","","SUCCESS"
"2026-09-13T16:11:15.478Z","LOGIN","G.B. GUPTA","adiebkh@gmail.com","","Role:Member  Status:Approved","","SUCCESS"
"2026-09-13T16:11:39.324Z","LOGIN","G.B. GUPTA","adiebkh@gmail.com","","Role:Member  Status:Approved","","SUCCESS"
"2026-09-13T16:21:36.574Z","LOGIN","G.B. GUPTA","adiebkh@gmail.com","","Role:Member  Status:Approved","","SUCCESS"
"2026-09-14T02:55:37.638Z","BULK_INVITE_RUN","System","auto","","Processed=0 Failed=0","","SUCCESS"
"2026-09-14T05:15:56.553Z","LOGIN","Muskaan Gupta","guptamuskan30420@gmail.com","","Role:Member  Status:Approved","","SUCCESS"
"2026-09-14T17:23:15.219Z","LOGIN","राजेन्द्र प्रसाद सेठ","guptarajedra6135@gmail.com","","Role:Member  Status:Approved","","SUCCESS"
"2026-09-15T02:55:36.345Z","BULK_INVITE_RUN","System","auto","","Processed=0 Failed=0","","SUCCESS"
"2026-09-15T05:15:30.646Z","APPROVE","Gaurav Reja","dendthdel@gmail.com","Jitendra Gupta <jeetu.gupta1980@gmail.com>","Role:Member","","SUCCESS"
"2026-09-15T06:04:47.851Z","LOGIN","Dhruv Mor","ramprakashmor12@gmail.com","","Role:Member  Status:Approved","","SUCCESS"
"2026-09-15T06:05:08.058Z","LOGIN","Dhruv Mor","ramprakashmor12@gmail.com","","Role:Member  Status:Approved","","SUCCESS"
"2026-09-15T10:25:42.512Z","LOGIN","Shekhar Gupta","shekhargupta0987@gmail.com","","Role:Member  Status:Approved","","SUCCESS"
"2026-09-15T18:09:57.528Z","GOOGLE_LOGIN","Anuj Viswari","Viswari@gmail.com","","Role:Approver  Status:Approved","","SUCCESS"
"2026-09-15T18:10:03.333Z","GOOGLE_LOGIN","Anuj Viswari","Viswari@gmail.com","","Role:Approver  Status:Approved","","SUCCESS"
"2026-09-16T02:55:36.555Z","BULK_INVITE_RUN","System","auto","","Processed=0 Failed=0","","SUCCESS"
"2026-09-16T07:04:14.334Z","GOOGLE_SIGNUP","Vikas Neekhra","vikasneekhra44@gmail.com","","New user — profile completion required","","PENDING"
"2026-09-16T07:06:31.163Z","REGISTER","Vikas Neekhra","vikasneekhra44@gmail.com","vikasneekhra44@gmail.com","City:Ghaziabad  Akna:नीखरा  Mobile:9630807134","","SUCCESS (Auto-Approved)"
"2026-09-16T07:06:35.774Z","GOOGLE_LOGIN","Vikas Neekhra","vikasneekhra44@gmail.com","","Role:Member  Status:Approved","","SUCCESS"
"2026-09-16T07:06:43.059Z","LOGIN","Vikas Neekhra","vikasneekhra44@gmail.com","","Role:Member  Status:Approved","","SUCCESS"
"2026-09-16T07:10:31.120Z","LOGIN","Vikas Neekhra","vikasneekhra44@gmail.com","","Role:Member  Status:Approved","","SUCCESS"
"2026-09-16T12:33:32.829Z","LOGIN","Ankit Reja","ankitreja@gmail.com","","Role:Member  Status:Approved","","SUCCESS"
"2026-09-16T12:35:51.725Z","LOGIN","Ankit Reja","ankitreja@gmail.com","","Role:Member  Status:Approved","","SUCCESS"
"2026-09-16T12:39:20.452Z","LOGIN","Ankit Reja","ankitreja@gmail.com","","Role:Member  Status:Approved","","SUCCESS"
"2026-09-17T02:55:39.723Z","BULK_INVITE_RUN","System","auto","","Processed=0 Failed=0","","SUCCESS"
"2026-09-17T10:44:49.802Z","GOOGLE_SIGNUP","asati vaishya parichay âasativaishyaparichay.inâ à¤à¤¸à¤¾à¤à¥ à¤µà¥à¤¶à¥âà¤¯ à¤ªà¤°à¤¿à¤à¤¯","asativaishyaparichay@gmail.com","","New user — profile completion required","","PENDING"
"2026-09-17T17:46:27.105Z","LOGIN","prince suhane","suhaneprince5@gmail.com","","Role:Member  Status:Approved","","SUCCESS"
"2026-09-18T02:55:42.223Z","BULK_INVITE_RUN","System","auto","","Processed=0 Failed=0","","SUCCESS"
"2026-09-18T10:16:17.993Z","GOOGLE_LOGIN","SANDEEP KUMAR Gupta","sandy2010@gmail.com","","Role:Member  Status:Approved","","SUCCESS"
"2026-09-18T13:57:27.187Z","GOOGLE_LOGIN","Sanjiv Kumar Sohane","mmmgreno@gmail.com","","Role:Member  Status:Approved","","SUCCESS"
"2026-09-18T16:36:37.318Z","LOGIN","Disha Ashokji Gupta","dishaashokguptagupta@gmail.com","","Role:Member  Status:Approved","","SUCCESS"
"2026-09-18T16:36:49.114Z","LOGIN","Disha Ashokji Gupta","dishaashokguptagupta@gmail.com","","Role:Member  Status:Approved","","SUCCESS"
"2026-09-18T17:01:22.167Z","GOOGLE_SIGNUP","Shivam Reja","shivamrejaasia@gmail.com","","New user — profile completion required","","PENDING"
"2026-09-18T17:03:10.269Z","REGISTER","Shivam Reja","shivamrejaasia@gmail.com","shivamrejaasia@gmail.com","City:Indore  Akna:रूसिया  Mobile:6266519978","","SUCCESS (Auto-Approved)"
"2026-09-18T17:04:59.155Z","GOOGLE_LOGIN","Shivam Reja","shivamrejaasia@gmail.com","","Role:Member  Status:Approved","","SUCCESS"
"2026-09-18T17:05:02.470Z","GOOGLE_LOGIN","Shivam Reja","shivamrejaasia@gmail.com","","Role:Member  Status:Approved","","SUCCESS"
"2026-09-18T17:05:20.072Z","LOGIN","Shivam Reja","shivamrejaasia@gmail.com","","Role:Member  Status:Approved","","SUCCESS"
"2026-09-19T02:55:35.562Z","BULK_INVITE_RUN","System","auto","","Processed=0 Failed=0","","SUCCESS"
"2026-09-19T06:02:36.861Z","GOOGLE_LOGIN","Ayushi Gupta","askraa100@gmail.com","","Role:Member  Status:Pending","","SUCCESS"
"2026-09-19T06:07:12.535Z","APPROVE","Gaurav Reja","dendthdel@gmail.com","Ayushi Gupta <askraa100@gmail.com>","Role:Member","","SUCCESS"
"2026-09-19T07:16:25.900Z","GOOGLE_SIGNUP","Manoj Gupta","manojgupta17855@gmail.com","","New user — profile completion required","","PENDING"
"2026-09-19T07:20:02.944Z","REGISTER","Manoj Kumar Gupta","manojgupta17855@gmail.com","manojgupta17855@gmail.com","City:Shivpuri  Akna:मिसुरया  Mobile:9039417855","","SUCCESS (Auto-Approved)"
"2026-09-19T07:20:06.814Z","GOOGLE_LOGIN","Manoj Kumar Gupta","manojgupta17855@gmail.com","","Role:Member  Status:Approved","","SUCCESS"
"2026-09-19T07:26:32.080Z","MAHASABHA_APPLY","Manoj Kumar Gupta","manojgupta17855@gmail.com","Manoj Kumar Gupta","Interest form submitted to MahasabhaMembers","","SUCCESS"
"2026-09-19T07:41:33.092Z","LOGIN","Archna gupta","seth641580@gmail.com","","Role:Member  Status:Approved","","SUCCESS"
"2026-09-19T07:41:38.943Z","LOGIN","Archna gupta","seth641580@gmail.com","","Role:Member  Status:Approved","","SUCCESS"
"2026-09-19T07:42:17.136Z","LOGIN","Archna gupta","seth641580@gmail.com","","Role:Member  Status:Approved","","SUCCESS"
"2026-09-19T07:46:42.723Z","LOGIN","Archna gupta","seth641580@gmail.com","","Role:Member  Status:Approved","","SUCCESS"
"2026-09-19T07:48:41.249Z","EDIT_PROFILE","Archna gupta","seth641580@gmail.com","seth641580@gmail.com","Name: Archna gupta → amit bhadna fans | Address: — → Narsing Rao toriya jhansi | Pincode: — → 284002 | Marital: Unmarried → Married | Spouse: — → Vikas gupta | Birthday: — → 08-15","","SUCCESS"
"2026-09-19T07:49:24.134Z","EDIT_PROFILE","amit bhadna fans","seth641580@gmail.com","seth641580@gmail.com","Name: amit bhadna fans → Archna gupta","","SUCCESS"
"2026-09-19T07:49:55.750Z","LOGIN","Archna gupta","seth641580@gmail.com","","Role:Member  Status:Approved","","SUCCESS"
"2026-09-19T07:54:32.619Z","LOGIN","Archna gupta","seth641580@gmail.com","","Role:Member  Status:Approved","","SUCCESS"
"2026-09-19T08:14:19.209Z","LOGIN","Gaurav Reja","dendthdel@gmail.com","","","","FAILED: Wrong password"
"2026-09-19T08:15:19.840Z","ADMIN_EDIT_MEMBER","Gaurav Reja","dendthdel@gmail.com","shivamrejaasia@gmail.com","Edited: Shivam Reja | shivamrejaasia@gmail.com","","SUCCESS"
"2026-09-19T08:15:32.044Z","LOGIN","Gaurav Reja","dendthdel@gmail.com","","","","FAILED: Wrong password"
"2026-09-19T10:45:37.157Z","GOOGLE_LOGIN","Rishi Gupta","rishiaimlb.techgupta@gmail.com","","Role:Member  Status:Approved","","SUCCESS"
"2026-09-19T10:52:59.322Z","LOGIN","Rishi Gupta","rishiaimlb.techgupta@gmail.com","","Role:Member  Status:Approved","","SUCCESS"
"2026-09-19T10:53:46.155Z","LOGIN","Rishi Gupta","rishiaimlb.techgupta@gmail.com","","Role:Member  Status:Approved","","SUCCESS"
"2026-09-19T10:57:19.266Z","LOGIN","Rishi Gupta","rishiaimlb.techgupta@gmail.com","","Role:Member  Status:Approved","","SUCCESS"
"2026-09-19T10:58:30.692Z","EDIT_PROFILE","Rishi Gupta","rishiaimlb.techgupta@gmail.com","rishiaimlb.techgupta@gmail.com","Profession: — → Engineer | Blood: — → A+ | Birthday: — → 12-03","","SUCCESS"
"2026-09-19T11:00:05.612Z","LOGIN","Archna gupta","seth641580@gmail.com","","Role:Member  Status:Approved","","SUCCESS"
"2026-09-20T02:38:40.327Z","LOGIN","Jitendra Gupta","jeetugupta00185@gmail.com","","","","FAILED: Wrong password"
"2026-09-20T02:39:22.231Z","GOOGLE_LOGIN","Jitendra Gupta","jeetugupta00185@gmail.com","","Role:Member  Status:Approved","","SUCCESS"
"2026-09-20T02:39:35.966Z","GOOGLE_LOGIN","Jitendra Gupta","jeetugupta00185@gmail.com","","Role:Member  Status:Approved","","SUCCESS"
"2026-09-20T02:40:40.451Z","LOGIN","Jitendra Gupta","jeetugupta00185@gmail.com","","Role:Member  Status:Approved","","SUCCESS"
"2026-09-20T02:42:24.210Z","LOGIN","Jitendra Gupta","jeetugupta00185@gmail.com","","Role:Member  Status:Approved","","SUCCESS"
"2026-09-20T02:55:39.429Z","BULK_INVITE_RUN","System","auto","","Processed=0 Failed=0","","SUCCESS"
"2026-09-20T06:44:49.575Z","LEDGER_ENTRY","dendthdel@gmail.com","","","EXPENSE ₹1005 — General Meet","","SUCCESS"
"2026-09-20T08:28:37.232Z","GOOGLE_LOGIN","Ayushi Gupta","askraa100@gmail.com","","Role:Member  Status:Approved","","SUCCESS"
"2026-09-21T02:55:36.367Z","BULK_INVITE_RUN","System","auto","","Processed=0 Failed=0","","SUCCESS"
"2026-09-21T04:35:01.605Z","LOGIN","Archna gupta","seth641580@gmail.com","","Role:Member  Status:Approved","","SUCCESS"
"2026-09-21T04:35:02.279Z","LOGIN","Archna gupta","seth641580@gmail.com","","Role:Member  Status:Approved","","SUCCESS"
"2026-09-21T04:35:03.391Z","LOGIN","Archna gupta","seth641580@gmail.com","","Role:Member  Status:Approved","","SUCCESS"
"2026-09-21T08:06:56.182Z","LOGIN","Bhavna lahariya","guptabhavna3010@gmail.com","","","","FAILED: Wrong password"
"2026-09-21T08:07:16.917Z","APPROVE","Gaurav Reja","dendthdel@gmail.com","Bhavna lahariya <guptabhavna3010@gmail.com>","Role:Member","","SUCCESS"
"2026-09-21T08:08:56.935Z","LOGIN","Bhavna lahariya","guptabhavna3010@gmail.com","","Role:Member  Status:Approved","","SUCCESS"
"2026-09-21T18:43:56.656Z","LOGIN","Archna gupta","seth641580@gmail.com","","Role:Member  Status:Approved","","SUCCESS"
"2026-09-21T18:44:48.283Z","LOGIN","Archna gupta","seth641580@gmail.com","","Role:Member  Status:Approved","","SUCCESS"
"2026-09-21T18:45:41.286Z","LOGIN","Archna gupta","seth641580@gmail.com","","Role:Member  Status:Approved","","SUCCESS"
"2026-09-21T18:47:09.715Z","LOGIN","Archna gupta","seth641580@gmail.com","","Role:Member  Status:Approved","","SUCCESS"
"2026-09-22T02:55:38.376Z","BULK_INVITE_RUN","System","auto","","Processed=0 Failed=0","","SUCCESS"
"2026-09-23T02:55:38.907Z","BULK_INVITE_RUN","System","auto","","Processed=0 Failed=0","","SUCCESS"
"2026-09-23T15:00:20.088Z","LOGIN","sparsh gupta","sparshg53@gmail.com","","Role:Member  Status:Approved","","SUCCESS"
"2026-09-23T15:01:10.371Z","EDIT_PROFILE","sparsh gupta","sparshg53@gmail.com","sparshg53@gmail.com","Designation: Manager - bulk → Operations Manager","","SUCCESS"
"2026-09-23T18:17:08.891Z","LOGIN","Gaurav Rawat","gauravrawat987@gmail.com","","Role:Approver  Status:Approved","","SUCCESS"
"2026-09-23T18:17:49.040Z","APPROVE","Gaurav Rawat","gauravrawat987@gmail.com","Monu gupta <monugupta5052@gmail.com>","Role:Member","","SUCCESS"
"2026-09-23T18:18:00.804Z","APPROVE","Gaurav Rawat","gauravrawat987@gmail.com","Monu gupta <monugupta5052@gmail.com>","Role:Member","","SUCCESS"
"2026-09-24T00:13:52.660Z","ADMIN_EDIT_MEMBER","Gaurav Reja","dendthdel@gmail.com","monugupta5052@gmail.com","Edited: Monu gupta | monugupta5052@gmail.com","","SUCCESS"
"2026-09-24T00:14:42.616Z","ADMIN_EDIT_MEMBER","Gaurav Reja","dendthdel@gmail.com","monugupta5052@gmail.com","Edited: Monu gupta | monugupta5052@gmail.com","","SUCCESS"
"2026-09-24T02:55:37.750Z","BULK_INVITE_RUN","System","auto","","Processed=0 Failed=0","","SUCCESS"
"2026-09-24T05:37:59.410Z","GOOGLE_SIGNUP","Help Desk","helpdesk4youready@gmail.com","","New user — profile completion required","","PENDING"
"2026-09-24T05:39:08.926Z","REGISTER","RK","helpdesk4youready@gmail.com","helpdesk4youready@gmail.com","City:Chhatarpur  Akna:खरया  Mobile:7204115083","","SUCCESS (Auto-Approved)"
"2026-09-24T05:40:14.228Z","GOOGLE_LOGIN","RK","helpdesk4youready@gmail.com","","Role:Member  Status:Approved","","SUCCESS"
"2026-09-24T05:42:16.211Z","GOOGLE_LOGIN","RK","helpdesk4youready@gmail.com","","Role:Member  Status:Approved","","SUCCESS"
"2026-09-25T02:55:35.930Z","BULK_INVITE_RUN","System","auto","","Processed=0 Failed=0","","SUCCESS"
"2026-09-25T13:44:58.876Z","GOOGLE_LOGIN","Pramod Kumar Gupta","pramodgupta935@gmail.com","","Role:Member  Status:Approved","","SUCCESS"
"2026-09-25T15:10:32.628Z","GOOGLE_SIGNUP","Hacker Dada","hdada1599@gmail.com","","New user — profile completion required","","PENDING"
"2026-09-25T15:22:17.446Z","APPROVE","Gaurav Rawat","gauravrawat987@gmail.com","Aman gupta <ashishgupta86479@gmail.com>","Role:Member","","SUCCESS"
"2026-09-25T15:22:22.033Z","APPROVE","Gaurav Rawat","gauravrawat987@gmail.com","Aman gupta <ashishgupta86479@gmail.com>","Role:Member","","SUCCESS"
"2026-09-25T16:49:42.281Z","ADMIN_EDIT_MEMBER","Gaurav Reja","dendthdel@gmail.com","ashishgupta86479@gmail.com","Edited: Aman gupta | ashishgupta86479@gmail.com","","SUCCESS"
"2026-09-26T02:55:35.982Z","BULK_INVITE_RUN","System","auto","","Processed=0 Failed=0","","SUCCESS"
"2026-09-26T10:42:14.993Z","LOGIN","राजेन्द्र प्रसाद सेठ","guptarajedra6135@gmail.com","","Role:Member  Status:Approved","","SUCCESS"
"2026-09-26T10:43:44.177Z","LOGIN","राजेन्द्र प्रसाद सेठ","guptarajedra6135@gmail.com","","Role:Member  Status:Approved","","SUCCESS"
"2026-09-26T15:52:41.403Z","LOGIN","Dr shivani Gupta","gsavita192@gmail.com","","Role:Member  Status:Pending","","SUCCESS"
"2026-09-26T15:53:28.442Z","LOGIN","Dr shivani Gupta","gsavita192@gmail.com","","Role:Member  Status:Pending","","SUCCESS"
"2026-09-26T15:53:47.145Z","APPROVE","Gaurav Rawat","gauravrawat987@gmail.com","Dr shivani Gupta <gsavita192@gmail.com>","Role:Member","","SUCCESS"
"2026-09-26T16:00:01.165Z","ADMIN_EDIT_MEMBER","Gaurav Reja","dendthdel@gmail.com","gsavita192@gmail.com","Edited: Dr Shivani Gupta | gsavita192@gmail.com","","SUCCESS"
"2026-09-27T02:55:37.081Z","BULK_INVITE_RUN","System","auto","","Processed=0 Failed=0","","SUCCESS"
"2026-09-27T09:50:58.950Z","GOOGLE_SIGNUP","Shivansh Gupta","gshivansh340@gmail.com","","New user — profile completion required","","PENDING"
"2026-09-27T14:09:05.694Z","LEDGER_ENTRY","dendthdel@gmail.com","","","EXPENSE ₹36000 — Caterring","","SUCCESS"
"2026-09-27T14:10:21.496Z","LEDGER_ENTRY","dendthdel@gmail.com","","","EXPENSE ₹5000 — Sonu - Tent and Music","","SUCCESS"
"2026-09-27T14:15:27.617Z","LEDGER_ENTRY","dendthdel@gmail.com","","","INCOME ₹51700 — 47 Member Collection 1100","","SUCCESS"
"2026-09-27T14:16:45.086Z","LEDGER_ENTRY","dendthdel@gmail.com","","","EXPENSE ₹780 — Choclate","","SUCCESS"
"2026-09-27T14:18:29.430Z","LEDGER_ENTRY","dendthdel@gmail.com","","","EXPENSE ₹50 — Flower Mala","","SUCCESS"
"2026-09-27T14:20:54.308Z","LEDGER_ENTRY","dendthdel@gmail.com","","","EXPENSE ₹80 — Game Samaan","","SUCCESS"
"2026-09-27T14:21:36.146Z","LEDGER_ENTRY","dendthdel@gmail.com","","","EXPENSE ₹13300 — Club House Booking","","SUCCESS"
"2026-09-28T02:55:35.934Z","BULK_INVITE_RUN","System","auto","","Processed=0 Failed=0","","SUCCESS"
"2026-09-28T05:47:05.481Z","FORGOT_PASSWORD","Anubhav Kumar Gupta","anubhavgahoi7@gmail.com","anubhavgahoi7@gmail.com","","","SUCCESS"
"2026-09-28T05:48:01.504Z","LOGIN","Anubhav Kumar Gupta","anubhavgahoi7@gmail.com","","Role:Member  Status:Approved","","SUCCESS"
"2026-09-28T05:49:43.744Z","LOGIN","Anubhav Kumar Gupta","anubhavgahoi7@gmail.com","","Role:Member  Status:Approved","","SUCCESS"
"2026-09-28T05:50:07.720Z","LOGIN","Anubhav Kumar Gupta","anubhavgahoi7@gmail.com","","Role:Member  Status:Approved","","SUCCESS"
"2026-09-28T05:52:46.220Z","LOGIN","Anubhav Kumar Gupta","anubhavgahoi7@gmail.com","","Role:Member  Status:Approved","","SUCCESS"
"2026-09-28T05:54:12.115Z","EDIT_PROFILE","Anubhav Kumar Gupta","anubhavgahoi7@gmail.com","anubhavgahoi7@gmail.com","Address: — → Churkhi road | Pincode: — → 285123 | Birthday: — → 09-28 | Photo: updated","","SUCCESS"
"2026-09-28T11:55:15.221Z","APPROVE","Gaurav Reja","dendthdel@gmail.com","Arpit neekhra <pknikhra@gmail.com>","Role:Member","","SUCCESS"
"2026-09-28T11:56:46.062Z","LOGIN","Arpit neekhra","pknikhra@gmail.com","","","","FAILED: Wrong password"
"2026-09-28T11:57:29.722Z","LOGIN","Arpit neekhra","pknikhra@gmail.com","","","","FAILED: Wrong password"
"2026-09-28T12:01:01.652Z","LOGIN","Arpit neekhra","pknikhra@gmail.com","","Role:Member  Status:Approved","","SUCCESS"
"2026-09-28T12:01:16.324Z","LOGIN","Arpit neekhra","pknikhra@gmail.com","","Role:Member  Status:Approved","","SUCCESS"
"2026-09-28T12:08:22.126Z","LOGIN","Arpit neekhra","pknikhra@gmail.com","","Role:Member  Status:Approved","","SUCCESS"
"2026-09-28T12:09:13.932Z","LOGIN","Nancy Gupta","nancy75000g@gmail.com","","","","FAILED: Wrong password"
"2026-09-28T12:09:41.302Z","LOGIN","Nancy Gupta","nancy75000g@gmail.com","","Role:Member  Status:Approved","","SUCCESS"
"2026-09-28T12:09:47.743Z","LOGIN","Nancy Gupta","nancy75000g@gmail.com","","Role:Member  Status:Approved","","SUCCESS"
"2026-09-28T12:11:05.440Z","EDIT_PROFILE","Nancy Gupta","nancy75000g@gmail.com","nancy75000g@gmail.com","Profession: — → Self Employed | Address: — → mega dream homes | Pincode: — → 243122 | Birthday: — → 06-19","","SUCCESS"
"2026-09-29T02:55:36.592Z","BULK_INVITE_RUN","System","auto","","Processed=0 Failed=0","","SUCCESS"
"2026-09-29T12:51:14.642Z","LOGIN","Deepesh","deepeshgupta0175@gmail.com","","Role:Member  Status:Approved","","SUCCESS"
"2026-09-29T12:51:46.703Z","LOGIN","Deepesh","deepeshgupta0175@gmail.com","","Role:Member  Status:Approved","","SUCCESS"
"2026-09-29T12:54:00.806Z","LOGIN","Deepesh","deepeshgupta0175@gmail.com","","Role:Member  Status:Approved","","SUCCESS"
"2026-09-29T12:55:03.783Z","EDIT_PROFILE","Deepesh","deepeshgupta0175@gmail.com","deepeshgupta0175@gmail.com","Address: — → Palera | ShowMobile: yes → no","","SUCCESS"
"2026-09-29T13:42:20.468Z","LEDGER_ENTRY","dendthdel@gmail.com","","","EXPENSE ₹1500 — Dal bati restaurant pending","","SUCCESS"
"2026-09-29T17:52:16.226Z","LOGIN","Vikas Naina","vikasnaina22@gmail.com","","Role:Member  Status:Approved","","SUCCESS"
"2026-09-29T17:52:30.319Z","LOGIN","Vikas Naina","vikasnaina22@gmail.com","","Role:Member  Status:Approved","","SUCCESS"
"2026-09-29T18:01:36.337Z","LOGIN","Gaurav Reja","dendthdel@gmail.com","","","","FAILED: Wrong password"
"2026-09-29T18:01:56.725Z","APPROVE","Gaurav Reja","dendthdel@gmail.com","Dr Shivani Gupta <shivnshug533@gmail.com>","Role:Member","","SUCCESS"
"2026-09-29T18:02:12.120Z","LOGIN","Dr Shivani Gupta","shivnshug533@gmail.com","","","","FAILED: Wrong password"
"2026-09-29T18:02:29.519Z","LOGIN","Dr Shivani Gupta","shivnshug533@gmail.com","","","","FAILED: Wrong password"
"2026-09-29T18:02:29.694Z","EDIT_PROFILE","Vikas Naina","vikasnaina22@gmail.com","vikasnaina22@gmail.com","Profession: — → Businessman | Designation: — → Managing Director | Address: — → Loha Mandi, Ramtapura-2 | Pincode: — → 474003 | Marital: Unmarried → Married | Spouse: — → Mrs Aarju Naina | Blood: — → A+ | Birthday: — → 10-22 | Anniversary: — → 02-02 | Photo: updated","","SUCCESS"
"2026-09-29T19:29:01.212Z","LOGIN","Vikas Naina","vikasnaina22@gmail.com","","Role:Member  Status:Approved","","SUCCESS"
"2026-09-30T02:55:36.059Z","BULK_INVITE_RUN","System","auto","","Processed=0 Failed=0","","SUCCESS"
"2026-09-30T08:54:51.164Z","LOGIN","Bhanu","bhanu3111@gmail.com","","Role:Member  Status:Approved","","SUCCESS"
"2026-09-30T10:46:54.821Z","LOGIN","Deepesh","deepeshgupta0175@gmail.com","","Role:Member  Status:Approved","","SUCCESS"
"2026-09-30T10:48:17.939Z","LOGIN","Deepesh","deepeshgupta0175@gmail.com","","Role:Member  Status:Approved","","SUCCESS"
"2026-09-30T11:51:22.769Z","GOOGLE_LOGIN","Atmanand Gupta Kuchiya","atmanandgupta23@gmail.com","","Role:Member  Status:Approved","","SUCCESS"
"2026-09-30T11:52:36.013Z","LOGIN","Atmanand Gupta Kuchiya","atmanandgupta23@gmail.com","","Role:Member  Status:Approved","","SUCCESS"
"2026-09-30T12:01:53.093Z","EDIT_PROFILE","Atmanand Gupta Kuchiya","atmanandgupta23@gmail.com","atmanandgupta23@gmail.com","Name: Atmanand Gupta Kuchiya → Atmanand Kuchiya | Profession: — → Real Estate | Designation: — → Chairman & Managing Director | Address: — → A14, AG Plaza 1st & 2nd Floor Signature Green Villas Near Mansarovar Dental College & ISKCON Temple Road Kolar Bhopal | Pincode: — → 462042 | Marital: Unmarried → Married | Spouse: — → Manjulata Kuchiya | Blood: — → B+ | Birthday: — → 10-23 | Anniversary: — → 05-30","","SUCCESS"
"2026-09-30T12:04:11.728Z","EDIT_PROFILE","Atmanand Kuchiya","atmanandgupta23@gmail.com","atmanandgupta23@gmail.com","No changes detected","","SUCCESS"
"2026-09-30T12:05:03.759Z","EDIT_PROFILE","Atmanand Kuchiya","atmanandgupta23@gmail.com","atmanandgupta23@gmail.com","No changes detected","","SUCCESS"
"2026-09-30T12:05:56.166Z","EDIT_PROFILE","Atmanand Kuchiya","atmanandgupta23@gmail.com","atmanandgupta23@gmail.com","City: Kolar Road → Bhopal M.P.","","SUCCESS"
"2026-09-30T12:07:02.999Z","LOGIN","Atmanand Kuchiya","atmanandgupta23@gmail.com","","Role:Member  Status:Approved","","SUCCESS"
"2026-09-30T12:07:50.396Z","LOGIN","Atmanand Kuchiya","atmanandgupta23@gmail.com","","Role:Member  Status:Approved","","SUCCESS"
"2026-09-30T12:08:23.982Z","LOGIN","Atmanand Kuchiya","atmanandgupta23@gmail.com","","Role:Member  Status:Approved","","SUCCESS"
"2026-09-30T12:09:26.420Z","LOGIN","Atmanand Kuchiya","atmanandgupta23@gmail.com","","Role:Member  Status:Approved","","SUCCESS"
"2026-09-30T12:25:55.611Z","LOGIN","Atmanand Kuchiya","atmanandgupta23@gmail.com","","Role:Member  Status:Approved","","SUCCESS"
"2026-09-30T12:30:48.768Z","LOGIN","Atmanand Kuchiya","atmanandgupta23@gmail.com","","Role:Member  Status:Approved","","SUCCESS"
"2026-09-30T12:44:11.223Z","POST_BIZ","Atmanand Kuchiya","atmanandgupta23@gmail.com","","NHI (Navbhoomi Homes India) Real Estate Pvt.Ltd | Bhopal M.P.","","SUCCESS"
"2026-09-30T12:45:13.611Z","LOGIN","Atmanand Kuchiya","atmanandgupta23@gmail.com","","Role:Member  Status:Approved","","SUCCESS"
"2026-09-30T12:46:27.038Z","EDIT_PROFILE","Atmanand Kuchiya","atmanandgupta23@gmail.com","atmanandgupta23@gmail.com","Name: Atmanand Kuchiya → Atmanand Gupta Kuchiya | Photo: updated","","SUCCESS"
"2026-09-30T12:47:05.812Z","EDIT_PROFILE","Atmanand Gupta Kuchiya","atmanandgupta23@gmail.com","atmanandgupta23@gmail.com","No changes detected","","SUCCESS"
"2026-09-30T12:48:27.066Z","LOGIN","Atmanand Gupta Kuchiya","atmanandgupta23@gmail.com","","Role:Member  Status:Approved","","SUCCESS"
"2026-10-01T02:55:35.077Z","BULK_INVITE_RUN","System","auto","","Processed=0 Failed=0","","SUCCESS"
"2026-10-01T02:57:36.908Z","LOGIN","Atmanand Gupta Kuchiya","atmanandgupta23@gmail.com","","Role:Member  Status:Approved","","SUCCESS"
"2026-10-01T08:17:58.791Z","APPROVE","Gaurav Reja","dendthdel@gmail.com","Narayan das Gupta <narayandasgupta2558@gmail.com>","Role:Member","","SUCCESS"
"2026-10-01T17:29:32.740Z","GOOGLE_LOGIN","Arpit Gupta","arpitgupta02200@gmail.com","","Role:Member  Status:Approved","","SUCCESS"
"2026-10-02T02:55:41.147Z","BULK_INVITE_RUN","System","auto","","Processed=0 Failed=0","","SUCCESS"
"2026-10-02T03:01:48.495Z","LOGIN","Narayan das Gupta","narayandasgupta2558@gmail.com","","Role:Member  Status:Approved","","SUCCESS"
"2026-10-02T03:03:14.314Z","LOGIN","Narayan das Gupta","narayandasgupta2558@gmail.com","","Role:Member  Status:Approved","","SUCCESS"
"2026-10-02T03:04:13.998Z","LOGIN","Narayan das Gupta","narayandasgupta2558@gmail.com","","Role:Member  Status:Approved","","SUCCESS"
"2026-10-02T03:12:29.781Z","EDIT_PROFILE","Narayan das Gupta","narayandasgupta2558@gmail.com","narayandasgupta2558@gmail.com","Profession: — → Accountant | Address: — → Smt. Manorama | Pincode: — → 464551 | Marital: Unmarried → Married | Spouse: — → Smt Manorama Gupta | Blood: — → O+ | Birthday: — → 01-25 | Anniversary: — → 02-16","","SUCCESS"
"2026-10-02T03:13:11.841Z","LOGIN","Narayan das Gupta","narayandasgupta2558@gmail.com","","Role:Member  Status:Approved","","SUCCESS"
"2026-10-02T15:32:25.520Z","LOGIN","Abhishek Kumar Gupta","abhishekgupta29@hotmail.com","","Role:Member  Status:Approved","","SUCCESS"
"2026-10-02T16:02:11.084Z","APPROVE","Gaurav Reja","dendthdel@gmail.com","Ravi Gupta <01ravi.amit@gmail.com>","Role:Member","","SUCCESS"
"2026-10-02T16:02:19.538Z","APPROVE","Gaurav Reja","dendthdel@gmail.com","Ravi Gupta <01ravi.amit@gmail.com>","Role:Member","","SUCCESS"
"2026-10-02T16:06:15.492Z","LOGIN","Ravi Gupta","01ravi.amit@gmail.com","","Role:Member  Status:Approved","","SUCCESS"
"2026-10-02T16:06:27.146Z","LOGIN","Ravi Gupta","01ravi.amit@gmail.com","","Role:Member  Status:Approved","","SUCCESS"
"2026-10-02T16:11:24.688Z","EDIT_PROFILE","Ravi Gupta","01ravi.amit@gmail.com","01ravi.amit@gmail.com","Profession: — → TEACHER | Designation: — → Samvida teacher | Address: — → Subhash nagar gali number 3 | Pincode: — → 477001 | Birthday: — → 06-11","","SUCCESS"
"2026-10-02T16:13:10.989Z","LOGIN","Ravi Gupta","01ravi.amit@gmail.com","","Role:Member  Status:Approved","","SUCCESS"
"2026-10-02T16:17:39.913Z","MAHASABHA_APPLY","Ravi Gupta","01ravi.amit@gmail.com","Ravi Gupta","Interest form submitted to MahasabhaMembers","","SUCCESS"
"2026-10-02T16:19:49.441Z","LOGIN","Ravi Gupta","01ravi.amit@gmail.com","","Role:Member  Status:Approved","","SUCCESS"
"2026-10-02T16:20:05.529Z","LOGIN","Ravi Gupta","01ravi.amit@gmail.com","","Role:Member  Status:Approved","","SUCCESS"
"2026-10-02T16:46:22.338Z","LOGIN","Dr.Dheeraj kumar Gupta","dkgupta0051@gmail.com","","","","FAILED: Wrong password"
"2026-10-02T16:46:40.430Z","LOGIN","Dr.Dheeraj kumar Gupta","dkgupta0051@gmail.com","","","","FAILED: Wrong password"
"2026-10-02T16:47:57.311Z","LOGIN","Dr.Dheeraj kumar Gupta","dkgupta0051@gmail.com","","","","FAILED: Wrong password"
"2026-10-02T16:48:33.130Z","FORGOT_PASSWORD","Dr.Dheeraj kumar Gupta","dkgupta0051@gmail.com","dkgupta0051@gmail.com","","","SUCCESS"
"2026-10-02T16:51:00.869Z","LOGIN","Dr.Dheeraj kumar Gupta","dkgupta0051@gmail.com","","","","FAILED: Wrong password"
"2026-10-02T16:56:03.463Z","APPROVE","Gaurav Reja","dendthdel@gmail.com","PRADEEP <pradeep.gahoi112@gmail.com>","Role:Member","","SUCCESS"
"2026-10-02T17:05:32.661Z","APPROVE","Gaurav Reja","dendthdel@gmail.com","Gopal Gahoi <gopalgahoi2292@gmail.com>","Role:Member","","SUCCESS"
"2026-10-02T17:05:32.744Z","GOOGLE_LOGIN","Gopal Gahoi","gopalgahoi2292@gmail.com","","Role:Member  Status:Pending","","SUCCESS"
"2026-10-02T17:05:46.879Z","GOOGLE_LOGIN","Gopal Gahoi","gopalgahoi2292@gmail.com","","Role:Member  Status:Approved","","SUCCESS"
"2026-10-02T17:17:57.898Z","GOOGLE_SIGNUP","Nitesh Gupta","nitesh.guptaj5@gmail.com","","New user — profile completion required","","PENDING"
"2026-10-02T17:22:52.383Z","GOOGLE_LOGIN","Shivam bijpuriya","gupta20.shivam@gmail.com","","Role:Member  Status:Pending","","SUCCESS"
"2026-10-02T17:43:52.456Z","GOOGLE_SIGNUP","Dinesh Gupta","dinesh.orai@gmail.com","","New user — profile completion required","","PENDING"
"2026-10-02T17:49:29.458Z","GOOGLE_SIGNUP","Vishal Gupta","guptavishalbkgf0@gmail.com","","New user — profile completion required","","PENDING"
"2026-10-02T18:04:49.573Z","GOOGLE_SIGNUP","Anvesh Gupta","anv.priy@gmail.com","","New user — profile completion required","","PENDING"
"2026-10-02T18:10:28.809Z","REGISTER","Anvesh Gupta","anv.priy@gmail.com","anv.priy@gmail.com","City:Bhind  Akna:सोनी  Mobile:9826212487","","SUCCESS (Auto-Approved)"
"2026-10-02T18:10:33.842Z","GOOGLE_LOGIN","Anvesh Gupta","anv.priy@gmail.com","","Role:Member  Status:Approved","","SUCCESS"
"2026-10-02T18:22:42.427Z","MAHASABHA_APPLY","Anvesh Gupta","anv.priy@gmail.com","Anvesh Gupta","Interest form submitted to MahasabhaMembers","","SUCCESS"
"2026-10-02T18:37:22.273Z","GOOGLE_SIGNUP","Namita Gupta","namitag1971@gmail.com","","New user — profile completion required","","PENDING"
"2026-10-02T18:40:05.682Z","REGISTER","Namita Gupta","namitag1971@gmail.com","namitag1971@gmail.com","City:Mumbai  Akna:गेडा  Mobile:9867564509","","SUCCESS (Auto-Approved)"
"2026-10-02T18:40:19.532Z","GOOGLE_LOGIN","Namita Gupta","namitag1971@gmail.com","","Role:Member  Status:Approved","","SUCCESS"
"2026-10-02T21:30:39.991Z","APPROVE","Gaurav Reja","dendthdel@gmail.com","Shivam bijpuriya <gupta20.shivam@gmail.com>","Role:Member","","SUCCESS"
"2026-10-03T00:41:36.834Z","FORGOT_PASSWORD","Ankit gupta","ankitgupta707@gmail.com","ankitgupta707@gmail.com","","","SUCCESS"
"2026-10-03T00:42:40.492Z","LOGIN","Ankit gupta","ankitgupta707@gmail.com","","Role:Member  Status:Pending","","SUCCESS"
"2026-10-03T01:49:51.374Z","APPROVE","Gaurav Reja","dendthdel@gmail.com","Ankit gupta <ankitgupta707@gmail.com>","Role:Member","","SUCCESS"
"2026-10-03T02:55:33.932Z","BULK_INVITE_SKIP","System","auto","","Quota=28","","SKIPPED"
"2026-10-03T02:59:58.718Z","APPROVE","Gaurav Reja","dendthdel@gmail.com","anil kumar gupta <anilkumarg691@gmail.com>","Role:Member","","SUCCESS"
"2026-10-03T04:40:14.206Z","FORGOT_PASSWORD","Manoj kumar Gupta","manojkumargupta8081@gmail.com","manojkumargupta8081@gmail.com","","","SUCCESS"
"2026-10-03T04:41:23.717Z","LOGIN","Manoj kumar Gupta","manojkumargupta8081@gmail.com","","Role:Member  Status:Approved","","SUCCESS"
"2026-10-03T04:41:32.289Z","LOGIN","Manoj kumar Gupta","manojkumargupta8081@gmail.com","","Role:Member  Status:Approved","","SUCCESS"
"2026-10-03T04:43:36.654Z","EDIT_PROFILE","Manoj kumar Gupta","manojkumargupta8081@gmail.com","manojkumargupta8081@gmail.com","Birthday: — → 08-05 | Anniversary: — → 12-01 | Photo: updated","","SUCCESS"
"2026-10-03T05:11:08.298Z","LOGIN","Manoj kumar Gupta","manojkumargupta8081@gmail.com","","Role:Member  Status:Approved","","SUCCESS"
"2026-10-03T05:32:23.687Z","APPROVE","Gaurav Reja","dendthdel@gmail.com","Ramesh Babu Gandhi <gahoiramesh@gmail.com>","Role:Member","","SUCCESS"
"2026-10-03T06:55:55.445Z","GOOGLE_SIGNUP","anil gupta","anil49011@gmail.com","","New user — profile completion required","","PENDING"
"2026-10-03T07:23:51.103Z","REGISTER","Gahoi Anil Nigoti","anil49011@gmail.com","anil49011@gmail.com","City:Gwalior  Akna:निगोती  Mobile:9827549711","","SUCCESS (Auto-Approved)"
"2026-10-03T07:23:55.096Z","GOOGLE_LOGIN","Gahoi Anil Nigoti","anil49011@gmail.com","","Role:Member  Status:Approved","","SUCCESS"
"2026-10-03T07:24:08.850Z","LOGIN","Gahoi Anil Nigoti","anil49011@gmail.com","","Role:Member  Status:Approved","","SUCCESS"
"2026-10-03T07:24:45.078Z","LOGIN","Gahoi Anil Nigoti","anil49011@gmail.com","","Role:Member  Status:Approved","","SUCCESS"
"2026-10-03T07:35:51.852Z","EDIT_PROFILE","Gahoi Anil Nigoti","anil49011@gmail.com","anil49011@gmail.com","Akna: निगोती → निगोती (Nigoti) | Address: Ward no.23 jawahar ganj Gurudwara road near Sahu dharamsala → Ward no.23 jawahar ganj Gurudwara road near Sahu dharamsala Dabra | Spouse: Ballu → Gahoi Rani Nigoti","","SUCCESS"
"2026-10-03T07:36:22.858Z","LOGIN","Gahoi Anil Nigoti","anil49011@gmail.com","","Role:Member  Status:Approved","","SUCCESS"
"2026-10-03T07:38:37.482Z","EDIT_PROFILE","Gahoi Anil Nigoti","anil49011@gmail.com","anil49011@gmail.com","Spouse: Gahoi Rani Nigoti → Mrs.Rani Nigoti","","SUCCESS"
"2026-10-03T08:53:26.622Z","LOGIN","MANISH KUMAR GUPTA","manishg127@gmail.com","","Role:Member  Status:Approved","","SUCCESS"
"2026-10-03T08:53:50.319Z","LOGIN","MANISH KUMAR GUPTA","manishg127@gmail.com","","Role:Member  Status:Approved","","SUCCESS"
"2026-10-03T08:57:15.567Z","EDIT_PROFILE","MANISH KUMAR GUPTA","manishg127@gmail.com","manishg127@gmail.com","Profession: — → SALARIED | Designation: — → MANAGER | Address: — → 36/1047 GENDE WALI SADAK NEAR KRISHNA MANDIR PAHALAD DAS KI BAGIYA LASHKAR GWALIOR | Pincode: — → 474001 | Marital: Unmarried → Married | Spouse: — → ANJILI NEEKHRA | Blood: — → B+ | Birthday: — → 06-04 | Anniversary: — → 01-17","","SUCCESS"
"2026-10-03T09:26:46.841Z","MAHASABHA_APPLY","MANISH KUMAR GUPTA","manishg127@gmail.com","MANISH KUMAR GUPTA","Interest form submitted to MahasabhaMembers","","SUCCESS"
"2026-10-03T11:02:45.623Z","GOOGLE_SIGNUP","RAJENDRA ASATI","rkasatichandu@gmail.com","","New user — profile completion required","","PENDING"
"2026-10-03T12:38:54.767Z","LEDGER_ENTRY","dendthdel@gmail.com","","","INCOME ₹2200 — Contribution 2 person","","SUCCESS"
"2026-10-03T12:39:39.201Z","LEDGER_ENTRY","dendthdel@gmail.com","","","EXPENSE ₹2000 — Sonu Catering for tent","","SUCCESS"
"2026-10-03T12:40:22.052Z","LEDGER_ENTRY","dendthdel@gmail.com","","","INCOME ₹3790 — Club house refund","","SUCCESS"
"2026-10-03T12:44:47.560Z","LOGIN","Gaurav Reja","dendthdel@gmail.com","","","","FAILED: Wrong password"
"2026-10-04T02:55:35.546Z","BULK_INVITE_RUN","System","auto","","Processed=0 Failed=0","","SUCCESS"
"2026-10-04T06:02:49.502Z","GOOGLE_LOGIN","Rishav Gupta","rishavnigoti@gmail.com","","Role:Member  Status:Approved","","SUCCESS"
"2026-10-04T06:03:12.095Z","LOGIN","Rishav Gupta","rishavnigoti@gmail.com","","Role:Member  Status:Approved","","SUCCESS"
"2026-10-04T06:09:31.241Z","LOGIN","Rishav Gupta","rishavnigoti@gmail.com","","Role:Member  Status:Approved","","SUCCESS"
"2026-10-04T06:10:06.854Z","LOGIN","Rishav Gupta","rishavnigoti@gmail.com","","Role:Member  Status:Approved","","SUCCESS"
"2026-10-04T06:11:05.893Z","EDIT_PROFILE","Rishav Gupta","rishavnigoti@gmail.com","rishavnigoti@gmail.com","City: Shivpuri → Indore | Address: Gahoi Niwas Near Bedar Bhawan → Gahoi Niwas Near Bedar Bhawan Karera","","SUCCESS"
"2026-10-04T06:11:11.000Z","LOGIN","Rishav Gupta","rishavnigoti@gmail.com","","Role:Member  Status:Approved","","SUCCESS"
"2026-10-04T06:11:11.393Z","LOGIN","Rishav Gupta","rishavnigoti@gmail.com","","Role:Member  Status:Approved","","SUCCESS"
"2026-10-04T12:57:58.453Z","LOGIN","Gaurav Reja","dendthdel@gmail.com","","","","FAILED: Wrong password"
"2026-10-04T16:13:49.147Z","MAHASABHA_APPLY","Gahoi Anil Nigoti","anil49011@gmail.com","Gahoi Anil Nigoti","Interest form submitted to MahasabhaMembers","","SUCCESS"
"2026-10-04T16:25:14.144Z","LOGIN","Gahoi Anil Nigoti","anil49011@gmail.com","","Role:Member  Status:Approved","","SUCCESS"