"ID","CreatedBy","Status","Timestamp","ProfileFor","Gender","Marital","Name","DOB","Height","Complexion","Manglik","Education","Occupation","Income","City","Native","Gotra","Akna","Father","FatherOcc","Mother","Mama","Brothers","Sisters","Mobile","ContactName","PrefEdu","PrefAge","PrefCity","PrefOther","About","Photo","Address","BirthTime","BirthCity","Rashi","Gan","Nakshatra","Dadaji","Nanaji","Tau","Bua","Chacha","Mausi","Didi","Dadiji","Naniji","DeletedAt","DeletedBy","Tier","Photos","ValidUntil","PhotoPrivacy","ExpiryNotified","TierStartDate","LastEditedAt","JobCompany","JobCity"
"m1773064676431","gauravrawat987@gmail.com","Approved","2026-05-29T14:04:37.193Z","","Male","Unmarried","Shivam Suhane","07-12-1995","5'6""","Wheatish (गेहुआ)","Yes","B.Tech","Research Engineer -AI","35-50 LPA","Greater noida","Orai","Bhal","सोहाने","Surendra suhane","#NA","Meena Suhane","Nand kishore Chauda — Gwalior — Business; Shyam gupta — Gwalior — Business; Mukesh Gupta — Gwalior — Business","","Mrs Shikhi rawat — Married — Gaurav Rawat; Mrs shivali kurele — Married — Gaurav kurele; Mrs Prinsi Reja — Married — Ankit Reja","9560756748","Gaurav rawat","","","","","","https://res.cloudinary.com/dtcrife6i/image/upload/w_600,h_600,c_fill,g_face,q_auto,f_auto/v1779558356/gahoibandhu/bvixqtag9xnmghfgvhex.jpg","G2-504, super tech ecovillage 2, greater noida 201318","02:55 AM","Jalaun","","Deva (देव)","","Shri Shankar lal suhane","Smt Shanti devi & Gwalior","","","","Mr. Rajendra pahariya — Lahar — Business; Late suman pahariya — Lahar","","Smt Sita Kishori","","2026-07-07T06:32:50.318Z","Gaurav Rawat <gauravrawat987@gmail.com>","Gold","[""https://res.cloudinary.com/dtcrife6i/image/upload/w_600,h_600,c_fill,g_face,q_auto,f_auto/v1779558356/gahoibandhu/bvixqtag9xnmghfgvhex.jpg"",""https://res.cloudinary.com/dtcrife6i/image/upload/w_600,h_600,c_fill,g_face,q_auto,f_auto/v1780063473/gahoibandhu/odfmh4ymabccw6ho0tvw.jpg""]","2027-06-24 00:00:00","all","","2026-06-23 00:00:00","2026-05-29T14:04:37.199Z","",""
"m1774515543444","deepakarygupta@gmail.com","Approved","2026-03-26T08:59:03.446Z","Sister","Female","Unmarried","RAKSHA GUPTA","24-01-1997","5'3""","Fair","No","BA,PGDCA & Diploma in Fashion Designing","","","Datia","Tharet, MP","Kochhil","पिपरसानिया","Rakesh kumar Gupta","Business)","Mandavi Gupta","","1(married)","4, 2(Married),1 (younger)","9569815058","Brother","","29-32","Any","","","","","","","","","","","","","","","","","","","","","Gold","","","all","","","","",""
"migr_17790917121_n","manojkumargupta8081@gmail.com","Approved","2026-04-14T17:33:57.330Z","","Female","Unmarried","Sanchita Gupta","03-10-1998","5'1""","Fair (गोरा)","Partial","MTECH","Pursuing","","Chandigarh","CDAC MOHALI PUNJAB","Kochhal","मिसुरया","Manoj Gupta","Busines","Arti Gupta","","Harsh Gupta — Unmarried","Harshita Gupta — Unmarried","9329679079","Manoj Gupta","","","","","","","Near bus stand seondha datia mp","03:55 AM","Seondha mp","","Rakshasa (राक्षस)","","Mr Gotiram Gupta","","","","","","","","","","","Gold","","","all","","","","",""
"m1776432481517","shailesh.seth1008@gmail.com","Approved","2026-04-17T13:31:04.280Z","","Male","Unmarried","Shailesh baderiya","24-06-1995","5'5""","Fair (गोरा)","No","B.com DCA","Hotel/restaurant","10-15 LPA","Panna","Panna","Jaital","बड़ेरिया","Shri rajesh kumar baderiya","Business bus owner","Mamta baderiya","","Mayank baderiya — Unmarried; Rahul baderiya — Unmarried","Tanya baderiya — Unmarried","9981532075","Father","","","","","I am a good family","https://res.cloudinary.com/dtcrife6i/image/upload/v1776432421/gahoibandhu/vh9hgjfk8n5jjv3zvka4.webp","Katra bazar panna","06:30 AM","Panna","","Manushya (मनुष्य)","","","","Anil kumar baderiya — Panna — Bus owner","","","","","","","","","Gold","","","all","","","","",""
"m1776590991190","nikhilgupta042@gmail.com","Approved","2026-04-19T09:31:32.156Z","","Male","Unmarried","NILAY VISWARI","12-05-1995","5'6""","Fair (गोरा)","","M. Com, LLB","Tax Consultant","","JHANSI","JHANSI","KOCHHIL","विसवारी","Late Sri Mahesh Viswari","","Smt. Meera Gupta","","Nikhil Viswari — Married — Sonam","","7754866715","Nikhil Viswari","","","","","","","SATYAM COLONY, OUTSIDE BADAGAONGATE, JHANSI","03:50 AM","SAMTHAR","","Manushya (मनुष्य)","","Late Sri Narayan Das Viswari","","","Neelam - Sunil Gupta — Chirgaon — Business; Poonam - Rajeev Gupta — Babina — Business","Rajesh Viswari — Samthar — Business; Sandhya — Samthar — Housewife","","","Late Smt. Shanti","","2026-04-19T09:41:46.308Z","Nikhil Viswari <nikhilgupta042@gmail.com>","Gold","","","all","","","","",""
"m1776624665090","rkr617675@gmail.com","Approved","2026-04-19T18:51:05.180Z","","Male","Unmarried","ANURAG RUSIA","06-05-2003","5'8""","Fair (गोरा)","No","LL.M.","ADVOCATE","25-35 LPA","BHOPAL","BHOPAL","Wachhal","रूसिया","R.K.RUSIA","GOVERNMENT PENSIONER ADVOCATE","RANI RUSIA","","","","9131960172","R.K.RUSIA","","","","","B.PHARMA LL.B.L


ADVOCATE  B.PHARMA LL.B LL.M.


.","https://res.cloudinary.com/dtcrife6i/image/upload/v1776624260/gahoibandhu/xmbwiryfjumoihs6acr0.jpg","A-1252 Indrashay HOUSING BOARD COLONY BAIRASIYA ROAD KAROND BHOPAL PIN 462038 Madhya Pradesh","","BHOPAL","","","","LATE R.S.RUSIA","-","","","DR.MAYANK — H.O.D+Er.MOHIT AI ENGINEER","","","","-","","","Gold","","","all","","","","",""
"m1777186747108","birender1965@gmail.com","Approved","2026-04-26T06:59:07.184Z","","Female","Divorcee","अपूर्वा गुप्ता","31-03-1992","5'4""","Fair (गोरा)","No","Bsc, Msc Math, B.Ed.","Teaching","","Rewari","Konch","Gagal","Dengre","Birender Kumar Gupta","Retired Govt. Employee","Mamta gupta","","Vipul Gupta — Married — Nishu","","9416478378","Father","","","","","Divorsed","https://res.cloudinary.com/dtcrife6i/image/upload/v1777186738/gahoibandhu/fzn1abewrpz8cs7afy28.jpg","Flat no. 602 Tower 1 BMG City Rewari Haryana","01:45 AM","कोंच","","Rakshasa (राक्षस)","","Late shri Shankar Lal Dengre","Late Shri J. L. Sipolya","Brijkishor — Shop; Smt Saroj","","","","","Late Smt Avadh","Late Smt Kamla","","","Gold","","","all","","","","",""
"m1777739378131","chiragguptame4@gmail.com","Approved","2026-05-02T16:29:38.257Z","","Male","Unmarried","Chirag Reja","02-04-1995","5'6""","Fair (गोरा)","Partial","MBA FROM IMS GHAZIABAD B-SCHOOL","Product Consultant","10-15 LPA","Greater Noida","Orai","Wacchal","रेजा","Ajay Kumar Reja urf Mulu Reja","Business and Journalist","Rekha Reja","","Deep Reja — Unmarried","Shrasthi Reja — Unmarried","7523906257","Self","","","","","","https://res.cloudinary.com/dtcrife6i/image/upload/v1777739370/gahoibandhu/nerjgfxpwypbxqvi0fbl.jpg","602 Tower 10 Nirala Estate Greater Noida","08:15 PM","Konch","","Deva (देव)","","Late Shree Daya Shankar Reja","Late Shree Ramswaroop Seth","","","","","","Late Shree Mati Beni Bai Reja","Late Shree Mati Sundari Seth","","","Gold","","","all","","","","",""
"m1778163217166","skg5464@gmail.com","Approved","2026-05-09T12:12:38.822Z","","Female","Unmarried","PRIYANSHI GUPTA","10-04-1997","5'0""","Fair (गोरा)","No","MBBS","DOCTOR IN TRAUMA CENTRE, LUCKNOW","","LUCKNOW","LAKHIMPUR KHERI","GAGAL","झुड़ेले","SANJAY KUMAR GUPTA","","SUNITA GUPTA","DEEPAK GUPTA — CHHATARPUR — ADVOCATE, REAL STATE BUSINESS; SWAPNIL GUPTA — CHHATARPUR — REAL STATE","","","9415335793","SANJAY KUMAR GUPTA","","","","","My daughter is very responsible in family matters and respects all . She has worked for 2 years  as medical officer in Trauma centre , Jankipuram Extension, Lucknow under UP government. I am looking for Medical Pg boy / Class I officer in Govt job in Lucknow or nearby.","https://res.cloudinary.com/dtcrife6i/image/upload/w_600,h_600,c_fill,g_face,q_auto,f_auto/v1778294039/gahoibandhu/iq5edygpfcm62kfgsjcs.jpg","14/417, VIKAS NAGAR, LUCKNOW 226022","06:30 AM","CHHATARPUR","","Rakshasa (राक्षस)","","LATE RAM AUTAR GUPTA","RAM KISHORE GUPTA","","","ANUJ GUPTA — VARANASI — BANK OFFICER; ALOK GUPTA — BALLABHGARH, HARYANA — ENGINEER; ANUPAM GUPTA — LAKHIMPUR KHERI — BUSINESS","","","SAROJ GUPTA","PUSHPA DEVI GUPTA","","","Gold","","","all","","","","",""
"m1778318224045","sethankit2311@gmail.com","Approved","2026-05-09T17:30:49.716Z","","Male","Unmarried","Ankit Gupta","23-11-1988","5'10""","Fair (गोरा)","Partial","B.tech","Business","5-10 LPA","Jhansi","Jhansi","Jaital","सेठ","Rajendra Kumar  Gupta","Retired","Manilata Gupta","Late Ramkumar kharya — Palera — Businee; Ramji Kharya — Jhansi — Business; Rajendra Kharya — Jhansi — Business","Ankur Gupta — Married — Divya Gupta","Anjali Gupta — Married — Shashank Gupta","7835939969","FATHER","","","","","","https://res.cloudinary.com/dtcrife6i/image/upload/w_600,h_600,c_fill,g_face,q_auto,f_auto/v1778319577/gahoibandhu/zydlmldexxftcxaxnlrt.jpg","79 Pannalal Mohalla Golakuaa Jhansi","03:20 PM","Jhansi","","","","Late Brijnandan Gupta","Late Mathura Prasad kharya","","","","","","Late Awadh devi","Late Devadevi Kharya","","","Gold","","","all","","","","",""
"m1778319011106","sandy2010@gmail.com","Approved","2026-05-09T09:30:11.192Z","","Male","Unmarried","Akash Deep Suhane","13-08-1992","5'6""","Fair (गोरा)","","B. Tech. (EC)","Software Engineer","15-25 LPA","Greater Noida","Madhogarh (Jalaun)","Bhal","Suhane","Avadh Kishor Suhane","Retails Shop","Rekha","","Vikas Gupta — Unmarried","Renu Suhane — Married — Amit Gupta; Pooja — Married — Sandeep Gupta","9713051344","Sandeep Gupta","","","","","","https://res.cloudinary.com/dtcrife6i/image/upload/w_600,h_600,c_fill,g_face,q_auto,f_auto/v1778318960/gahoibandhu/csmwedb2rfsgtlghtroi.jpg","","12:30 AM","Madhogarh","","Deva (देव)","","Late Ramsevak Suhane","","","","","","","Late Kamla Devi","","","","Gold","","","all","","","","",""
"m1778321952434","shrinivashgupta@gmail.com","Approved","2026-05-09T10:19:12.552Z","","Male","Unmarried","Shrinivas Gupta","22-09-1993","5'7""","Fair (गोरा)","No","M.Tech","Civil Engineer( Bridge and Tunnel Engineer)","15-25 LPA","Ghaziabad own house","Auraiya","A","सोनी","Vishnu Kumar gupta","Business and vice precedent of Gahoi Samaj Ganga Jamuna","Sangeeta Gupta","","","","9412283256","","","","","","","","Mahaveer Ganj road home Ganj auraiya","10:18 PM","Auraiya","","Deva (देव)","","Late shiv Prasad","","","","","","","Late shanti devi","","","","Gold","","","all","","","","",""
"m1778589483458","krgupta50@yahoo.com","Approved","2026-05-12T12:38:03.549Z","","Male","Unmarried","Adarsh Gupta","01-04-1999","5'7""","Fair (गोरा)","No","Master in CS","Software engineer","","Boston MA USA","Ashok nagar MP","Gol","छिरोल्या","Kamlesh gupta","Retired Ex Engineer","Sunita","Shailesh kathal — Gadarwara — Contractor","","Shivani Gupta — Married — Nikhil Gupta; Devyani — Married — Paresh Thakkar","9909921839","Father","","","","","","https://res.cloudinary.com/dtcrife6i/image/upload/w_600,h_600,c_fill,g_face,q_auto,f_auto/v1778588787/gahoibandhu/xejftzmmnytixxzl3txn.jpg","A-155 Gokul township near Rameshwar school, gotri road, Vadodara Gujarat","04:24 PM","Vadodara","","Rakshasa (राक्षस)","","Late Ramdas ji gupta","Sharad kathal","Late. Suresh gupta — Ashok nagar — Business; Omprakash Gupta — Ashok nagar — Business; Vijay Gupta — Ashok nagar — Business; Late. Vishnu Gupta — Ashok nagar","","Sharad Gupta — Ashok nagar — Business","Sanjay Gupta — Raipur — Business; Achal Gupta — Indore — Business; Rakesh Gupta — Gwalior — Business","","Late Shanti devi gupta","Sharada kathal","","","Gold","","","all","","","","",""
"m1778610151332","ayushguptacs@gmail.com","Approved","2026-05-13T05:27:59.491Z","","Male","Divorcee","Ayush Gupta","22-10-1992","5'6""","Fair (गोरा)","","B. Tech. (Computer Science Engineering)","Project Manager at Tech Mahindra, India","25-35 LPA","Greater Noida","Kalpi","Kochchhil","इन्दुरख्या","Mr. Bharat Bhushan","Finance Advisor (Agent) LIC India","Late Mrs. Vandana Gupta","Mr. Ashish Seth — TulsiNagar Orai — Real Estate Business","","","9415926098","Father","","","","","Ayush is an attractive and smart individual from a well cultured family. He is a vegetarian by choice and loves travelling, reading and exploring diverse cuisine.","https://res.cloudinary.com/dtcrife6i/image/upload/w_600,h_600,c_fill,g_face,q_auto,f_auto/v1778650068/gahoibandhu/m9bheqheuytkkfout3mt.jpg","Supertech, Oxford Square, Greater Noida West 201306","09:35 AM","Kalpi","","Manushya (मनुष्य)","","Late Mr. Govind Sharan","Late Mr. Ram Bhushan Seth","Mr. Vijay Kant Gupta — Kanpur — Ret. University Superintendent; Mr. Shashi Kant Gupta — Kanpur — Ret. Union Bank of India; Late Mr. Anup Kumar Gupta — Bareilly — IFFCO Bareilly","Mr. RadheShyam Sohane — Madhogarh — Business","","Late Mr. RamKumar Mor — Orai — Mills; Mr. Dilip Kankane — Orai — Accountant; Mr. Satish Rawat — Orai — Business; Mr Shailesh Tarsauliya — Kuthond — Gahoi Fashion house, Kuthond","","Late Mrs. Ramdevi Gupta","Late Mrs. Mithlesh Gupta","","","Gold","","","all","","","","",""
"migr_1779091712189_2","moxieexhibition@gmail.com","Approved","2024-12-31T12:14:21.917Z","Brother","Male","Unmarried","Ayush Lohiya","16/12/1997","5'7""","","Partial","DLED, MBA","Business/व्यापार","1200000","Orai","Orai","Kohil","लोहिया","Arun Kumar Lohiya","Business","Neelam Lohiya","Bharath - Renu Kurele (Business - Orai )
Shyam - Ankita Kurele (Service- Mumbai )","Married: Deep Lohiya","","7503251918","Contact Person","Person should be family oriented, open minded and caring as
well as loves travelling | Well Educated","","Orai","Travelling","No","","204-AB , 3rd Floor Jeewan Nagar kilokari Ashram - 110014","1899-12-30 06:45:00","Orai","","","","Ram Gopal Lohiya","","Rajeev Lohiya","M. K . GUPTA - ASHA GUPTA (PRINCIPAL MCD SCHOOL - DELHI )
NEERAJ - ANITA GUPTA (BUSINESS - ORAI )","","","","","","","","Gold","","2027-05-18 00:00:00","all","","","","",""
"migr_1779091712190_3","sg07989@gmail.com","Approved","2026-02-26T18:12:51.522Z","Self","Male","Unmarried","Sandeep Gupta","1989-07-09 00:00:00","5'6""","","No","BE (Information Technology)","Service/नौकरी","800000","Indore","Sagar","Basar","मोर","Late. Mr Parmanand Mor","-","Mrs. Ramkali devi mor","Mr. Kamlesh w/o Bhanumati Neekhra","Married: 2 | Unmarried: -","Married: 2 | Unmarried: -","9907499514","Contact Person","Graduates in any discipline | Graduates in any discipline","","Indore","Gardening/Landscaping, Puzzles, Collecting Antiques","No","","66- Chitra Nagar Redission square Indore","1899-12-30 10:31:00","Shahgarh Dist- Sagar MP","","","","Late Mr. harprasad Mor","","-","-","","","","","","","","Gold","","2027-05-18 00:00:00","all","","","","",""
"migr_1779091712190_4","bhartiyaajaykumar1964@gmail.com","Approved","2024-12-30T13:24:56.753Z","FATHER","Male","Unmarried","ANSHUL GUPTA","20/03/1993","5'11""","","No","MASTER OF TECHNOLOGY","Service/नौकरी","1200000","Jhansi","Jhansi","KOCHHAL","पहारिया","AJAY KUMAR GUPTA","RETIRED BANK MANAGER","SUNITA","BUSINESS","Married: 1","","9695807323","Contact Person","HOMLY | HOMLY","","Jhansi","STUDYING","NA","","BAJRANG COLONY JHANSI","1899-12-30 19:10:00","JHANSI","","","","SHRI SITARAM GUPTA","","ADVOCATE","XEN IRRIGATION DEPARTMENT","","","","","","","","Gold","","2027-05-18 00:00:00","all","","","","",""
"migr_1779091712190_5","gyan_man@rediffmail.com","Approved","2026-05-15T08:46:05.389Z","Son","Male","Unmarried","Aditya Rawat","1995-08-12 00:00:00","5'8""","","No","BE,MS ( Mechatronics) Engg.persuing PhD","Service/नौकरी","9000000","Bhopal","Bhopal","Gol","रावत","Gyanendra Rawat","Retired Divisional Manager New India Assurance ,Mantri Gahoi samaj panchayat Thatipur Gwalior","Manju Rawat","Arvind -Mithlesh, Apoorv -Rekha, Arun -Laxmi Kanpur","Married: Nil | Unmarried: Nil","Married: Three elders | Unmarried: Nil","7000809197","Contact Person","Engineering ,MBA , Doctor,Sciencist or equivalent background, respect to elders and dharmik, vegetarian, better understanding. | Engineer MS, ME,MTech, PhD,BTech,MBA or similar, good match , vegetarian","","Bhopal","Cooking, cricket, tennis, study, travelling, current affairs etc","Very sincere in all fields,god fearing,Focussed in his goal,well behaved, specially high respect to ladies.belives in equality and many more. He will not settle abroad,after completion of PhD.He is coming Gwalior from 4th February to 25th February 25","","Prabhu Kunj,19 A, Awadhpuri Gwalior","1899-12-30 02:28:00","Bhopal","","","","Late Shri Ramkishore","late smt Shanti Devi Rawat","Ajay Rawat retd Regional manager New India Assurance, Anoop sr Branch Manager LIC,Neeraj in business.","Smt Sudha BD Geda,Smt Sunita Sudhi saraogi, Smt Krishna Mukesh Baderiaya","","","","","","","","Gold","","2027-05-18 00:00:00","all","","","","",""
"migr_1779091712190_6","kedarprasadbijpuriya@gmail.com","Approved","2024-12-28T02:41:43.938Z","Son","Male","Unmarried","Mayank  Brijuriya","1990-02-12 00:00:00","5'8""","","No","M.com(a/b); MA(poly),Dled, PGDCA","Self-Employed/स्वनियोजित व्यापार","5-7 Lacs","Jabalpur","Katni","Gole","ब्रिजपुरिया","K. P. Brijpuriya","Retd.MPEB.","Smt. Prabha Bijpuriya","Moti Suhane","Married: No | Unmarried: No","Married: Four | Unmarried: No","8109324186","Contact Person","पढ़ी सुन्दर और सुशील | Edu.narmal buity&simple","","Jabalpur","Reading and travaing","No","","Bijpuriya Sadan,1157/b,near surahi build,
Sethmart ke samne,adhartal,jabalpur.","1899-12-30 21:15:00","Katni","","","","Late smt.shanti Parmanand Brijpuriya","","Kamlesh Brijpuriya","No","","","","","","","","Gold","","2027-05-18 00:00:00","all","","","","",""
"migr_1779091712190_7","muskangupta042002@gmail.com","Approved","2026-04-26T04:35:24.425Z","Brother","Male","Unmarried","Akshay Gupta","1997-02-02 00:00:00","5'6""","","Partial","BTech , NIT Patna","Service/नौकरी","2400000","Bangalore","Orai","Jaital","रिखोल्या","Anil Kumar Gupta","Galla Business","Suman Gupta","Mr. Anil Kumar Gupta (Technical Director Doordarshan), Mrs. Sadhna Gupta","Unmarried: Sanjay Gupta, working at Google India","Unmarried: Muskan Gupta, working at Blackrock mumbai","9044989871","Contact Person","well educated and mixture of both traditional and modern values | Well educated and mix of both traditional as well as modern","","Bangalore","Playing Cricket and reading books","He is very calm and patience","","205, New Ram Nagar Orai, Uttar Pradesh","1899-12-30 21:24:00","Orai, Uttar Pradesh","","","","Lt. Ghanshyam das Gupta and Lt. Yashoda Gupta","","Mr. Chandrabhan Gupta  (Rtd. RM Aryavart Bank)","Mr. Rajendra Neekhra (Rtd Govt Teacher), Mrs. Kamla Neekhra (Rtd Govt Teacher)","","","","","","","","Gold","","2027-05-18 00:00:00","all","","","","",""
"migr_1779091712190_8","gopalsizaria65@gmail.com","Approved","2024-12-16T16:46:24.293Z","Father","Male","Unmarried","Anmol Sizaria","1998-07-07 00:00:00","5'4""","","Partial","Btech, Ms(Buffalo University USA)","Service/नौकरी","135000","Bhopal","Bhopal","Gol","सिजरिया","Gopal sizaria","Business","Sapna Sizaria","1","","Married: Apeksha Sizaria adaval | Unmarried: Married","9425079171","Contact Person","NA | NA","","Bhopal","Travelling, Poetry","NA","","T-2 Third  floor above superior fitness gym data colony  Bhopal, MP 462030","1899-12-30 13:10:00","Bhopal","","","","Lt Harinarayan sizaria","smt Pushpa Devi Sizaria","3","2","","","","","","","","Gold","","2027-05-18 00:00:00","all","","","","",""
"migr_1779091712190_9","saurabh.sap07@gmail.com","Approved","2026-04-16T16:12:43.179Z","Self","Male","Unmarried","Saurabh Bahre.","23/07/1985","5'3""","","No","Bachelor of Engineering in Computer Science","Service/नौकरी","30L +","Indore","Jabalpur","Vatsal.","बहरे","Late Shri Kedar Prasad Bahre","NA","Urmila Bahre","5","Married: 1","Married: 2","9669946660","Contact Person","Should have good education and should be kind to all.. | Partner should be good educated and kind to all.","","Indore","Listening to music, Watching Cricket","Down to earth person.","","Indore","1899-12-30 11:15:00","Sihora Road","","","","Dashrath - Girija Bahre","","4","0","","","","","","","","Gold","","2027-05-18 00:00:00","all","","","","",""
"migr_1779091712190_10","rohanguptacovergallery@gmail.com","Approved","2024-12-09T17:43:05.436Z","Self","Male","Unmarried","Rohan Gupta","27/10/1994","5'11""","","No","M.com","Business/व्यापार","10 lakh","Bhopal","Bhopal","Reja","रेजा","Raj Kumar Gupta","Businessman","Madhu Gupta","Gourav Piperseniya & Swati Piperseniya","Married: No | Unmarried: 1","Married: No | Unmarried: No","8518963523","Contact Person","Family Oriented | Family Oriented","","Bhopal","Travelling & dancing","No","","Hno C-8 Chitrakoot phase-2 Ayodhya by passroad bpl","1899-12-30 09:15:00","Bhopal","","","","Late M L GUPTA & PAN BAI GUPTA","","S K Gupta & Laxmi Gupta / V K Gupta & gyatri Gupta","G C Gupta & Rekha Gupta","","","","","","","","Gold","","2027-05-18 00:00:00","all","","","","",""
"migr_1779091712190_11","guptaprayas12@gmail.com","Approved","2024-12-09T11:25:39.271Z","Father","Male","Unmarried","Prayas Gupta","1992-12-10 00:00:00","5'11""","","No","B.Tech","Business/व्यापार","30+ LPA","Delhi","Jabalpur","Gagalya","गेडा","Mr. Ajay Gupta","Mining (Stone Crusher Owner), Petrol Pump Owner, Agriculture & Related Businesses","Smt. Sandhya Gupta","Mama-(Jabalpur)
Shri Shiv Kumar Hoonka 
Shri Sanjay Hoonka
Shri Rajesh Hoonka 
Shri Manoj Hoonka (Deepak)","Married: None | Unmarried: None","Married: Er. Shri Gaurav Gupta & Smt. Prachi Gupta | Unmarried: None","7000821445","Contact Person","Working or Non working, Graduate or PG, Non Metro and with similar interest as mine | Working or Non working, Graduate or PG, Non Metro and with similar interest as mine","","Delhi","Reading, Spirituality, Travelling, Fitness, Pets,","Transparent, Open Minded, Entrepreneurial, Supportive, Loving, Growth Mindset, Empathetic, Spiritual","","Main Road, Jhanda Chowk, Tendukheda, Narsinghpur, M.P.","1899-12-30 14:10:00","Jabalpur","","","","Late Shri Phool Chand Ji Gupta (Freedom Fighter) &","Late Smt Chanda Devi Gupta","Tauji-Taiji 
Shri Atul Gupta & Smt. Shobha Gupta
Smt. Kamini Gupta & Late Shri Anil Gupta (Mumbai)

Chacha-Chachi (Bhopal)
Shri Abhaya Gupta (Corporate Service, Retd.) & Meenakshi Gupta","Shri Vishu Gupta-Smt. Bharti Gupta (Deori, Raisen)
Late Shri Kanchedi Lal Hunka-Smt. Arti Hunka (Tendukheda, Narsinghpur)
Shri Prakash Sarawgi-Smt.Kriti Sarawgi (Jabalpur)
Shri Rakesh Gupta-Smt.Shruti Gupta (Tendukhda, Narsinghpur)","","","","","","","","Gold","","2027-05-18 00:00:00","all","","","","",""
"migr_1779091712190_12","aakankshagupta6695@gmail.com","Approved","2024-11-30T16:05:41.454Z","Brother","Male","Unmarried","Abhishek gupta","27/02/1992","5'7""","","No","BA political science and ITI","Business/व्यापार","2000000","Jhansi","Jhansi","Banchhal","चपरा","Mr Shivdayal Gupta","Business","Mrs Sakhi Gupta","Late Lallu ram Soni","Married: 3 brother | Unmarried: 1 brother","Married: Rachna Gupta w/o Krishankant gupta (Bhopal ) | Unmarried: No","8517020122","Contact Person","Family oriented | Humble and family oriented","","Jhansi","Traveling","Humble and caring","","138 Awas Vikas shivaji nagar, Jhansi U.P (contact Shubhash gupta -9795204621)","1899-12-30 09:30:00","Jhansi","","","","Late Gorelal gupta","","No","No","","","","","","","","Gold","","2027-05-18 00:00:00","all","","","","",""
"migr_1779091712190_13","guptakavya416@gmail.com","Approved","2024-11-30T15:50:39.000Z","Mother","Male","Unmarried","Abhishek Gupta","29/12/1993","5'8""","","Partial","B.sc and PGDCA","Business/व्यापार","2000000","Ahmedabad","Babina (Uttar Pradesh)","Kochhal","पहारिया","Mr .Ramnivas pahariya","Business","Mrs Preeti pahariya","2 Mama","Married: No brother | Unmarried: No","Married: Akanksha Anurag Gupta (Indore ,MP) | Unmarried: Shreya gupta (MBBS student )","7600801772","Contact Person","Family oriented and understanding | Age between 26 to 31 , height must be 5'1 to 5'7  and family oriented","","Ahmedabad","Traveling","Caring, loving and understanding person","","Madhavraj bunglows, Near vastral police chouki Behind metro station, Ahmedabad","1899-12-30 12:30:00","Babina (Uttar Pradesh)","","","","Late Omkar Lal pahariya ji","","No","2 Bua","","","","","","","","Gold","","2027-05-18 00:00:00","all","","","","",""
"migr_1779091712190_14","jayantmnnit@gmail.com","Approved","2025-09-10T14:17:21.502Z","Brother","Female","Unmarried","Shruti Gupta","1995-04-08 00:00:00","5'5""","","Partial","B.Tech","Service/नौकरी","20 LPA","Pune","Kanpur","Vachhil","कुचिया","Pawan kumar","Business","Mamta Gupta","Mr Praveen - Mrs. Arti Tarsoliya (Konch)
Mr. Vijay - Mrs. Arti Tarsoliya (Madhogarh)","Married: Jayant gupta - Deloitte USI, Gurgaon , Pragati Gupta - Infosys","","9936164728","Contact Person","I am seeking a partner who truly values integrity, kindness, and a sense of humor. He should be well-educated, professionally stable, and possess a strong sense of commitment to family values. | I am seeking a partner who truly values integrity, kindness, and a sense of humor. He should be well-educated, professionally stable, and possess a strong sense of commitment to family values.","","Pune","Swimming, Dancing, Reading, Gymming","She is very humble, down to earth person who believes in taking everyone together.","","Pune","1899-12-30 20:12:00","Sikandra","","","","They are no more","","None","Shri Gopal - Mrs. Usha Khaira (Orai)
Mr Ashok - Mrs. Seema Gupta (Jhansi)
Mr Sushil - Mrs. Shweta Neekhra (Dabra)","","","","","","","","Gold","","2027-05-18 00:00:00","all","","","","",""
"migr_1779091712190_15","yashgupta1997f@gmail.com","Approved","2024-11-28T08:52:48.095Z","Father","Male","Unmarried","Yash Gupta","1998-09-04 00:00:00","5'10""","","No","BE","Service/नौकरी","10 Lpa","Gwalior","Gwalior","Gol","सोनी","Rajendra soni","Govt Teacher","Pushpa Gupta","Yogesh Manoj Gupta Gwalior","Married: Ankit computer scientists | Unmarried: Nil","Married: Monika sarad Gupta IES officer Delhi | Unmarried: Nil","9827588292","Contact Person","Well Educated | Educated simple nature","","Gwalior","Coding. Traveling","No","","Gwalior jhansi road Dabra","1899-12-30 01:08:00","Dabra","","","","Late Babu lal soni","","Ramprakash Vinod Gupta","01 Lalitpur up","","","","","","","","Gold","","2027-05-18 00:00:00","all","","","","",""
"migr_1779091712190_16","gauravgupta.kgpr@gmail.com","Approved","2026-05-18T08:08:32.191Z","Brother","Female","Unmarried","Shubhi Gupta","14/06/1996","5'4""","","Yes","B Tech Electronics and Communication","Service/नौकरी","14 Lakh","Shahdol","Jabalpur","Bhal","सुहाने","Kishor Kumar Gupta","Retired, Coal India","Rashmi Gupta","Manoj Rawat, Archana Gupta","Married: Gaurav Gupta , IIT , ISB , Accenture Strategy Consulting, Rupal Gupta, BTech UPES, 
Saurabh Gupta, JEC, IIIT, Oracle, Paridhi Gupta, NIT, Service Now | Unmarried: None","Married: None | Unmarried: None","9425898261","Contact Person","Humble, Polite, | Respecful, Family values","","Shahdol","Traveling, Cooking, Gardening","None","","Sarjapur Road, Banglore","1899-12-30 18:15:00","Amali, Shahdol MP","","","","Hargovind Gupta,","Late Siya Bai Gupta,","Kamna Gupta, Late Keshav Prasad Gupta","Mamta Gupta, Late Madan Gopal Gupta","","","","","","","","Gold","","2027-05-18 00:00:00","all","","","","",""
"migr_1779091712191_17","bmgupta63@gmail.com","Approved","2024-11-12T07:30:10.650Z","Father","Male","Unmarried","Dr. Shubham Gupta","23/08/1994","5'10""","","No","P. hd. & MS from USA, Btech - Delhi","Service/नौकरी","1.5 crore","Delhi","Delhi","Vachchhal","गंधी","Mr. Brij Mohan Gupta","Retired Lecturer from DOE , GNCT, Delhi","Mrs. Neelam Gupta","1. Sh. Sanjeev Rusia - Smt. Sunita Rusia
2. Sh. Rajeev Rusia - Smt. Rashi Rusia
3. Sh. Pradeep Rusia - Smt. Prachi
         At Harpalpur, District- Chhatarpur , MP","Married: Aditya Gupta , project Engineer in MEC , Canada | Unmarried: No","Married: No | Unmarried: No","9868833564","Contact Person","Educated and understanding, willing to live in USA | Well educated","","Delhi","Reading books and visit of natural places","Research Scholar","","House number- 26, Pocket- 5, Sector- 21, Rohini, Delhi-110086","1899-12-30 09:15:00","New Delhi","","","","Let. Shri Bhaiyalal Gandhi Let. Smt. Kasturi Devi","","1. Sh. Mahesh Kumar Gupta- Smt. Krishna Gupta
2. Sh. Madan Mohan Gupta- Smt. Neetu Gupta 
3. Sh. Dharmesh Gupta - Smt. Sadhna Gupta
         At Gwalior","Smt. Preeti Gupta - Sh. Trilokonath Gupta , Gwalior","","","","","","","","Gold","","2027-05-18 00:00:00","all","","","","",""
"migr_1779091712191_18","manaligupta395@gmail.com","Approved","2024-11-09T16:27:35.990Z","Maternal Uncle","Female","Unmarried","Manali Gupta","22/03/1997","5'3""","","Partial","B.TECH (COMPUTER SCIENCE)","Service/नौकरी","21,50,000","Noida","Jhansi","Nagariya","नगरिया","Satish Gupta","pvt job","geeta gupta","--","Unmarried: 1","Unmarried: 1","8126599777","Contact Person","Software engineer or in govt service | software engineer or in govt service","","Noida","playing badminton, yoga","good - > hard working","","bareilly","1899-12-30 21:55:00","Jhansi","","","","..","","--","--","","","","","","","","Gold","","2027-05-18 00:00:00","all","","","","",""
"migr_1779091712191_19","mg4882774@gmail.com","Approved","2024-11-05T18:44:51.409Z","Daughter","Female","Unmarried","Shubhi jhudele","17/11/1997","5'6""","","Partial","Bachelor of Engineering (Mechanical)","Any other/कोई और","","Sagar","Sagar","Gagal","झुड़ेले","Sanjay jhudele","Business","Mrs Manju Jhudele","Mr Manoj Barsaiyan
Mr Umesh Barsaiyan","Married: Mr Sarthak jhudele | Unmarried: No","Married: No | Unmarried: No","9827689415","Contact Person","Well Educated , decent , who believes in mutual respect, understanding | Job or well settled business ..but must be well educated","","Sagar","Dancing","No","","Near of bhuteswar mandir sant ravidash ward sagar MP","1899-12-30 17:45:00","Saugor","","","","Late Mr purshottam jhudele- Urmila Jhudele","","Mrs Ratna jhudele-Deepak Jhudele
Mrs rakhi Jhudele-Neeraj jhudele","Mrs Vandana -Ajay billaiya
Mrs Archana-Rambabu choudha","","","","","","","","Gold","","2027-05-18 00:00:00","all","","","","",""
"migr_1779091712191_20","rseth2667@gmail.com","Approved","2026-05-18T08:08:32.191Z","Brother","Male","Unmarried","Prakhar Seth","21/07/1997","5'6""","","No","B.Tech (IIT Guwahati)","Service/नौकरी","2200000","Bangalore","Orai","Vatsa","सेठ","Bipin Gupta","Goverment Job (Block Development Officer)","Archana Gupta","Mr. Krishna Murai Kurele (Madhaugarh), Mr. Santosh Kurele (Orai), Mr. Anil Kurele (Orai), Mr. Amit Kurele (Sabhasad, Orai), Mr. Arvind Kurele (Orai), Mr. Sonu Kurele (Orai)","Married: 1","","9450192707","Contact Person","Educated | NA","","Bangalore","Travelling and Reading","No","","3881/A, Rajendra Nagar, Near Gandhi Maha Vidhayalaya - Orai","1899-12-30 17:45:00","Orai","","","","Late Shri K.P. Gupta -","Late Smt. Meera Gupta","Mr. Vivek Gupta and Mr. Vinay Gupta","Mr. Mahendra Kumar Biswari (Kalpana Corporation Near Nagar Palika - Orai)","","","","","","","","Gold","","2027-05-18 00:00:00","all","","","","",""
"migr_1779091712191_21","sachin4191@gmail.com","Approved","2024-11-05T14:47:41.642Z","Brother","Male","Unmarried","बिपिन खरया","1992-11-11 00:00:00","5'8""","","No","M.com., PGDCA, DIPLOMA OF LIBRARIAN.","Service/नौकरी","8.5 लाख","उरई","उरई","गोल","खरया","उमाशंकर खरया","प्राइवेट जॉब","सरला खरया","श्री रामप्रसाद गुप्ता - श्रीमति शारदा गुप्ता","Married: एक | Unmarried: एक","Married: एक | Unmarried: शून्य","7007549928","Contact Person","घरेलू और सरल स्वभाव। | घरेलू।","","उरई","घूमना, मूवी देखना।","नहीं","","होम्यो औषधि छाया के सामने वाली गली, रामकथा मार्ग, महोबा","1899-12-30 20:05:00","उरई","","","","स्व० श्री लक्ष्मीराम गुप्ता - रामरती देवी","","नहीं","नहीं","","","","","","","","Gold","","2027-05-18 00:00:00","all","","","","",""
"migr_1779091712191_23","miranjanaclass@gmail.com","Approved","2024-11-03T13:00:31.262Z","Brother","Female","Unmarried","Ekta Gupta","16/05/1990","5'3""","","No","Ba hons","Service/नौकरी","50000099","Delhi","Delhi","Sipolia","सिपौल्या","","Auto driver","Mrs. Meera Gupta","Vegetable seller","Married: No | Unmarried: Teacher","Married: No | Unmarried: No","8700905152","Contact Person","Visionary | Mr Ashok Kumar Gupta","","Delhi","Kabal puja","Highly Puja pat","","New Ashok nagar Delhi","1899-12-30 03:30:00","Madhya Pradesh","","","","Mr vansh gopal Gupta","","No","Pradhan","","","","","","","","Gold","","2027-05-18 00:00:00","all","","","","",""
"migr_1779091712191_24","jawaharlalgupta958@gmail.com","Approved","2024-10-31T07:30:33.098Z","Father","Male","Unmarried","Yogesh gupta","1992-08-09 00:00:00","5'6""","","No","Graduate","Service/नौकरी","5-10lakh","Delhi","Delhi","Jaytal","रिखोल्या","","Pvt job","Sunita Gupta","Rakesh Gupta , Shashi Gupta (Orai)","","Married: 2 | Unmarried: 1","9958380040","Contact Person","Educated girl, good nature | Jawaharlal gupta","","Delhi","Travelling","N.A","","New delhi","1899-12-30 09:50:00","Delhi","","","","Expired","","Jagdish gupta and Rekha gupta","N.A","","","","","","","","Gold","","2027-05-18 00:00:00","all","","","","",""
"migr_1779091712191_25","twinklegupta0396.tg@gmail.com","Approved","2024-10-25T14:38:23.053Z","Father","Female","Unmarried","TWINKLE GUPTA","1995-03-03 00:00:00","5'2""","","No","MCA","Service/नौकरी","14 LPA","Gwalior","Gwalior","BHAL","सेठ","","BUSINESS","POONAM GUPTA","Late KalluRam Pahariya-Padma pahariya(ALLAHABAD) , Sangam Lal Pahariya(CA, Mumbai)- Amrita Pahariya","Married: NO | Unmarried: NO","Married: NO | Unmarried: 2","9425755440","Contact Person","NO | PRAMOD GUPTA","","Gwalior","MUSIC,READING","NO","","MAMA KA BAZAR, GWALIOR","1899-12-30 06:15:00","GWALIOR","","","","Late KISHORILAL SETH -","Late SHANTI DEVI","Late SATISH GUPTA -KRISHNA GUPTA(TALBEHAT) , RAJESH GUPTA- SUSHMA GUPTA(GWALIOR)","Rajendra prasad NAHAR- JAYANTI NAHAR  (DATIA)","","","","","","","","Gold","","2027-05-18 00:00:00","all","","","","",""
"migr_1779091712191_26","ngupta1930@gmail.com","Approved","2024-10-25T09:24:24.766Z","Brother","Male","Unmarried","Harsh Gupta","1992-08-07 00:00:00","5'8""","","No","B. Tech","Service/नौकरी","30 lac","Pune","Gwalior","Bandil","चउदा","","Retire SBI bank","Smt Mamta gupta","Smt vandna / shri Manoj neekhra","Married: 1","Married: 1 | Unmarried: 1","7515330847","Contact Person","Working and understood | Shri J p gupta","","Pune","Cricket","Good nature","","Gwalior","1899-12-30 06:45:00","Gwalior","","","","Late Shri kashiram","late smt Santi devi","Smt Sheela gupta","Smt pushpa / shri Ram rawroop neekhra","","","","","","","","Gold","","2027-05-18 00:00:00","all","","","","",""
"migr_1779091712191_27","2023385623.hriday@ug.sharda.ac.in","Approved","2024-10-19T16:49:47.904Z","Father","Female","Unmarried","Khyati Gupta","21/04/2003","5'3""","","Yes","B.TECH (Computer Science)","Service/नौकरी","33 lakh","Delhi","Delhi","Vachhal","महतेले","","Pharmacist","Smt. Swati Gupta","Vivek Kothari","Married: None | Unmarried: Hriday Gupta (20)","Married: None | Unmarried: None","9868670337","Contact Person","Should be mature, understanding and independent. | Shri. Narender Kumar Gupta","","Delhi","Traveling, Reading, social Work,","Inquisitive, Caring and Helpful Nature, Responsible","","House no. F-94, street no.-10, near Moni Baba Mandir, Delhi-53","1899-12-30 11:38:00","Delhi","","","","Late Shri. Ramesh Chand Gupta","","Devender Gupta",".","","","","","","","","Gold","","2027-05-18 00:00:00","all","","","","",""
"migr_1779091712191_28","guptateena900@gmail.com","Approved","2024-10-18T03:39:59.701Z","Sister","Male","Unmarried","Jay Gupta","20/03/1996","5'9""","","Partial","ITI","Business/व्यापार","5 Lac","Gwalior","Gwalior","Jaital","नगरिया","","Business","Kanti Gupta","No","Married: No | Unmarried: No","Married: 3 sister | Unmarried: No","8319479189","Contact Person","Good looking for family time | Munna lal Gupta","","Gwalior","Travelling, watching","No","","Ram Nagar morar (Gwalior)","1899-12-30 06:00:00","Gwalior","","","","No","","Janki Prasad Gupta,mahedra Gupta, Raju Gupta","Dwarka prasad Gupta","","","","","","","","Gold","","2027-05-18 00:00:00","all","","","","",""
"migr_1779091712191_29","guptaprabhat107@gmail.com","Approved","2024-10-15T13:51:25.175Z","Father","Male","Unmarried","Akshat Gupta","15/08/1997","6'","","No","B Tech (Electrical)","Service/नौकरी","18 Lakh","Bangalore","Tirwa Ganj, Kannauj, UP","Bachhal","बरसैंया","","Director Operations, ADM India Pvt Ltd, Gurugram","Archana Gupta","Shri Rajesh Chandra Gupta
Dr Karunesh Chandra Gupta
Shri Hridesh Chandra Gupta","Married: No | Unmarried: No","Married: No | Unmarried: Anushka Gupta, SDE, Amazon, Bangalore","7387454618","Contact Person","Working IT professional | Prabhat Kumar Gupta","","Bangalore","Cricket","Smart and cool nature","","C-1061, 2nd floor
Ansal Esencia, Sector-67
Gurugram, Haryana- 122102","1899-12-30 14:10:00","Tirwa Ganj, Kannauj, UP","","","","Smt Sarojni","Shri Gopal Das Gupta","Shri Vipin Gupta
Shri Sanjeev Gupta
Shri Praveen Gupta","Smt Archana/Shri Vinay Pahariya","","","","","","","","Gold","","2027-05-18 00:00:00","all","","","","",""
"migr_1779091712192_30","mayankgupta3968@gmail.com","Approved","2024-10-10T02:58:49.000Z","फूफा जी","Male","Unmarried","Vivek rawat","21/02/1993","5'7""","","No","BE machanical","Service/नौकरी","10-12 Lakh","Panna","Panna","Vachhal","रावत","","Business/ political & agricultural","Mrs. Saroj rawat","Mr. Raju suhane-Mrs. Mamta suhane (amanganj)
Mr. Rakesh suhane - Mrs.  Puja suhane (amanganj)","","Married: (4)1-mrs. Roshni- Mr. L.N.dadarya (chhatarpur)
  2-mrs. Ruchi - Mr. Sourabh seth (Kareli)
 3 - Mrs. Prachi - Mr. Rupesh choudha govt. Teacher (amanganj) panna
  4-mrs. Priyanka - Mr. Himanshu piparsaniya (chhatarpur)
Cousin sister -mrs.  shivangi (acount officer BSNL) ujjain -mrs. Samarth (HDFC bank manager) ujjain | Unmarried: Cousin sister- ku. Soumya (AE NTPC)","7509429668","Contact Person",". | Mr. Lallu lal rawat","","Panna",".","No","","Ward No. 12 Amanganj district - panna (M.P.)","1899-12-30 09:24:00","Panna","","","","Lt. Mr. Dwarka Prasad Rawat Lt. Mrs   Kusum Rawat","","Mr. B.L. gupta (AE MPEB) - Mrs. Sandhya gupta (Rewa)","Mrs. Ramsakhi- Mr. Ghanshyam Das jalonha (Sunwanikala)
Mr. Sunita Gupta (govt teacher) Mr. M.L.Gupta (retired accountant) Chhatarpur
Mrs. Sandhya - Mr.Rajendra Seth (chandranagar)","","","","","","","","Gold","","2027-05-18 00:00:00","all","","","","",""
"migr_1779091712192_31","skgupta4038@gmail.com","Approved","2026-05-12T11:19:16.527Z","Father","Male","Unmarried","Sandeep Kumar Gupta","1991-07-08 00:00:00","5'5""","","No","Post Graduate","Service/नौकरी","Above 13 Lakh","Delhi","Indore","Gangil","नोगरैया","Suresh Kumar Gupta","Retired sse rly.","Sadhana Gupta","Sri Sanjay Gupta","Married: One ( Software engineer) | Unmarried: No","Married: Nil | Unmarried: Nil","9415943038","Contact Person","Working in delhi or well educated. | Working in Delhi/ncr","","Delhi","Sports,Music,Traveling","No","","Chhatarpur delhi","1899-12-30 12:05:00","Gwalior","","","","Lt.sri Ganpat Lal Gupta","","Sri Ram Nivas Gupta","Sri Arvind Nigoti pichhore","","","","","","","","Gold","","2027-05-18 00:00:00","all","","","","",""
"migr_1779091712192_32","dkgupta18762@gmail.com","Approved","2025-12-02T13:18:44.151Z","Niece","Female","Unmarried","Gunjan gupta","1999-02-07 00:00:00","5'3""","","Partial","B.com (Teacher in Private school)","Service/नौकरी","","Gwalior","Gwalior","Gol","निगोतिया","Dileep Gupta","Business","Pramila Gupta","Dinesh-Sangita,Satish-Sunita,Manoj-Manju","Married: Cousin, Aman-Surbhi | Unmarried: No","Married: NO | Unmarried: 2","9425738688","Contact Person","Service or Business, cultured, vegetarian and non Smokers | Vegetarian and non smoker","","Gwalior","My hobby is my work,and reading","Not any","","Azad hagar Morar, Gwalior","1899-12-30 15:50:00","GWALIOR","","","","Late shri premnarayan ji","shanti devi","Tau-Tai-Late shri Ashok-Smt.Usha,shri Sunil-Smt.Rama,Shri Dinesh-Smt.Laxmi   Chacha-Chachi:-Avinash-Smt.Seema","Smt.Archna-Late shri Ramakant","","","","","","","","Gold","","2027-05-18 00:00:00","all","","","","",""
"migr_1779091712192_33","m.gupta6019@gmail.com","Approved","2024-09-30T14:28:54.445Z","Aunt","Male","Unmarried","Akhil choudha","15/04/1990","5'6""","","Yes","BE IT and other","Self-Employed/स्वनियोजित व्यापार","8 lakh","Indore","Jabalpur","Badal","चऊदा","","Can vasing agent all india rice mill","Deepa  choudha","Sunil vijay kharya Raipur","Married: Nill | Unmarried: 1","Married: Nill | Unmarried: Nill","9407011156","Contact Person","Well educated | Arun kumar choudha","","Indore","Reading","No","","Millenia gunj jabalpur","1899-12-30 13:00:00","Jabalpur","","","","Late panna lal","Premabai","Sapna Anoop choudha","4 buas","","","","","","","","Gold","","2027-05-18 00:00:00","all","","","","",""
"migr_1779091712192_34","mahesh123kripal@gmail.com","Approved","2024-09-29T14:18:40.193Z","अभिभावक","Male","Unmarried","AMIT KURELE","1991-05-01 00:00:00","5'8""","","No","BTEC n cdec","Service/नौकरी","26 LPA","Bhind","Bhind","कोच्छिल","कुरेले","","No","Pushpa Gupta","Sanjay n Niraj Gwalior","Married: No | Unmarried: Three","Married: No | Unmarried: No","8447150286","Contact Person","Er CA Bank any other एडजेस्टविल | Mahesh gupta","","Bhind","जनरल एक्टबिटी","No","","278 gandhi market Bhind mp","1899-12-30 06:55:00","Bhind","","","","Late Shri Suraj Narayan KURELE,","Late shrimti Vidya devi","Tau Tai suresh Gupta Sharda ChaCha Chachi Rajesh Manisha n Vinod Gupta Varsha","Shri Santosh Kiran pahariya n Shri Pavan soniya MOR Gwalior","","","","","","","","Gold","","2027-05-18 00:00:00","all","","","","",""
"migr_1779091712192_35","kunwar.rawat1986@gmail.com","Approved","2024-09-27T18:20:32.080Z","Parents","Male","Unmarried","Nitin Tapa","1983-10-09 00:00:00","5'9""","","Yes","Post Graduate","Service/नौकरी","700000","Katni","Chhindwara","Bachhal","तपा","","Retired employee from Nagar Nigam, Katni","Krishna Tapa","4","Married: 1 elder brother | Unmarried: None","Married: 1 small sister | Unmarried: None","9926337921","Contact Person","Lovable and smiling | Om Prakash Tapa","","Katni","Travelling","Humble and polite","","Karni","1899-12-30 05:30:00","Junnardeo, chhindwara","","","","Late grand parents","","None","4","","","","","","","","Gold","","2027-05-18 00:00:00","all","","","","",""
"migr_1779091712192_36","shivangibijpuria@gmail.com","Approved","2024-09-27T18:08:27.751Z","Mother","Male","Unmarried","Shashank Bijpuria","25/06/1991","5'9""","","Partial","B.Tech","Service/नौकरी","11 LPA","Delhi","Patna","Gol","ब्रिजपुरिया","","Senior Advocate","Archana Bijpuria","Alok Kumar gupta/ archana Gupta 
Anurag Gupta/ Amita Gupta 
Ashish gupta/Anjali Gupta","","Married: 1","8409988047","Contact Person","Job is depend upon on her choice, if she wants she can otherwise no issue. | Sudhir kumar Bijpuria","","Delhi","Traveling, Reading , listening music","Friendly nature, calm gentleman","","Behind Jahaji kothi complex kankarbagh patna","1899-12-30 07:45:00","Patna","","","","Late Sona lal Bijpuria/","Late kasturi Devi","Satish Chandra Bijpuria/ Asha Bijpuria","Late vinod devi / Late k.l.Naugraiya","","","","","","","","Gold","","2027-05-18 00:00:00","all","","","","",""
"migr_1779091712192_37","arvindg79a@gmail.com","Approved","2024-09-27T08:17:59.370Z","Son","Male","Unmarried","Deepak Gupta","1993-08-11 00:00:00","5'7""","","Partial","B. Tech (CS)","Service/नौकरी","15 Lakhs","Chandigarh","Moradabad","Gagal","आसू","","Retired employee","Vandana Gupta","NA","Married: Aditya Kumar Gupta","","9465475293","Contact Person","Educated working/ non working homely girl | Arvind Kumar Gupta","","Chandigarh","Cricket","Good Nature","","Ludhiana (Punjab)","1899-12-30 19:00:00","Ludhiana","","","","Late Shri Ram Prakash Gupta","Smt. Vinod Gupta","NA","Late Shri Ghanshyam Das Gupta","","","","","","","","Gold","","2027-05-18 00:00:00","all","","","","",""
"migr_1779091712192_38","anilddnewslko@gmail.com","Approved","2024-09-26T00:29:13.789Z","Father","Male","Unmarried","Amandeep Gupta","28/08/1994","5'5""","","Partial","B. Tech (CSE)","Service/नौकरी","3027000","Noida","Lucknow","Vachhil","मोर","","IBES Cadre Officer in Central Organized Group A Service","Sadhna Gupta","Sh. Ram Kishore Kankane ( Nana ), Smt Kamleshwari Devi ( Nani )","Married: Aditya Gupta, ( B Tech & MBA ) Expert Manager in Multinational Company, Noida 
Mohini Gupta (Bhabhi), Manager in Delloite Consultancy Noida | Unmarried: No","Married: Ambika Gupta (BBA,LLB), Consultant in Legal Multinational Company,  Chirag Srivastava ( B Tech, MBA ), Senior Consultant in Delloite Consultancy USI ( Brother in Law) | Unmarried: No","9450395298","Contact Person","Well Qualified | Anil Kumar Gupta","","Noida","Reading Books, Traveling,  Family Oriented","Soft & Polite","","C 106, Shivkala Luxury Apartment, Plot No.B-9/11, Sector-62, Noida-201309","1899-12-30 13:20:00","Orai","","","","Shri Ram Narayan Gupta ( Retired Govt Teacher )","Smt Uma Devi","No","Smt Pushpa Gupta/ Sh. Santosh Gupta, Smt Suman Gupta/ Sh. Anil Kumar Gupta,  Smt Kiran Gupta/ Sh. Kamlesh Gupta","","","","","","","","Gold","","2027-05-18 00:00:00","all","","","","",""
"migr_1779091712192_39","gmeeragupta54@gmail.com","Approved","2024-09-23T18:29:35.742Z","Mother","Male","Unmarried","Shobhit Gupta","15/09/1992","5'11""","","Partial","Ll.b","Service/नौकरी","450000","Gwalior","Gwalior","Ghochhit","नीखरा","","Business","Mrs Meera gupta","5","Married: Mr Guarav Gupta Mr Sunil Gupta","","9406580743","Contact Person","A cultured, well educated | Mr shiv kumar gupta","","Gwalior","chess playing and Travelling","No","","Mahaveer colony Dal bazaar Tirana lashkar Gwalior m.p","1899-12-30 00:10:00","Gwalior","","","","Late Mr Seetaram Gupta Mrs imarti devi","","Mr Rakesh Gupta Mr Deepak Gupta","2","","","","","","","","Gold","","2027-05-18 00:00:00","all","","","","",""
"migr_1779091712192_40","kamleshhcst@gmail.com","Approved","2024-09-22T11:08:12.628Z","Bhanja","Male","Unmarried","Rohit gupta","17/09/1992","5'6""","","No","Mba","Business/व्यापार","1800000","Noida","Jhansi","Goal","रावत","","Yarn traders/exporter","Saroj Rawat","Jayram, Rajesh and kamlesh barsainya noida","Married: Rahul Gupta | Unmarried: No","Married: Rimi Gupta | Unmarried: No","9958485880","Contact Person","Educated and beautiful | Dayaram rawat","","Noida","Net surfing,critical activities","No","","G50, 10th avenue Gaur City 2, Noida","1899-12-30 20:10:00","Mau ranipur","","","","Late Hukum Chand rawat (dada ji",")","Chacha - Narendra Rawat jhansi, jiwan rawat mauranipur","Mamta gupta- Bijjan seth jhansi 
Videsh Gupta- Ramesh kastwar Jhansi","","","","","","","","Gold","","2027-05-18 00:00:00","all","","","","",""
"migr_1779091712192_41","sakshambarsaiya115@gmail.com","Approved","2024-09-20T12:50:19.690Z","Brother","Female","Unmarried","Shubhi Barsaiya","1996-12-08 00:00:00","5'2""","","Yes","B.A. (Hon.), Hotel Management","Service/नौकरी","1200000","Delhi","Auraiya","Badchill","बरसैंया","","Bussinessman","Smt. Neelam Barsaiya","(i) Shri Surendra Kumar Baderiya, (Business)
 Khailar Bhel, Jhansi  9415113032.
 (ii) Shri Ravindra Baderiya, (Business), Lucknow  9839331866
 (iii) Shri Dharmendra Baderiya, (Business), Lucknow  9839331866","","Unmarried: Km. Noopur Barsaiya & Km. Anmol Pari Barsainya","6395934161","Contact Person","NA | Shri Sushil Barsaiya","","Delhi","NA","NA","","Mahaveer Ganj, Auraiya, Uttar Pradesh (Pin - 206122)","1899-12-30 17:05:00","Auraiya","","","","Late Shri Thakur Das Barsaiya,","Late Smt. Savitri Devi","(i) Shri Suresh Barsaiya (Business)
 (ii) Shri Santosh Barsaiya (Business)
 (iii) Shri Raj Kumar Barsaiya (Business)","(i) Smt Asha (Housewife) W/O Shri Devendra Gupta, Auraiya
 (ii) Smt. Sita (Housewife) W/O Shri Rajendra Mor, Gwalior","","","","","","","","Gold","","2027-05-18 00:00:00","all","","","","",""
"migr_1779091712192_42","atulguptanavy@gmail.com","Approved","2024-09-17T16:05:14.067Z","Self","Male","Unmarried","Atul Gupta","1997-11-08 00:00:00","5'7""","","Yes","BE MECHANICAL","Service/नौकरी","15-20 Lakh","Jabalpur","Balaghat","Bhal","मोदी","","Retired Govt. Employee","Alka Gupta","NA","Unmarried: Anuj Gupta","","9424381484","Contact Person","Well Educated Kind Hearted Understanding Supportive | Akhilesh Gupta","","Jabalpur","Reading Traveling Movie Watching","No Bad Habits","","Ashok Vihar Colony Near FCI Godown Rampur Jabalpur MP","1899-12-30 22:58:00","Waraseoni","","","","Late Purushottam Das Modi","","Rakesh-Sunita Gupta Anuppur 
Mukesh-Babita Gupta Gadarwara","Late Shiv Kumar-Uma Gupta Bhopal
Pramod-Manju Gupta Vidisha","","","","","","","","Gold","","2027-05-18 00:00:00","all","","","","",""
"migr_1779091712192_43","harimohan5380@gmail.com","Approved","2024-09-17T15:10:28.163Z","brother","Male","Unmarried","NEETESH KUMAR GUPTA","20/06/1991","5'7""","","Partial","B.E.","Service/नौकरी","500000","Shivpuri","Shivpuri","BHAL","डेंगरे","","Teacher","SMT. USHA GUPTA","Mama -mami
Mr. Suresh Kumar Set (Shivpuri}","Married: 1.Shri.Hari mohan gupta{govt teacher}_ smt Nidhi gupta{govt teacher}
2.Shri.Nitin gupta{Parvati}_ Smt.Deeksha gupta {govt teacher}","Married: 1. Smt.juli gupta {govt teacher}_Shri saurav Reja {Karera}","9981085625","Contact Person","Good Nature | Let.Shri RAM KUMAR GUPTA","","Shivpuri","Reading","No","","Address-
Bijasen Road Pichhore Dist. Shivpuri M.P.
Contect No.
9981085625, 9981712251","1899-12-30 11:30:00","Pichhore","","","","Let.Shree Motilal Gupta_ Let Smt. Girja devi","","Shri LakhaLal Gupta {govt teacher}_ Smt.Vandna Gupta {govt teacher}","Fufaji-
1.Let. Mr. Omprakash Saravgi- Mrs. Imarti Saravgi (Pichhore)
2. Let. Mr.Rajendra Barsaiya - Mrs. Saroj Barsaiya (Bamorkala)
3.Mr. Avadh Kisor Kasav - Mrs. Suman Kasav (dinara)
4. Mr. Satish Bilaiya - Mrs. Savita Biliya (Karera)
5. Mr. Anil Kankane - Mrs. Neeta Kankane (Bamorkala)","","","","","","","","Gold","","2027-05-18 00:00:00","all","","","","",""
"migr_1779091712192_44","kedarbrijpuriya@gmail.com","Approved","2024-09-17T04:29:17.112Z","Son","Male","Unmarried","Mayank Brijpuriya","1990-02-12 00:00:00","5'9""","","No","M Com(a/b),M A(poly),PGDCA,Dled","Business/व्यापार","5 to 10 lac","Jabalpur","Jabalpur","Gole","ब्रिजपुरिया","","Redt.M.P.E.B.","Smt. Prabha Brijpuriya","Smt Nisha Moti,Smtrashmi Rajesh,smt.sapna Ashok  Suhane","Married: No | Unmarried: No","Married: Four | Unmarried: No","8109324186","Contact Person","Parivarik,saral,padi,etc. | Kedar Pd Brijpuriya","","Jabalpur","Travel and inter.","No","","1-1741,gali no.-7,shantinagar, opp.phed off.damohnaka,Jabalpur(mp)","1899-12-30 21:15:00","Katni","","","","Late Shanti  Parmanand ji Brijpuriya","","Uncle:-Prakash&Kamlesh Bichpuriya","Smt.Mamta,Smt chinta sunil saravgi,Smt archana Rajesh Chopra  jabalpur","","","","","","","","Gold","","2027-05-18 00:00:00","all","","","","",""
"migr_1779091712192_46","guptank1958@gmail.com","Approved","2024-09-12T16:38:03.648Z","Father","Male","Divorced","HARSH GUPTA","23/03/1987","5'7""","","No","BE MBA FROM PUNE","Service/नौकरी","15 Lac","Delhi","Gwalior","Jaital","लहारिया","","DIVISIONAL MANAGER (RETIRED) LIC OF INDIA","SMT SUSHMA GUPTA","No","Married: NO | Unmarried: NO","Married: 01 Working in MNC of USA Hyderabad | Unmarried: NO","9425111652","Contact Person","Educated | NARESH KUMAR GUPTA","","Delhi","Traveling, Cricket","NO","","Duplex No 78  GULMOHAR CITY,  CITY CENTRE GWALIOR MP","1899-12-30 06:45:00","GWALIOR  MP","","","","Late Shri R S Gupta","","Dr Mahesh Gupta","No","","","","","","","","Gold","","2027-05-18 00:00:00","all","","","","",""
"migr_1779091712192_47","abhikaranjalonha@gmail.com","Approved","2024-09-08T18:14:17.789Z","Brother","Male","Unmarried","Abhikaran Jalonha","22/03/1995","5'11""","","No","Master of Arts ( political science)","Service/नौकरी","5-10lac","Katni","Katni","Gol","जालौन्या","","Bussiness","Mrs. Aruna Jalonha","Mrs. Jyoti - Late Mr. Rakesh Katare (Shahdol, MP) 
Mrs. Preeti - Mr. Brajesh Katare (Shahdol, MP)","Married: 01

Bhai-Bhabhi

Mr.Anukarana Jalonha(Training Officer In Skill Development Department M.P.Govt.)

Mrs.Archana Jalonha(Community Health Officer In M.P.Govt)","","8319053448","Contact Person","Looking for partner who is caring responsible and has balance in personal and professional life someone alike charming loving and caring nature can mingle up with family and Working in Government Service or TET Qualified | Mr. Narayan Das Jalonha","","Katni","Reeding Nobels and Playing Cricket","No","","Kanhwara, Katni, M.P.","1899-12-30 17:05:00","Katni","","","","Late Mrs. Shushila-","Late Mr. Purushottam Das Jalonha,(Ex. Deputy Director In Bihar Govt.)","Chachi-Chacha
Mrs. Mohini - Mr. Subodh Jalonha (Business) 

Mrs. Jaishree - Mr. Jagdeesh Jalonha (Senior Advocate in District Court)

Mrs. Anamika - Mr. Arun Jalonha (Business)

Mrs. Sapna (Govt. Teacher) - Mr. Chandrakant Jalonha","Mrs. Jyoti - Mr. Baijnath Bichpuriya (Patna, Bihar)","","","","","","","","Gold","","2027-05-18 00:00:00","all","","","","",""
"migr_1779091712192_49","argupta1109@gmail.com","Approved","2024-09-08T14:21:46.157Z","Brother","Male","Unmarried","Sidharth Sohane","1996-12-06 00:00:00","5'7""","","No","MBA Shri Bala ji University","Business/व्यापार","55,00,000","Balaghat","Balaghat","Bhal","सोहाने","","Business Man","Doli Sohane","Shree Vishnu Prashad Ji Barsiayan, MPRRDA","","","9424458546","Contact Person","NO | Sudhir Sohnane","","Balaghat","Travel,","Friendship","","Nehru chowk, Balashivni, 431515","1899-12-30 15:55:00","Balaghat","","","","Late Smt. Saroj Ji Sohane","Shree Suraj Prasad Ji Sohane","Manish Nidhi Sohane","Sushma Ji Khantal","","","","","","","","Gold","","2027-05-18 00:00:00","all","","","","",""
"migr_1779091712192_50","rkg311964@gmail.com","Approved","2024-09-08T13:57:25.964Z","Father","Male","Unmarried","Dr Sanchit Gupta","27/05/1994","5'9""","","Partial","B Tech, M Tech and PHD IIT Indore","Service/नौकरी","15 lac","Indore","Bhopal","Gol","इटोरिया","","Civil Engineer","Smt Sandhya Gupta","Shyam sunder, Ramkishor, Ramkumar , Deepak ,Sunil 4 Nos","Married: One","","7771868777","Contact Person","Prefer Ht 5 ft 2 inch to 5 - 7 inch and well educated | Raj Kumar Gupta","","Indore","Reading, Travel, Music","NA","","88 star home Rohit Nagar phase II Bhopal MP","1899-12-30 05:20:00","Chhindwara MP","","","","Lt MR Gupta and Lt Dhankuar","","Late Kashi Ram , Rambabu Shyam Sunder","Lt Suresh Paharia","","","","","","","","Gold","","2027-05-18 00:00:00","all","","","","",""
"migr_1779091712192_51","sg1380314@gmail.com","Approved","2024-09-04T15:25:31.623Z","Father","Female","Unmarried","Ashi Gupta","1999-08-07 00:00:00","5'2""","","No","MBA","Service/नौकरी","5 lakh","Delhi","Chhatarpur","Vachal","मोर","","Businessman","Sunita Mor","Mr. Neeraj Saravagi - 9702718917
Mr. Pankaj Saravagi","Unmarried: Akash Gupta, MBA","","9755779342","Contact Person","Working professional | Santosh kumar Mor","","Delhi","Cooking, travelling","Good in study and teaching","","Mr. Suresh Kumar Mor, Shukalana Mohalla, Chhatarpur","1899-12-30 10:45:00","Chhatarpur","","","","Late Sunder lal Mor","Shri mati Kishori Devi","Mr. Suresh Kumar Mor - 9826937068
Mr. Kamlesh Kumar Mor - 9424674870","Mr. Rajesh Rusiya, Mrs. Geeta Rusiya","","","","","","","","Gold","","2027-05-18 00:00:00","all","","","","",""
"migr_1779091712192_52","guptaashok16552@gmail.com","Approved","2024-09-03T03:45:07.549Z","Son","Male","Unmarried","ANKUSH GUPTA (Titbirasi)","1988-08-09 00:00:00","5'7""","","Partial","BE, ME, PHD","Any other/कोई और","5 Lacs","Raipur","Jabalpur","Bhal","तीतबिरासी","","Retired/ Pensioner MPSEB","Mrs Kirti Gupta, MA(pol. Sc.) from DU","Nanaji- Ram prasadji Pahariya, founder: Deepak memorial public school ,MauRanipur
District Jhansi UP","","","9826078921","Contact Person","Prefer to have technical qualifications | Ashok Kumar Gupta (Titbirasi) ,BE(civil engineering)","","Raipur","Music, Net surfing, Reading, Tourism","N A","","Sr.MIG-118,sector 4 , near Little flowers school , DDU nagar Raipur, CG , PIN - 492009","1899-12-30 21:30:00","SEONI (M P)","","","","Late Ramsewakji Titbirasi","Kasturi bai","Rajkumar Mamta Titbirasi (Gupta) Jabalpur
Vijay Kumar Titbirasi (Gupta) Jabalpur 
Arun Kumar Titbirasi(Gupta) Jabalpur","Mrs.Usha ,Shri Bankebihari Kuchya,Jabalpur 
Mrs Jyoti ,late Anil Kumar Kankane, Jabalpur 
Mrs. Kiran ,shri Deepak Nagariya, Shahdol.","","","","","","","","Gold","","2027-05-18 00:00:00","all","","","","",""
"migr_1779091712192_53","promilakuchya16@gmail.com","Approved","2024-09-01T18:36:04.649Z","Mother","Male","Unmarried","Gaurav Kuchya","14/12/1996","5'11""","","Partial","B.Tech","Business/व्यापार","Above 10 Lakh","Delhi","Delhi","Vakchil","कुचिया","","Businessman","Smt. Promila Kuchya","Shri Vinod Gupta- Smt. Veena Gupta
Shri Sanjay Gupta- Smt. Radha Gupta
Shri Rajiv Gupta- Smt. Rani Gupta
Shri Sanjeev Gupta- Smt. Manjari Gupta","Married: Nil | Unmarried: Nil","Married: Mr. Vaibhav Gahoi- Mrs.Prachi Kuchya | Unmarried: Nil","9810121164","Contact Person","Educated (Housewife) | Shri Chandrahas Kuchya,  अध्यक्ष- गहोई समाज, दिल्ली- एनसीआर","","Delhi","Traveling","NA","","Flat No. 80 Deshbandhu Society, 15 , I.P . Extension, Patparganj, Delhi-110092","1899-12-30 22:13:00","Delhi","","","","Lt. Shri Pradhu Dayal Kuchya- Lt. Smt. Mithla Devi","","Tau: Shri Shrikant Kuchya
Tai: Smt. Gayatri Kuchya
Chacha: Shri Manikanta Gupta
Chachi: Smt. Pooja Gupta","* Lt. Shri Hari Mohan Gugoriya- Smt. Shashi Gugoriya
* Lt. Shri KM Kankane- Smt. Vandana Kankane","","","","","","","","Gold","","2027-05-18 00:00:00","all","","","","",""
"migr_1779091712192_55","rg800639@gmail.com","Approved","2024-08-30T09:54:14.296Z","Self","Male","Unmarried","Rahul nigoti","14/06/1988","5'9""","","Yes","Bcom","Service/नौकरी","450000","Gwalior","Dabra","Kochhal","निगोती","","General Store","Mahima nigoti","1","Married: Nahi he | Unmarried: Nahi he","Married: 2 sister | Unmarried: No","7000439164","Contact Person","Bus aisi ho ki meri family sambhal se | Mahesh Kumar nigoti","","Gwalior","Ghoomna","Health achhi khasi se","","Prity colony balla ka dera dabra","1899-12-30 00:25:00","Dabra","","","","Nahi he","","1 tau tai hai","2 bua fufaji hai","","","","","","","","Gold","","2027-05-18 00:00:00","all","","","","",""
"migr_1779091712192_56","guptaashok16552@gmail.com","Approved","2024-08-30T09:01:12.757Z","Mother","Male","Unmarried","Ankush Gupta","1988-09-08 00:00:00","5'7""","","Partial","BE(Civil), ME (Structral Engineering), PHD","Any other/कोई और","> 5 Lac PA","Raipur","Jabalpur","Bhal","तीतबिरासी","","Retired/ Pensioner MPSEB","Smt.Kirti Gupta (Titbirasi)","Nanaji : Late shri Ramprasadji Pahariya, MauRanipur (UP)","","","9826078921","Contact Person","Preferably technical job/ Degree,  job but no seperated life | Ashok Kumar Gupta (Titbirasi)","","Raipur","Car 🚘 driving ,net Surfing, Touris ,music","N A","","Ankush Gupta , Sr. M I G - 118 Sector VI , 
Near Little Flowers School, pdt Deen Dayal Upadhyay Nagar Raipur CG PIN 492009","1899-12-30 21:30:00","Seoni  (MP)","","","","Late Shri. Ramsevakji Gupta (Titbirasi) belongs to ASHTI , district Wardha (MS).","Late Smt. Kasturi bai Gupta.","Shri Rajkumar smt .Mamta Gupta ( Retired from SBI) , Jabalpur 
Shri Vijay Kumar smt.Prabha Gupta (Retired from MPSEB) , Jabalpur 
Chachaji shri Arun Kumar smt. Neeta Gupta (provision store) , Jabalpur","Smt Usha shri Banke Bihari Gupta (Kuchyaji) Jabalpur 
Smt. Jyoti, late shri Anil Kumar Kankaneji , Jabalpur 
Smt. Kiran , shri Deepak  Nagariyaji, Shahdol","","","","","","","","Gold","","2027-05-18 00:00:00","all","","","","",""
"migr_1779091712192_57","sunilgupta.xp@gmail.com","Approved","2024-08-30T06:09:25.416Z","Father","Male","Unmarried","Karan Gupta","1995-11-11 00:00:00","5'9""","","No","B.Tech., MBA","Service/नौकरी","17 lacs","Lucknow","Lucknow","Gol","ब्रिजपुरिया","","Consultant (Information Technology)","Kalyani Gupta","Bobby","Married: None | Unmarried: None","Married: None | Unmarried: Yashi Gupta, persuing MBA from IIM Kashipur (UA)","9695214287","Contact Person","Professionally qualified and height above 160 cm | Sunil Gupta","","Lucknow","Plays badminton","Though vegetarian, takes egg","","16/287, Indira Nagar, Lucknow - UP","1899-12-30 09:01:00","Agra (UP)","","","","Sri JP Gupta","","Neeraj Gupta - Rajani Gupta, Agra","Sri Dharmendra Gupta - Ritu Gupta, Gwalior; Sri Satyendra Dengre - Richa Gupta, Katni","","","","","","","","Gold","","2027-05-18 00:00:00","all","","","","",""
"migr_1779091712192_58","mrvaibhavgupta042@gmail.com","Approved","2024-08-29T19:30:42.628Z","सम्माज","Male","Unmarried","Vaibhav Gupta","19/09/1997","5'3""","","No","12th","Service/नौकरी","2 lakh to 3lakh","Jabalpur","Jabalpur","वात्सल्य","बरसैंया","","No","Mrs Rajshree gupta","Yes","Married: No | Unmarried: No","Married: 1","7067356822","Contact Person","Beautiful ❤️ caring सादा शुद्ध विचारो बाली हो लाइफ में हमेशा पॉजिटिव  सोच रखती हो हो | Mr Ramakant gupta","","Jabalpur","Cooking","शांत स्वभाव का है ड्रिंक 🚭 नही करता हे","","Pariyat panagar Jabalpur Madhya Pradesh 483220","1899-12-30 22:35:00","Jabalpur","","","","No","","Yes","Yes","","","","","","","","Gold","","2027-05-18 00:00:00","all","","","","",""
"migr_1779091712192_59","akankshasagar1408@gmail.com","Approved","2024-08-29T01:35:01.748Z","Elder sister","Male","Unmarried","Shashiraj Seth","20/10/1991","5'7""","","No","pH.d","Service/नौकरी","500000","Auraiya","Auraiya","Seth","सेठ","","No","Mrs. Sharmishtha Seth","1","Married: No | Unmarried: No","Married: 2 | Unmarried: No","8920343039","Contact Person","Understanding | Lt.Mr Rajesh Seth","","Auraiya","Yoga","Good human being","","Behind LG Garden Auraiya UP","1899-12-30 05:07:00","Karera","","","","Lt. Catur bihari seth","","Mr Naresh seth and Sanjay Seth","Mr Krishna Gupta","","","","","","","","Gold","","2027-05-18 00:00:00","all","","","","",""
"migr_1779091712192_60","sandeepgupta.sg261@gmail.com","Approved","2024-08-28T18:07:53.746Z","Father","Male","Unmarried","Aman Gupta","1997-08-04 00:00:00","5'8""","","No","MBA","Service/नौकरी","7 Lakh","Delhi","Jhansi","Gol","सोनी","","Service","Nidhi Gupta","Shri Umesh and Vishal Neekhra","Married: No | Unmarried: One","Married: No | Unmarried: No","7570070005","Contact Person","Job oriented | Sandeep Kumar Gupta","","Delhi","Riding, travel and music","No","","8/3, 2nd floor, Bibhab Vihar Colony,
Near Ekta Police Chowki, 
Shamshabad Road, Agra","1899-12-30 13:16:00","Jhansi","","","","Shri Naval Kumar Gupta and Smt. Savitri Gupta","","Shri Sanjai Kumar/Smt.Sandhya Gupta
Shri Amitabh Naval/ Smt. Pratima Gupta","Shri Rohit Gupta/ Smt. Mily Gupta","","","","","","","","Gold","","2027-05-18 00:00:00","all","","","","",""
"migr_1779091712192_61","jeet.k.gupta001@gmail.com","Approved","2026-01-10T06:25:17.593Z","Sister","Male","Unmarried","Jitendra Kumar Gupta","24/01/1991","5'4""","","No","Masters in Commerce","Service/नौकरी","550000+","Katni","Katni","Kohil","कन्देले","Jawahar Lal Gupta","Retired and Farming","Champa Gupta","1. Anand/Kalpana Neekhara Majhagawan sihora","","Married: 1. Soniya/Anurag Gupta Bina
2. Shalini/ Atul Pahariya Katni","8305573887","Contact Person","Well Mannered, Teaching, homemaker | Well Mannered","","Katni","Playing Games, Yoga","No drinking and smoking; Pure Veg, Government Employee (UMS/varg 1 Teacher)","","Near Dr D P Sahu Adharkaap Jagmohandas Ward Katni","1899-12-30 21:45:00","Katni","","","","Late Shri Ramsahay Gupta","","7","2","","","","","","","","Gold","","2027-05-18 00:00:00","all","","","","",""
"migr_1779091712192_62","akgupta.2812@gmail.com","Approved","2024-08-28T15:37:12.252Z","Father","Female","Unmarried","Harshi Gupta","1996-02-03 00:00:00","5'1""","","Yes","M.Sc. B.ed.","Service/नौकरी","2 Lakh","Gwalior","Gwalior","Kochchhil","सावला","","Business/ Civil Engineer","Meena Gupta","Lat. Shri Santosh Sijariya/ Meena Sijariya","Married: No | Unmarried: Nivesh Kumar Gupta ( M.Tech)","Married: No | Unmarried: No","7000669010","Contact Person","Government/ Private Service with cultured family background | Anil Kumar Gupta","","Gwalior","Learning something new, Teaching, traveling, music","No","","C -1/18, SECTOR-4, VINAY NAGAR, GWALIOR","1899-12-30 05:55:00","Gwalior","","","","Late Shri Ram Baboo Gupta/","Late Smt.Vimla Devi Gupta","Hemant Kumar Gupta, / Archana Gupta (Tau& Taiji)
Sunil Kumar Gupta/Jyoti Gupta (Chacha & Chachi ji)
Arun Kumar Gupta/ Pratibha Gupta (Chacha & Chachiji)","No","","","","","","","","Gold","","2027-05-18 00:00:00","all","","","","",""
"migr_1779091712192_63","rahendragupta712@gmail.com","Approved","2024-08-28T10:04:27.000Z","Father","Male","Unmarried","Yash","1998-09-04 00:00:00","5'10""","","No","BE","Service/नौकरी","9lpa","Hyderabad","Dabra","Goal","सोनी","","Government job","Smt pushpa","Yogesh manoj seth","Married: Ankit  computer scientists | Unmarried: Nil","Married: Monika sarad Gupta | Unmarried: Nil","9827588292","Contact Person","Educated | Rajendra Soni","","Hyderabad","Movie","No","","Gwalior jhansi road Balla ka dera Dabra Gwalior","1899-12-30 01:08:00","Dabra","","","","Late Babulal soni","Ramkali","Ramprakash, Vinod Gupta","Smt Suman  Purushottam seth","","","","","","","","Gold","","2027-05-18 00:00:00","all","","","","",""
"migr_1779091712192_65","pranjalsuhane07@gmail.com","Approved","2024-08-27T06:56:25.232Z","Self","Male","Unmarried","Pranjal Suhane","30/11/1996","5'11""","","No","BE, MBA","Self-Employed/स्वनियोजित व्यापार","300000","Katni","Katni","Bhal","सुहाने","","Business","Rani suhane","Panna","Married: No | Unmarried: 1","","9993687161","Contact Person","Same | Rakesh Suhane","","Katni","Sports, reading books and learning new skills","Should be match with my vibes","","Azad Chowk, Katni","1899-12-30 08:30:00","Katni","","","","Lt. Halkelal- Lt. Shri champa devi suhane","","Katni","Jabalpur","","","","","","","","Gold","","2027-05-18 00:00:00","all","","","","",""
"migr_1779091712192_66","behreradhika@gmail.com","Approved","2026-04-16T08:26:57.853Z","Son","Male","Unmarried","Adarsh Behre","1992-12-07 00:00:00","6'5""","","Partial","BE (CS) MBA (Fin & Mktg)","Service/नौकरी","52 lac","Bengaluru","Raipur","Vachchal","बहरे","Prakash Behre","Retd. Bank Officer","Radhika Behre","Shri Sanjay Dadarya Smt. Ritu Dadarya","Married: No | Unmarried: No","Married: No | Unmarried: No","9406029090","Contact Person","Private Job | Privat Job","","Bengaluru","Photography & Travelling","No","","Avanti Vihar Raipur (CG)","1899-12-30 20:20:00","Mandla (MP)","","","","Late Shri Badri Prasad Behre & late Smt. Radha Behre","","Shri KC Behre & Smt. Kirti Behre","Late Smt. Sudha  Late LP Chhiroulya & Smt. Sharda Shri Bal Krishna Jhudele","","","","","","","","Gold","","2027-05-18 00:00:00","all","","","","",""
"migr_1779091712192_67","guptameenu031@gmail.com","Approved","2024-08-24T18:57:11.845Z","Sister","Male","Unmarried","Tarun Gupta","16/06/1998","6'3""","","No","B.com","Business/व्यापार","800000","Dabra","Dabra","Gol","बिलैया","","Registry lekhak, stamp bander","Mrs. Suman Gupta","No","Married: No | Unmarried: 1","Married: 2 | Unmarried: No","9455096816","Contact Person","My partner should be honest to me | Late Mr. Pramod Kumar Gupta","","Dabra","Travelling, watching movies","No","","Dabra","1899-12-30 12:45:00","Dabra","","","","No","","No","No","","","","","","","","Gold","","2027-05-18 00:00:00","all","","","","",""
"migr_1779091712192_68","19novgupta@gmail.com","Approved","2024-08-24T17:37:36.741Z","Father","Male","Unmarried","Prakhar Gupta","1997-07-02 00:00:00","5'11""","","No","BTech","Service/नौकरी","13 lakh","Gwalior","Gwalior","Kochhal","इन्दुरख्या","","Job in NFL GUNA","Smt Nirmala Gupta","1 Shri Mahesh khangat business  Dabra
   Smt Meera khangat
2 Lt shri Ashok Khangat business  dabra
    Smt Gayatri Khangat
3 Shri Awadhesh khangat business Dabra 
    Smt Kiran khangat","Married: No | Unmarried: 1 Twin brother","Married: No b | Unmarried: No","8319687713","Contact Person","Should mix in family  
 prefer with job | Manoj Gupta","","Gwalior","Badminton , food , pet","NA","","B-177 NFL TOWNSHIP VIJAPUR GUNA MP 473111","1899-12-30 02:40:00","Gwalior","","","","Lt shari Ashok Gupta
Smt Sheela Gupta
Shivpuri","","Shri Manish Gupta
Smt Radha Gupta
Shivpuri","1 Subhas Gupta business Gwalior
   Smt Manju Gupta
2Manish Gupta business Gwalior
  Smt Mohini Gupta","","","","","","","","Gold","","2027-05-18 00:00:00","all","","","","",""
"migr_1779091712192_69","jpg467748@gmail.com","Approved","2024-08-24T17:16:57.953Z","Father","Female","Unmarried","Neha Gupta","30/03/1989","5'4""","","No","MCA","Service/नौकरी","4 lac","Gwalior","Gwalior","Bandil","चउदा","","Retired SBI Bank","7415330847","Shri Manoj Neekhara/ smt vandna Neekhra","Married: 1 | Unmarried: 1","Married: 1","7415330847","Contact Person","Service | Jai praksh chauda","","Gwalior","Music, traveling","Good Nature 0","","180 Vijay nagar chetakpuri lashkar Gwalior 474012","1899-12-30 06:45:00","Gwalior","","","","Late Shri kashiram chauda/","Late Shri mati Santi devi chauda","Smt sheela chauda","Shri Ramshbarup Neekhra/ smt Puspa Neekhra","","","","","","","","Gold","","2027-05-18 00:00:00","all","","","","",""
"migr_1779091712192_70","alpana.naugaria1@gmail.com","Approved","2024-08-24T17:13:56.410Z","MotherAlpana Naugaria","Male","Unmarried","Chinmay Naugaria","1993-09-06 00:00:00","5'9""","","No","IIT Madras dual degree B tec M tech","Service/नौकरी","90 Lakh per annum","Patna","Patna","Bandal","नौगरैया","","Buisness","Alpana Naugaria","Mama_Alok Gupta Jabalpur
Mami_Archana Gupta
           Anurag Gupta Jabalpur
            Amita Gupta
Aashish gupta
Rashmi gupta","Married: No | Unmarried: Anmol Naugaria
Software engineer Microsoft","Married: No | Unmarried: No","7979713360","Contact Person","Job oriented | Rajkumar Naugaria","","Patna","Traveling","No","","Luxmi food products 
Guru govind Singh path
Opposite water tank
Mangle talab
Patnacity
Patna 800008
Bihar","1899-12-30 18:55:00","Patna","","","","Bimla devi","","Uncle -Sanjay kumar Chaudha
Aunt-Kavita Chaudha","Bua-Suman Pipersania
Fufaji-Vinod kumar Pipersania Gurugram
           Swati Gupta
          Virag Gupta Delhi","","","","","","","","Gold","","2027-05-18 00:00:00","all","","","","",""
"migr_1779091712193_72","ravikantgupta9@gmail.com","Approved","2024-08-21T07:31:23.280Z","Self","Male","Divorced","Ravi Kant Gupta","29/07/1990","5'8""","","No","MCA (IPS Academy Indore)","Service/नौकरी","13L","Pune","Talbehat (U.P)","Jairal","नगरिया","","NA","Mrs. Meera Devi Gupta","Mr. Santosh Gupta (Pichore)","","Married: Mrs. Rekha – Mr. Rakesh Bilaiya (Babina) 
Mrs. Vendna – Mr. Dilip Gugoriya (Datia) - 9981264365 
Mrs. Bharti – Mr. Harimohan Gupta (Delhi) 
Mrs. Priyanka – Prateek Gupta (Bhopal)","8888840108","Contact Person","NA | Late Shri Suresh Kumar Gupta","","Pune","Travle, Reading","No","","Pune (M.H)","1899-12-30 04:48:00","Talbehat (U.P)","","","","Late Smt Rampyari -","Late Shri Govind Das Gupta","Na","Na","","","","","","","","Gold","","2027-05-18 00:00:00","all","","","","",""
"migr_1779091712193_73","chaudhamahendra@gmail.com","Approved","2025-09-23T01:58:17.892Z","Father","Male","Unmarried","Rishabh Chaudha","1994-03-11 00:00:00","5'8""","","No","BE Computer Science","Service/नौकरी","50 Lakh","Chhatarpur","Chhatarpur","Badal","चऊदा","Mahendra Kumar Chaudha","Business ( Medical Agency)","Smt Sandhya Chaudha","Shri Manoj Dadarya Chhatarpur","Married: No | Unmarried: Shreyash Chaudha ( BE 3rd year)","Married: No | Unmarried: No","9827252668","Contact Person","Service in carporate sector | IT Sector or working in carporate sector","","Chhatarpur","Music & Song","No","","13/1032 Arun Marg Nehru Nagar Rewa","1899-12-30 08:00:00","Chhatarpur","","","","Late Shri Hari Dayal Chaudha 
Smt Ratti Devi Harpalpur","","Dr R K Chaudha Bhopal
Er V K Chaudha Ambikapur
Gopal Chaudha Harpalpur","Shri Sanjay Gupta Smt Sadhna Gupta Banglore 
Shri Rajesh Khard
Smt Aradhna Khard Niwari","","","","","","","","Gold","","2027-05-18 00:00:00","all","","","","",""
"migr_1779091712193_74","hmgupta.lic@gmail.com","Approved","2024-08-18T18:25:58.851Z","mama","Male","Unmarried","PRAMAN GUPTA","15/08/1995","5'10""","","No","B Tech CS","Service/नौकरी","25 - 30 lakh","Gurugram","Orai","GAGAL","गेडा","","Senior advisor general insurance Orai","Pratima Gupta","Shri Dhruv Kumar Gupta ( Business Broker & Finance, Orai)","Married: No | Unmarried: Priyanshu Gupta (Bachelor of Hotel Management, Agent Insurance)","Married: No | Unmarried: No","7007276615","Contact Person","priority for working professional(not mandatory) | PRAMOD GUPTA","","Gurugram","Poetry, Books","Kind and Considerate, Empathetic, Respectful, Family oriented","","B - 61, Gopal Ganj, Orai","1899-12-30 08:50:00","ORAI","","","","Er. Haridas Gupta( Govt approved Surveyor and Loss assessor)
Rani Devi Gupta","","Smt. Madhu Gupta(Housewife)
Shri Manoj Kumar Gupta (Business Real Estate)","Smt. Sadhna Gupta
Shri Raj Kumar Gupta (Ram Kishore Vastra Bhandar, Orai)","","","","","","","","Gold","","2027-05-18 00:00:00","all","","","","",""
"migr_1779091712193_76","shivangik216@gmail.com","Approved","2024-08-16T13:23:30.347Z","Mother","Female","Unmarried","Shivangi katare","1997-04-06 00:00:00","5'","","No","MSc, BTC, UPTET, CTET, MPTET","Any other/कोई और",".","Mauranipur","Mauranipur","Bachchhil","कटारे","","Business","Meena katare","Prem kumar gupta,Rajendra gupta (rawat)  Ait","Married: 1 - married brother | Unmarried: No","Married: No | Unmarried: 1","8303904947","Contact Person","Government jobs only...  Loving caring and supporting.. | Harishankar katare","","Mauranipur","Reading books ,teaching,","Good looking, simple girl with moral duties","","Mauranipur","1899-12-30 11:35:00","Mauranipur","","","","Late jageswar katare","","No",".","","","","","","","","Gold","","2027-05-18 00:00:00","all","","","","",""
"migr_1779091712193_77","anshul.anshul1993@gmail.com","Approved","2024-08-12T17:02:52.378Z","Relative","Male","Unmarried","Anshul gupta","1993-05-11 00:00:00","5'7""","","No","Mba","Service/नौकरी","700000","Indore","Shivpuri","Bakchal","बरसैंया","","Business","Mrs.Babli gupta","Mr. Narendra gupta (shivpuri)","Married: 1","Unmarried: 1m","9752062024","Contact Person","Na | Mr. Rakesh gupta","","Indore","Na","Na","","Vijay nagar indore","1899-12-30 21:00:00","Bamore kalan","","","","Late roshan lal gupta","","Mr.Manoj gupta ( patwari )","Mr. Arun  naugraiya ( mauranipur)
Mr. Atal seth ( bhonti )","","","","","","","","Gold","","2027-05-18 00:00:00","all","","","","",""
"migr_1779091712193_78","ravinogriya@gmail.com","Approved","2024-08-12T16:40:40.482Z","Parents","Male","Unmarried","Ravi Gupta","1991-02-11 00:00:00","5'8""","","No","B.tech (computer science engineering)","Service/नौकरी","35 lakh","Delhi","Jabalpur","Gangal","नोगरैया","","Central government employees (retired)","Sheela Nogriya","Kharya","","Married: 5","9700502595","Contact Person","Open for both working & non working | Govind Das Nogriya","","Delhi","Reading,movies, music, indoor & outdoor games","Calm & Cool No bad habits","","Delhi NCR","1899-12-30 02:20:00","Jabalpur","","","","Brindavan Nogriya","","Nogriya","Suhane","","","","","","","","Gold","","2027-05-18 00:00:00","all","","","","",""
"migr_1779091712193_79","ermukeshb62@gmail.com","Approved","2024-08-11T12:54:20.802Z","Father","Male","Unmarried","Satyam Barsainya","1994-10-10 00:00:00","5'7""","","Partial","M tech(Software engineer)","Service/नौकरी","40LPA","Pune","Pune","Vachhal","बरसैंया","","Civil Engineer (Business)","Lata M Barsainya","Archna Rusia house wife 
Ravi Rusia Business, Satna (M P)","","Unmarried: 1","8446356388","Contact Person","Working | Mukesh Barsainya","","Pune","Chess, badminton, learning new skills","No","","D-2/402, Mahalaxmi vihar, Vishrantwadi 
Pune(MS)-15","1899-12-30 10:32:00","PUNE","","","","Late Ramsevak Barsainya","Smt Radhabai Barsainya","Ruby Deepak Barsainya, Service MIT (Pune)
Deepak Barsainya (Business)(Pune)","Maya Raju Bhere Education deptt 
Raju Behre Education  deptt Durg (CG)","","","","","","","","Gold","","2027-05-18 00:00:00","all","","","","",""
"migr_1779091712193_80","nandkgupta24@gmail.com","Approved","2024-08-09T05:55:58.644Z","Father","Male","Unmarried","Nishit Vaibhav Gupta","1992-06-10 00:00:00","5'5""","","No","MBA","Business/व्यापार","20 lakh","Bhilai","Bhilai","Gol","ब्रिजपुरिया","","Industries","Nikita","Shriram Suhane Bhopal","Married: No | Unmarried: No","Married: Nitya | Unmarried: No","9425235432","Contact Person","Sharing,Caring, Family care | Nand Kishore Gupta","","Bhilai","Friends, Travel,  sports, Adventure","Descent, Caring, sensitive","","4/1 Nehru Nagar West Bhilai","1899-12-30 19:15:00","Bhilai","","","","Shyam Lal Gupta 92 years young","","Shiv Narayan Suhane Ex President Bhopal","Rama Ashok Pahariya Jabalpur","","","","","","","","Gold","","2027-05-18 00:00:00","all","","","","",""
"migr_1779091712193_81","jayati.kathal@gmail.com","Approved","2026-02-16T09:47:59.475Z","Father","Male","Unmarried","ABHISHEK KATHAL","1998-10-04 00:00:00","5'7""","","No","BE","Service/नौकरी","25lakh","Bhopal","Bhopal","Jaital","कठल","RAKESH KATHAL","RETIRED GOVERNMENT SERVICE","SMT JAYATI KATHAL","SHRI JAIPRAKASH GUPTA  SMT. PRATIBH        GUPTA SHRI DINESH GUPTA SMT GULAB GUPTA","Married: 00 | Unmarried: 00","Married: 02 | Unmarried: 00","9827668199","Contact Person","BE,MBA,OR MCA | Familiar","","Bhopal","Travel","No","","19 PRAKASH NAGAR AYODHYA BYPASS ROAD BHEL BHOPAL","1899-12-30 10:25:00","BHOPAL","","","","LT SHRI SHYAM LAL JI KATHAL LT SMT SHAKUNTALA DEVI KATHAL","","SHRI OMPRAKASH KATHAL SMT SUNITA KATHAL","LT SHRI MURLI DHAR GUPTA SMT USHA GUPTA","","","","","","","","Gold","","2027-05-18 00:00:00","all","","","","",""
"migr_1779091712193_82","ckkbhonti5666@gmail.com","Approved","2024-08-06T01:19:59.978Z","FATHER","Female","Unmarried","Chanchal Gupta","1997-04-07 00:00:00","5'2""","","Yes","BSC(MATHS), PGDCA, MPPSC(PREPARING)","Any other/कोई और","","Shivpuri","Pichhore","kasav","कसाव","","BUSINESS","Pushpa Kasav","Shri Manoj seth & Smt Vinita seth , Shri Kamlesh seth & Smt Priyanak Seth","Married: no | Unmarried: Sourabh Kasav & Sagar Kasav","Married: no | Unmarried: no","8878085185","Contact Person","Goverment job / Business | Chandrakant Kasav","","Shivpuri","Dancing","intelligent & Hardworking","","Shivpuri","1899-12-30 00:05:00","pichhore","","","","Late shri Dawarika prasad kasav & Smt shanti devi Kasav","","shri Sashikant Kasav & Late smt Rajni kasav , Shri krishnakant Kasav & Smt Deepa Kasav , Shri Ramakant Kasav & Smt Rajni Kasav","no","","","","","","","","Gold","","2027-05-18 00:00:00","all","","","","",""
"migr_1779091712193_83","guptaupendra1991@gmail.com","Approved","2026-05-18T08:08:32.193Z","Brother","Male","Unmarried","ADITYA GUPTA","1993-07-09 00:00:00","5'7""","","No","Diploma","Service/नौकरी","6 Lakhs","Lucknow","Orai","Kochhal","नीखरा","","Self-Business","Uma Gupta","Ashwani Bilaiya","Married: Upendra Kumar Gupta","","9639762587","Contact Person","Nill | Devendra Kumar Gupta","","Lucknow","Cricket, Trevlling","No","","A-155 Assotech The Nest Crossings Republik Ghaziabad","1899-12-30 01:30:00","AIT","","","","late Babu Ram Nikhra","","Ashok Gupta","Suman Geda","","","","","","","","Gold","","2027-05-18 00:00:00","all","","","","",""
"migr_1779091712193_84","siddhantsipoliya91@gmail.com","Approved","2024-08-04T17:08:55.313Z","Brother","Male","Unmarried","Sankalp Sipaulya","20/12/1991","5'9""","","Partial","Btech for RKGIT, Ghaziabad","Service/नौकरी","25 lakh","Bengaluru","Orai","Jaital","सिपौल्या","","Doctor","Sudha Gupta","Mr. Ramprakash Suhane, Kanpur
 Mr. Ramesh Suhane & Mr. Krishna Suhane, Jalaun","Married: No | Unmarried: Siddhant Sipaulya, Software Developer@ Accenture","Married: Arjita Gupta | Unmarried: No","7619360459","Contact Person","Looking for partner who is working, believes in family values and 
enjoys togetherness. | Anil Gupta","","Bengaluru","Playing Table tennis,Chess, watching movies","No","","136 Chandra Nagar Orai","1899-12-30 14:20:00","Orai","","","","Lt Shri Ghanshyam Das Gupta","","Mr. Ajay Sipaulya, Shri Ghanshyamdas Wellness, Orai (U.P.),
Mr. Manoj Sipaulya, Ghee Wale, Madhaugarh (U.P.)","Mrs. Neelam – Mr. Santosh Gupta(Union Bank of India), Gwalior
 Mrs. Sarita – Mr. Ashok Gupta(Pharmacist, Govt. Medical Hospital), M.P.","","","","","","","","Gold","","2027-05-18 00:00:00","all","","","","",""
"migr_1779091712193_85","gdevesh501@gmail.com","Approved","2025-09-07T11:10:58.931Z","Father","Male","Unmarried","KARAN GUPTA","13/01/1997","6'","","Partial","B.Tec.EC","Service/नौकरी","1200000","Delhi","Jhansi","Gagal","नोगरैया","Devesh Kumar Gupta","Chief Manager Central Bank India RO Chandni Chowk","Archana Gupta","Deepak Geda and Poonam Gupta","Married: Saket Gupta Married | Unmarried: No","Married: No | Unmarried: No","7905839202","Contact Person","In service preferable Software developer ,working at Delhi NCR | Hight min 5.4""","","Delhi","Football and Cricket","Very fair colour","","E-11 Kanta Kunj behind Vivek vihar police station jhilmil colony Shahadra New Delhi","1899-12-30 13:14:00","Jhansi","","","","Sh Sundar Lal Gupta and Aruna Devi Gupta","","Chacha Lakhan Lal Gupta and Chachi Angoori Devi Talbehat","Madhu Gupta and Shashi Gupta","","","","","","","","Gold","","2027-05-18 00:00:00","all","","","","",""
"migr_1779091712193_86","vinodbaihar64@gmail.com","Approved","2024-08-03T03:27:11.688Z","Son","Male","Unmarried","Aman gupta","14/08/1997","5'8""","","No","BE(civil)RGPV Bhopal","Business/व्यापार","8-10 lakh","Balaghat","Balaghat","Bhal","तीतबिलासी","","Business","Vandna","N/A","Unmarried: 1","","9479477875","Contact Person","simple/qualified/cultured | Vinod gupta","","Balaghat","No","No","","Baihar(balaghat) M.P.","1899-12-30 23:40:00","Balaghat","","","","Lt.Narayan pd.","Lt.Vidya gupta","Anoj-Anamika/Manish-Shivani","Savita-Rakesh Katare","","","","","","","","Gold","","2027-05-18 00:00:00","all","","","","",""
"migr_1779091712193_87","sg808481@gmail.com","Approved","2024-08-02T18:08:45.534Z","Self","Male","Unmarried","Kishan Gupta surya","29/08/1999","5'7""","","Yes","BSC","Self-Employed/स्वनियोजित व्यापार","1 CR","Kanpur","Kanpur","Gagile","नोगरैया","","Ritred","Kamla devi","1","Married: 1 | Unmarried: 1","Married: 4 | Unmarried: 4","8423608285","Contact Person","Keval sab ki izzat karna or maa or pita ki seva kare | Mr Ramashankar Gupta","","Kanpur","Khatu shyam ko mana","No","","Raman vihar Hanspuram naubasta kanpur nagar","1899-12-30 06:50:00","Kanpur nagar","","","","No","","6","No","","","","","","","","Gold","","2027-05-18 00:00:00","all","","","","",""
"migr_1779091712193_88","ramaknt0207gupta@gmail.com","Approved","2024-08-02T15:59:14.219Z","Father","Male","Unmarried","Abhishek Gupta","14/07/1996","5'4""","","Yes","BE computer science","Self-Employed/स्वनियोजित व्यापार","25_30 lpa","Gwalior","Gwalior","Bachchhil","कनकने","","Lecturer","Suman Gupta","Vipin vihari Gupta/ Jyoti Gupta 
Pramod Gupta/ Rani Gupta","Married: Nil | Unmarried: Nil","Married: Nil | Unmarried: Nishi Gupta MBA","9039635842","Contact Person","Nothing | Ramakant Gupta","","Gwalior","Watching Cricket, Listening Music, Traveling to Holy Places","I would like to mention one bad quality in me that is "" I am lazy person""","","C-282 Anand Nagar gwalior","1899-12-30 17:00:00","Lahar Bhind m.p","","","","Ramdas Gupta _imartidevi","","Gayatri devi / Umashankar gupta 
Meera Gupta/ Ramesh Kumar Gupta 
Rani Gupta/ Ramkumar Gupta 
Sunita Gupta/ Anil Kumar Gupta 
And Hemlata Gupta/ Shrikant Gupta","Nil","","","","","","","","Gold","","2027-05-18 00:00:00","all","","","","",""
"migr_1779091712193_89","guptahimanshu545@gmail.com","Approved","2024-08-02T14:22:45.524Z","Son","Male","Divorced","Himanshu Gupta","27/08/1988","5'6""","","No","MBA","Service/नौकरी","2000000","Kanpur","Kanpur","Vasil","सेठ","","Retired from Central Government","Smt. Uma Gupta","3","","Married: 2","9450130644","Contact Person","With Good Family Values, | Shri Rama Kant Gupta","","Kanpur","Travelling","No","","#201, Floor İİ, Shiv Prabhu Enclave, Y Block Kidwai Nagar, Next To Chandrabhal Hospital, Kanpur","1899-12-30 00:10:00","Kanpur","","","","Late Shri Laxman Das Gupta and","Late Smt. Shri Devi Gupta","3","3","","","","","","","","Gold","","2027-05-18 00:00:00","all","","","","",""
"migr_1779091712193_90","pdgupta.niwari@gmail.com","Approved","2024-08-02T13:39:51.237Z","Duator","Female","Unmarried","Poorvi","29/04/1995","5'1""","","Partial","B.tech","Service/नौकरी","22LPA","Pune","Jhansi","Kochhal","नीखरा","","Business","Archana","Smt.uma-ramkuar
Smt.rekha - ramji
Smt. Vibha- gopal ji 
Smt.parul- Lalit Mohan 
Smt. Kalpna- manoj bilaya","Married: 01 | Unmarried: 01","","9893009394","Contact Person","Private job in IT sector | Purushottam Das Gupta","","Pune","Painting & traveling","Very entelegent","","Chhoti bazariya.ward n. 12
Niwari MP","1899-12-30 22:15:00","Jhansi","","","","Late Shri Devkinandan.smt shushila","","Tauji & taiji- krishan mohan smt sudha
Swatantra smt.saroj","Mahesh smt nirmala","","","","","","","","Gold","","2027-05-18 00:00:00","all","","","","",""
"migr_1779091712193_91","priyankachoudhari72@gmail.com","Approved","2024-08-02T13:16:37.779Z","Sis","Male","Unmarried","Rahul gupta","1992-11-05 00:00:00","5'10""","","No","MBA","Service/नौकरी","12 LPA","Delhi","Datia","Kochhal","कस्तवार","","No","Sudha gupta","-","Married: No | Unmarried: No","Married: 1 | Unmarried: No","8962428679","Contact Person","Simple High thinking | Rajendra Gupta","","Delhi","-","No","","Near Anand talkies datia","1899-12-30 00:00:00","Datia","","","","Late","","-","-","","","","","","","","Gold","","2027-05-18 00:00:00","all","","","","",""
"migr_1779091712193_92","divyansh.3006@gmail.com","Approved","2024-08-02T12:46:47.862Z","Sister","Female","Unmarried","Divya Gupta","24/02/1996","5'","","No","BSc, MSc in Chemistry, Bed","Any other/कोई और","","Orai","Raipur","Vasal","कसाव","","Retd Government Employee","Sunita Gupta","Pradeep Gupta and Dileep Gupta, Gupta Machinery, Orai.","Married: Divyanshu Gupta, SCM Manager in Gurgaon | Unmarried: No","Married: No | Unmarried: No","8058577880","Contact Person","Well Educated | Sudhir Kumar Gupta","","Orai","Singing, Current afair Knowledge, reading, Traveling, Cooking","No","","Orai","1899-12-30 22:06:00","Charama (Chhattisgarh)","","","","Late Shri Rameshwar Dayal Gupta","","No","No","","","","","","","","Gold","","2027-05-18 00:00:00","all","","","","",""
"migr_1779091712193_94","dr.rngupta.maths@gmail.com","Approved","2024-07-28T16:59:04.417Z","Father","Male","Unmarried","ADVAITVA","14/05/1999","5'10""","","No","B.Tech.From VIT Vellore","Service/नौकरी","17 lakh","Gwalior","Gwalior","Gol","बिलैया","","Prof.in Govt.College.","Sunita Gupta","Dr.Ashok Gupta , bhopal","Married: Nil | Unmarried: Nil","Married: 01 | Unmarried: Nil","9893402031","Contact Person","Well educated and cultured | Dr.R.N.Gupta","","Gwalior","Tennis and reading.","No","","41-B, Alija Bag Colony, Gwalior","1899-12-30 00:30:00","Gwalior","","","","Late Shri N.D.Gupta","","Shri R.K.Gupta, Gwalior","Nil","","","","","","","","Gold","","2027-05-18 00:00:00","all","","","","",""
"migr_1779091712193_95","vishal614gupta@gmail.comb","Approved","2024-07-28T15:09:41.244Z","Sister","Female","Unmarried","Priya Gupta","1993-08-12 00:00:00","5'1""","","Partial","Post Graduate in Design (NIFT)","Service/नौकरी","8 Lac","Delhi","Delhi","Gol","इटोदिया","","Central Government Employee in Doordarshan Delhi","Neelam Gupta","Shri Rakesh Gandhi
Shri Ramakant Gandhi
Shri Umakant Gandhi","Married: NO | Unmarried: Younger Brother: Yash Gupta
Working as Software Engineer in Birla Soft, Hyderabad","Married: No | Unmarried: Younger Sister: Riya Gupta
Working as Sourcing Merchant in Positex Private Limited, New Delhi","7982093546","Contact Person","Well Professional & Familiar | Uday Chandra Gupta","","Delhi","Interest in Art & Craft","No","","D1/10, Radio Colony, Kingsway Camp, Delhi 110009","1899-12-30 07:30:00","Orai","","","","Late Shri Nathuram Gupta","Late Shri Krishna Gupta","Shri Krishna Chandra Gupta & Smt. Kamla Gupta
Lt. Shri Vijay Chandra Gupta & Smt. Ranjana Gupta
Shri Pratap Chandra Gupta & Smt. Sarita Gupta","Late Shri Rajendra Gupta
Late Smt. Sunita Gupta","","","","","","","","Gold","","2027-05-18 00:00:00","all","","","","",""
"migr_1779091712193_96","rgrock90@gmail.com","Approved","2024-07-22T00:57:23.972Z","Self","Male","Unmarried","Rohit Gupta","1990-04-11 00:00:00","5'8""","","No","BE","Service/नौकरी","8 Lacs","Sagar","Sagar","कोछल","कस्तवार","","He was Revenue Inspector.","Smt Mamta Gupta","1","","Married: Mrs Richa W/O Mr Sanjay Nagaria | Unmarried: Ms. Manjisha Gupta","7913010591","Contact Person","Well educated and Family oriented | Late Rambabu Gupta","","Sagar","Listening 🎧 Music, walking, gardening","NA","","Banda,Sagar, Madhya Pradesh","1899-12-30 03:00:00","Banda,Sagar, Madhya Pradesh","","","","They passed away","","1","2","","","","","","","","Gold","","2027-05-18 00:00:00","all","","","","",""
"migr_1779091712193_97","shreshtha1811@gmail.com","Approved","2024-07-21T18:31:29.178Z","Daughter","Female","Unmarried","Shreya naugraiya ( gupta )","18/11/1998","5'2""","","No","B.tect (CS) Gyan Ganga college of technology","Service/नौकरी","5000010","Pune","Jabalpur","Gangal","नौगरैया","","Business","Dolly naughraiya","Sanjay trisoliya
Ajay trisoliya 
(Katni)","Married: No | Unmarried: No","Married: No | Unmarried: Younger sister","9329484373","Contact Person","Employed in service sector | Ajay kumar naugaraiya","","Pune",".",".","","New jagdamba colony shiv nagar road near vatsala paradise jabalpur","1899-12-30 11:42:00","Jabalpur","","","","Shri Indra kumar naugaraiya- late shrimati kashi naugaraiya","","Sanjay naugaraiya - mamta naugaraiya","Arun- manju marele (shahdol)
Rajesh- meena rawat ( bhopal)
Anil- abha badoniya ( jabalpur)","","","","","","","","Gold","","2027-05-18 00:00:00","all","","","","",""
"migr_1779091712193_98","himanshi9452@gmail.com","Approved","2024-07-21T07:29:04.536Z","Father","Male","Unmarried","Himanshu Sarawagi","14/01/1998","5'7""","","Partial","B SC. MATHS","Service/नौकरी","7 -10 Lakh","Lucknow","Jhansi","Bashal","सरावगी","","Business","Asha Saraogi","Raju Kuchiya","Married: No | Unmarried: No","Married: No | Unmarried: No","9956882347","Contact Person","No | Sushil Gupta","","Lucknow","No","No","","Datia gate Bahar nakta chaupda ke pichhe jhansi","1899-12-30 11:10:00","Jhansi","","","","No","","No","No","","","","","","","","Gold","","2027-05-18 00:00:00","all","","","","",""
"migr_1779091712193_99","upmagupta78@gmail.com","Approved","2024-07-20T11:52:00.125Z","Mother","Female","Unmarried","Datri Neekhra","1995-08-01 00:00:00","5'2""","","No","MBBS","Service/नौकरी","14 lpa","Jabalpur","Jabalpur","Kochal","नीखरा","","Govt. Employee","Upma Gupta","Upkar/ Utkal","Married: 1 | Unmarried: None","Married: None | Unmarried: None","9424957429","Contact Person","None | Rajesh Gupta","","Jabalpur","Reading","Well cultured","","Jabalpur","1899-12-30 16:27:00","Jabalpur","","","","Hemraj Gupta","","Vinod Gupta /Ruchi Gupta","Rakesh Gupta/Anita Gupta","","","","","","","","Gold","","2027-05-18 00:00:00","all","","","","",""
"migr_1779091712193_101","guptaaarchi20@gmail.com","Approved","2024-07-16T16:09:09.772Z","Daughter","Female","Unmarried","Sanjana Gupta","15/10/1998","5'6""","","No","MBA (finance)","Servicñe/नौकरी","3 LPA to 4 LPA","Indore","Pipariya (hoshangabad)","Gangal n","नौगरैया","","Businessman","Mrs Sarita Gupta","Mr Sanjay Lohiya (Bhopal)
Mrs Rakhi Lohiya 


Mr Amit Lohiya (Bhopal)
Mrs Reena Lohiya


Mr Samit Lohiya (Mumbai)
Mrs Uma Lohiya","Married: None | Unmarried: None","Married: None | Unmarried: Aarchi Gupta (Engineer)","9301220813","Contact Person","Person should be family oriented,open minded and caring as well as loves travelling | Mr Pradeep Gupta","","Indore","Sketching, dancing","Family oriented, ambitious, hardworking - good qualities","","Sandiya road Pipariya (Hoshangabad)","1899-12-30 01:08:00","Pipariya (hoshangabad)","","","","Lt. Mr Suresh Chandra Gupta
Lt. Mrs Rama Gupta","","Chacha - Mr Prakher Gupta (Businessman)
Chachi - Mrs Anita Gupta  (Homemaker)","Mr Ajay Gupta (Sagar)
Mrs Pragya Gupta 
 

Mr Prakash Rusia (Saikheda)
Mrs Pratibha Rusia


Lt. Mr Mukesh Malani (Indore)
Mrs Pramila Malani","","","","","","","","Gold","","2027-05-18 00:00:00","all","","","","",""
"migr_1779091712193_102","ag8109994251@gmail.com","Approved","2024-07-16T15:36:16.276Z","BROTHER","Female","Unmarried","Vaishali gupta","13/09/1998","5'5""","","Partial","10th,12th DMLT,B.SC,M.SC","Service/नौकरी","2.5Ln","Bhopal","Bhopal","गागल","नौगरैया","","Gupta sweets & namkeen center","Mrs pushpa gupta","Mr kamlesh ranjana gupta
Mr Manish shusma gupta","Married: Mr Anand gupta 
Mrs Sonam gupta | Unmarried: No","Married: Smt khusboo gupta 
Shri pradeep gupta | Unmarried: No","9669313305","Contact Person","No | Mr.prakash Chandra gupta","","Bhopal","No","No","","HN 18 ST NO 3 RISHALDAR COLONY CHOLA NAKA GANESH MANDIR BHOPAL MADHYA PRADESH","1899-12-30 13:20:00","भोपाल","","","","Late Shri nathulal gupta","Late Mrs kamla bai","Mr.BANSILAL GUPTA
MRS INDRA GUPTA","1 MR.RAMBABU KALPANA GUPTA
2 MR. PRADOSH RAJKUMARI GUPTA   
3 MR. JAGDISH SHOBHA GUPTA
4 MR. GOVIND DAS SHYAMA GUPTA 
5 MR. SATYNARAYAN ASHA GUPTA
6 MR. NANDKISHORE ARCHNA GUPTA
7 MR. SATYNARAYAN SAROJ GUPTA","","","","","","","","Gold","","2027-05-18 00:00:00","all","","","","",""
"migr_1779091712193_103","rkgpatra@gmail.com","Approved","2026-05-09T16:07:45.268Z","Father","Male","Unmarried","Shailendra Gupta","1991-12-03 00:00:00","5'9""","","No","B.E., RKDF College - RGPV, Bhopal","Service/नौकरी","25-30 LPA","Gurugram","Jhansi","Kauchhal","नीखरा","Shri Dinesh Kumar Gupta","Retd. Assistant Engineer, Govt. Service, UPPCL","Meera Gupta","Smt. Vidya Gupta ~ Lt. Sh. Prakash Chandra Gupta, Retd. Agriculture Dept., Allahabad. 
Lt. Sh. Rajendra Gupta, Teaching Dept., Sitapur, Lucknow.
Smt. Bhawna Gupta ~ Sh. Prem Chandra Gupta, Commandant, C.R.P.F., Gwalior
Smt. Manju Gupta ~ Sh. Santosh Gupta, Business, Jhansi","Married: Swati Gupta ~ Ravindra Gupta - Elder - Manager, Deloitte India, Noida | Unmarried: No","Married: No | Unmarried: No","9717565960","Contact Person","Please change photo. Latest photo uploaded in Payment receipt section | Working Professional","","Gurugram","Music, Movies, Travelling","No","","Flat M-102, Block B-10, Shalimar Garden Extn-2, Sahibabad, Ghaziabad, 201005, U.P.","1899-12-30 07:00:00","Parichha, Jhansi","","","","Lt Sh Kishori Sharan Neekhra - Lt Smt. Bhagwati Devi","","No","No","","","","","","","","Gold","","2027-05-18 00:00:00","all","","","","",""
"migr_1779091712193_104","mbaderia@gmail.com","Approved","2024-07-14T11:56:58.084Z","Father","Male","Unmarried","PIYUSH BADERIA","1996-07-03 00:00:00","6'","","Yes","B.Tech (UPES DEHRADUN COMPUTER SCIENCE)","Service/नौकरी","62 lakhs","Bangalore","Jabalpur","GOL","बड़ेरिया","","LIC (Administrative officer)","Krishna Baderia","1. Shri Gyanendra Rawat / Smt Manju Rawat
2. Shri Anoop Rawat / Smt Shashi Rawat
3. Shri Neeraj Rawat / Smt Anita Rawat","Unmarried: Palash Baderia (4th year B.Tech, IIIT Lucknow)","","9424328408","Contact Person","Software Engineer (IT) | Mukesh Baderia","","Bangalore","Reading and traveling","NA","","15/A, janki awasiya parisar, janki nagar, near MR4 road, Jabalpur, M.P.","1899-12-30 08:00:00","Jabalpur","","","","Late Shri Durga Prasad Baderia /","Late Smt Geeta Baderia","Shri Rakesh Baderia / Smt Meera Baderia","1. Smt Jyoti Gupta / Late Shri Netram Gupta
2. Smt Sandhya Kharya / Shri Satish kumar Kharya
3. Smt Vandana Gupta / Shri Rajesh Gupta","","","","","","","","Gold","","2027-05-18 00:00:00","all","","","","",""
"migr_1779091712193_106","jptextileagency@gmail.com","Approved","2024-07-10T11:46:10.774Z","Father","Female","Divorced","Himanshi Gupta","25/09/1994","5'1""","","No","MBA","Service/नौकरी","10,00,000","Gwalior","Gwalior","Gol","ब्रिजपुरिया","","Business","Usha Gupta","Sunil - Geeta Naugraiya","Married: 1 elder married brother | Unmarried: 1 young unmarried brother","Married: No sister | Unmarried: No sister","7771068999","Contact Person","No bad habits | Jagdish Gupta","","Gwalior","Traveling","Family person","","Shree shyam apartment, Taraganj, Gwalior","1899-12-30 10:05:00","Gwalior","","","","Late Shri Ram Sevak Vijpuriya","","Tauji - Rajendra - Uma Vijpuriya
Chachaji - Dinesh - Shobha Vijpuriya","Suresh - Anita Viswari","","","","","","","","Gold","","2027-05-18 00:00:00","all","","","","",""
"migr_1779091712193_107","rashmibadoniya1031@gmail.com","Approved","2024-07-10T11:14:45.963Z","Mother","Male","Unmarried","Gaurav rajdeep badoniya","25/05/1993","5'9""","","No","BBA","Self-Employed/स्वनियोजित व्यापार","10-15 lakhs","Amravati  maharashtra","Amravati  maharashtra","Vachhal","बड़ोन्या","","Business","Rashmi","Rajesh and Anjana Gupta shahdol","","Married: 1","8668844812","Contact Person","Someone who respect elders and love childerns excellent work life balance passionate about there career and personal life open minded and willing to explore new things in life | Rajdeep badoniya","","Amravati  maharashtra","Photography ,travelling,spritual,Journalling,Nature walks and hiking,music,and explore new things,following my rituals  and update my lifestyle","Trust ,compassion,strength,kindness,reliability and Respect and following my rituals","","Inside jawahar career near central bank of india  amravati","1899-12-30 11:15:00","Amravati  maharashtra","","","","Satyanarayan and sushila Badoniya","","Amardeep and pooja Badoniya","Kailash and Asha pahariya Bhopal 
Rakesh and Archana suhane Raipur","","","","","","","","Gold","","2027-05-18 00:00:00","all","","","","",""
"migr_1779091712193_108","neerajgupta831@gmail.com","Approved","2024-07-08T01:02:36.959Z","Self","Male","Divorced","Niraj Gupta","22/05/1989","5'2""","","No","M com","Service/नौकरी","5 lakh","Jhansi","Jhansi","Gol","सिजरिया","","Textile","Madhuri Rakesh Gupta","Balram Gupta businessman","Married: No | Unmarried: Single","Married: 2 sister married | Unmarried: No","7405850002","Contact Person","Can understand me | Rakesh Gupta","","Jhansi","Listen music and movies","Caring and loving person","","E3 304 L N PARK APT BHATHENA SURAT","1899-12-30 11:26:00","Jhansi UP","","","","Babulal Gupta","","Rajendra Kumar Gupta govt teacher at niwari","Ramlakhan Gupta businessman","","","","","","","","Gold","","2027-05-18 00:00:00","all","","","","",""
"migr_1779091712193_110","shubhamrawat.rawat@gmail.com","Approved","2024-07-06T11:07:51.108Z","Sister in law","Female","Divorced","Chandsi Gupta","24/08/1994","5'4''","","No","Bachelor of Engineering","Service/नौकरी","1500000","Gwalior","Gwalior","Vakshal","बरसैंया","","Business","Usha Barsaiya","Rajendra Prasad Soni- Asha devi, Virendra Soni - Sarita Soni, Arvind Kumar Soni - Seema Soni","Married: no | Unmarried: Ayush Barsaiya (Deputy Manager)","Married: Anshi Gupta - Shubham Rawat (Software Engineer at Chegg Inc.) | Unmarried: no","9713665001","Contact Person","-- | Anil Barsaiya","","Gwalior","Travelling new places","no","","House No-1, Model Town, Behind Disha mention multi, Shree Ram Colony, lashkar, Gwalior","1899-12-30 18:15:00","Lahar","","","","Late. Kishanlal Barsaiya - late. Shanti devi","","Suresh Barsaiya - Saroj Barsaiya","Late. Radhacharan Sawla - Sheela Sawla, Bharatlal Gupta - Manorama Gupta","","","","","","","","Gold","","2027-05-18 00:00:00","all","","","","",""
"migr_1779091712193_111","kkreja80@gmail.com","Approved","2024-07-06T09:19:00.563Z","Self","Male","Unmarried","Krishna Kant Reja Gupta","1984-05-05 00:00:00","5'6""","","No","BSC Boi,B.Pharma","Service/नौकरी","6lacks","Bangalore","KONCH","Vatsal","रेजा","","Business","Smt.Sheela Reja","Dr.Abhidesh Nikhra,Meenakshi Nikhra","Married: Shri Ravi Kant Reja, Soumya Reja | Unmarried: No","Married: Pooja Gupta, Shashi kant Gupta 
Priti Gupta, Rahul Gupta | Unmarried: No","9569151300","Contact Person","Loyal Honest | Late Shri Ram kishor Reja Gupta","","Bangalore","Travelling","Job","","Falt,No-104,MAHA Laxmi  Apartment,Near Mushkan Hospital,ROXY Pool,GWALIOR-474001 M.P. Mobile Number 09415924485","1899-12-30 10:10:00","KONCH","","","","Late Shri Radheshyam Reja","Late Shri Bhagwati Devi","Shri Virendra Reja,MeenaReja
Late shri Rakesh Reja,Sunita Reja","Shri Kishan Das Barsaiya,Saroj
Late Shri Dr.S.K.Chouda,Kanti","","","","","","","","Gold","","2027-05-18 00:00:00","all","","","","",""
"migr_1779091712193_114","titvilashiayush@gmail.com","Approved","2024-07-02T17:30:53.281Z","Father","Male","Unmarried","Ayush Gupta","14/11/1996","5'7""","","No","B.E/B.Tech","Service/नौकरी","1000000","Noida","Jalaun","Bhal","तीतबिलासी","","Grain Merchant","Sadhana Gupta","Lt. Ram Das Gupta/Ramshree Gupta","Married: Rajnish Gupta - Sr. Software Engineer in HCL Technology
Manish Gupta - Branch Manager in CSB Bank | Unmarried: N/A","Married: N/A | Unmarried: N/A","9450291645","Contact Person","Simple and good looking | Ram Mohan Gupta","","Noida","Watching movies, Travelling","N/A","","709, Neelgiri Apartment, Kaushambi, Ghaziabad, U.P., 201010","1899-12-30 05:00:00","Konch","","","","Lt. Ram Swaroop Titvilasi","Lt. Triveni Gupta","Shyam Mohan Gupta/Rekha Gupta","Uma Gupta/Mahaveer Sharan Gupta","","","","","","","","Gold","","2027-05-18 00:00:00","all","","","","",""
"migr_1779091712193_117","anirudhbsons@gmail.com","Approved","2024-06-29T06:42:17.887Z","Wife's Brother","Male","Unmarried","Satyam Gupta","13/04/1997","5'1""","","No","B.com (Final)","Service/नौकरी","325000","Bhind","Bhind","Jaital","सेठ","","Pvt. Job","Smt. Usha Seth","Shri Ramnarayan / Smt. Premlata Dengre (Lahar)
Shri Ramesh Chandra / Smt Meena Dengre  (Gwalior)","Married: No | Unmarried: No","Married: Smt. Aarti / Mayank kurele (Jalone)
Smt. Rekha / Anand Seth (Indore)
Smt. Seeta / Anirudh Lahariya (Gwalior) | Unmarried: Ku. Kanchan Gupta","8317089316","Contact Person","House wife | Shri Bhajan Lal Seth","","Bhind","Watching cricket and Movie","No","","Sadar Bazar, Itayli Gate, Gohad, Bhind","1899-12-30 11:25:00","Gohad","","","","Grand Father","Late Shri Munnalal Seth
Grand Mother smt. Sheela","Chacha Ji Shri Ghanshyam Das Seth
Chachi Ji Smt Janki","Shri Shivkumar / Smt Pratibha Amoriya (Gwalior)
Shri Anil / Smt Mamta Gupta (Dabra)","","","","","","","","Gold","","2027-05-18 00:00:00","all","","","","",""
"migr_1779091712193_119","deepmalasoni750@gmail.com","Approved","2024-06-28T14:59:21.544Z","Parents","Male","Unmarried","Harshdeep gupta","18/01/1995","5'8""","","Yes","Msc in Analytical chemistry","Service/नौकरी","8.5lpa","Gurugram","Orai","Wachchal","सहदेले","","Retired","Usha Gupta","Mahesh - Madhu Neekhra
Rajesh - Uttara Neekhra","Married: 2","","7985611215","Contact Person","Understandable and can be with collective family | Narottam das gupta","","Gurugram","Traveling, watching movies","No","","2770/1 infront of videh vatika lane Indira nagar orai(jalaun) 285001","1899-12-30 04:00:00","Orai","","","","Lt moolchand - Pista gupta","","Lt rajendra gupta, dheerendra gupta","5 bua and fufa ji","","","","","","","","Gold","","2027-05-18 00:00:00","all","","","","",""
"migr_1779091712193_121","guptarahul.mg1986@gmail.com","Approved","2024-06-28T14:03:11.832Z","Relative","Male","Unmarried","Rahul gupta","31/10/1990","5'1""","","Partial","M. Com","Any other/कोई और","200000","Datia","Datia","Gagal","गेडा","","No","Meera","Ramnivas, ramkumar, krishan kumar","Married: No | Unmarried: 01 mayank","Married: Deepti arvind gupta | Unmarried: 01 prachi","9981925136","Contact Person","Family oriented | Late hari shankar gupta","","Datia","Traveling","No","","Bhander Chungi Datia","1899-12-30 06:35:00","Datia","","","","Late Raghuveer sharan geda","","Late ambika prasad","Rati Jagdish soni","","","","","","","","Gold","","2027-05-18 00:00:00","all","","","","",""
"migr_1779091712193_122","satishgupta520@gmail.com","Approved","2024-06-28T12:59:50.393Z","Brother","Male","Unmarried","Satish gupta","1989-07-07 00:00:00","5'8""","","No","B.com","Business/व्यापार","600000","Bhopal","Chhindwara","Gol","सोनी","","Ret wcl","Lat Kamla Gupta","Satyanarayan Rawat","Married: 1","Married: 2","9407011690","Contact Person","Simple | Madan lal gupta","","Bhopal","Cricket","No","","Bhopal","1899-12-30 23:45:00","Chhindwara","","","","Lat","","Shiv Kumar Soni","No","","","","","","","","Gold","","2027-05-18 00:00:00","all","","","","",""
"migr_1779091712193_123","kantguptakrishna3@gmail.com","Approved","2024-06-28T12:56:11.167Z","Father","Female","Unmarried","Sanchita","29/01/1996","5'1""","","No","B.Design (product design)","Service/नौकरी","50LPA","Jabalpur","Jabalpur","Vachhal","बरसैंया","","Retd. SDO (.RES )civil engineer M.P.State govt.","Smt. Santoshi Gupta","Vinod nikhra Dabra","Married: No | Unmarried: 1","Married: No | Unmarried: No","9425861261","Contact Person","Hydrabad OR banglore location | Krishna kant Gupta","","Jabalpur","Travelling , watching moovie","No","","Nepier Town jabalpur M.P.","1899-12-30 04:15:00","Jabalpur","","","","स्व. श्याम लाल जी बरसैयां","","L. K. Gupta Read.SDO forest Bhopal","Ashok gupta Retd.A.E.PHE vardha","","","","","","","","Gold","","2027-05-18 00:00:00","all","","","","",""
"migr_1779091712193_124","kantguptakrishna3@gmail.com","Approved","2024-06-28T12:31:08.368Z","Father","Male","Unmarried","Sanket","27/08/1993","5'7""","","Partial","M.Sc.(engineering CS)","Service/नौकरी","60LPA","Jabalpur","Jabalpur","Vachhal","बरसैंया","","Retd. S.D.O. (R. E.S.) civil engineer M.P. state govt.","Smt. Santoshi Gupta","Vinod nikhra dabra GWL","Married: No | Unmarried: No","Married: No | Unmarried: 1","9425861261","Contact Person","1-2 वर्ष फ़्रंकफ़र्ट में जॉब , उसके पश्चात इंडिया वापिस होना | Krishna Kant Gupta","","Jabalpur","Travelling , watching moovie","No","","Nepier Town jabalpur ( M.P.)","1899-12-30 20:30:00","Jabalpur","","","","स्व. श्याम लाल जी बरसैयां","","L. K. Gupta Retd.SDO forest Bhopal","Ashok Gupta Read. A.E. PHE vardha","","","","","","","","Gold","","2027-05-18 00:00:00","all","","","","",""
"migr_1779091712193_126","sandhyareja21@gmail.com","Approved","2024-06-26T12:38:02.763Z","Daughter","Female","Unmarried","Swati Reja","1994-10-12 00:00:00","5'3""","","No","M Tech","Service/नौकरी","16 lakhs","Bangalore","Bhopal","Vaser","रेजा","","Buisness","Sandhya Reja","Sunil Gupta IFS service Hyderabad","Married: No | Unmarried: No","Married: No | Unmarried: Shruti Reja","9301342132","Contact Person","Job in metro city | Govind Reja","","Bangalore","Reading books, travelling,","Good looking","","Makroniya Sagar","1899-12-30 13:15:00","Bhopal","","","","Late Shri sunder lal Reja","- Smt Shanti devi","All are settled","Sanjay kaithal - Rakhi Jabalpur","","","","","","","","Gold","","2027-05-18 00:00:00","all","","","","",""
"migr_1779091712193_127","kishorkaushal492@gmail.com","Approved","2024-06-24T16:39:57.858Z","Self","Male","Divorced","Kaushal Kishor Gupta","29/07/1981","6'","","No","MA,. Llb","Self-Employed/स्वनियोजित व्यापार","4 Lakh","Jhansi","Jhansi","Bandil","बरहा","","Shopkeeper","Late.Smt.Vedbati Gupta","1","Married: 3","","9795735784","Contact Person","Should be good in nature..Literate or illiterate...No.. Matter | Late.Mr.Rameshwar Prasad Gupta","","Jhansi","Gardning","No","","Village.Heerapur Post..Budpura Dist..Jhansi UP","1899-12-30 07:07:00","Banana Cantt","","","","Late","","2","1","","","","","","","","Gold","","2027-05-18 00:00:00","all","","","","",""
"migr_1779091712194_128","mayabilaiya@gmail.com","Approved","2024-06-22T08:12:05.398Z","Sister","Male","Unmarried","Sundaram Raj Bilaiya","22/07/1995","5'6""","","Partial","B.com.","Business/व्यापार","10lakh Above","Dindori","Dindori","Gol","बिलैया","","Business","Smt. Maya Bilaiya","Shri Ashok Rajkumar Kharya","Married: 1 | Unmarried: 1","Married: 2","9425349565","Contact Person","Homemaker | Late Shri Rajaram Bilaiya","","Dindori","Outing","No","","72/1 wardno.-4 main Road Dindori","1899-12-30 12:00:00","Dindori","","","","Late Shri Nathuram ramkali Bilaiya","","Shri Ramchandra Bilaiya","Late Shridevi","","","","","","","","Gold","","2027-05-18 00:00:00","all","","","","",""
"migr_1779091712194_130","ykguptachh@gmail.com","Approved","2024-06-19T06:02:56.962Z","Father - Yogendra Kumar Gupta","Female","Unmarried","Yamini Chhirolia","15/05/1996","5'2""","","No","BSc, LLB","Any other/कोई और",",,","Chhatarpur","Chhatarpur","Gol","छिरोल्या","","Govt Employee","Sumita Gupta","Late Arvind Kathil Mauranipur 
Late Rajiv Kathil Mauranipur","Married: No Brother | Unmarried: No Brother","Married: Anushka | Unmarried: Persuing MBBS","9926236235","Contact Person","Well qualified, self dependent | Yogendra Kumar Gupta","","Chhatarpur","Cooking, Gardening","No","","G-3 Govt Quarter Dera Pahari, Irrigation Colony Road, Chhatarpur MP","1899-12-30 23:55:00","Chhatarpur","","","","Late Shri G N Gupta","Smt Karuna Gupta","Somesh Chhirolia","Kamna/Shri L N Nograiya Bhind, Jagrati/Shri K C Nikhra Jhansi,
Jyoti/Shri Abhay Behare Indore
Kumud/Shri Sunil Chapara Lucknow","","","","","","","","Gold","","2027-05-18 00:00:00","all","","","","",""
"migr_1779091712194_132","avadheshgupta14@gmail.com","Approved","2024-06-18T04:04:58.718Z","Mahes gupta","Male","Unmarried","Mahesh gupta","25/06/1987","5'3""","","No","ग्रेजुएट","Service/नौकरी","9lac","Orai","Orai","Kochchal","खरया","","No","Smt santosh gupta","3 mama","Married: Avadhesh | Unmarried: Married","Married: 2 dister | Unmarried: Married","9045589742","Contact Person","Koi khash nhi | Late ompraksh gupta","","Orai","Koi khash nhi","Goodnatur","","Govindpuri modinagar","1899-12-30 01:15:00","Orai","","","","Late kashinath kharta/","Late  kesar bai kharya","3 tau chacha","2 bua fufa","","","","","","","","Gold","","2027-05-18 00:00:00","all","","","","",""
"migr_1779091712194_133","dileepgupta171991@gmail.com","Approved","2024-06-17T17:10:06.872Z","Self","Male","Unmarried","Dileep Kumar Gupta","17/10/1991","5'8""","","No","B.com and iti","Self-Employed/स्वनियोजित व्यापार","2lakh above","Jabalpur","Jabalpur","Vatsala","मोर","","Agriculture","Madhuri gupta","Shri denesh nugariya - smt. Geeta nugariya
Shri Mahesh nugariya - late smt. Geeta nugariya","Unmarried: 1","Married: 3","6263855314","Contact Person","Good and understanding | Tulsiram Gupta","","Jabalpur","Garding and travelling","No","","House No. 1062 , ward no. 17, tehsil - sihora, district - Jabalpur, state - Madhya Pradesh , pin code - 483334","1899-12-30 06:30:00","Jabalpur","","","","Late: Mahendra pal Gupta","Late: Jamuna gupta","0","Smt. Sushma baderiya sihora
Smt. Sudha kankane chandrapur
Smt. Sashi kathal Jabalpur
Shri giridhari lal tapa - smt. Shivkumari tapa gadarwara
Shri shalish gahoi - smt. Meena gahoi bhopal","","","","","","","","Gold","","2027-05-18 00:00:00","all","","","","",""
"migr_1779091712194_135","jankisushma@gmail.com","Approved","2024-06-12T04:27:52.200Z","पुत्र","Male","Unmarried","आयुष गुप्ता","19/01/1997","5'7""","","Partial","M.C.A.","Service/नौकरी","13,00,000","Indore","Indore","बासिल","कुचिया","","Ret. (M.P. Police)","सुषमा गुप्ता","स्व रामबाबू कंथरीया 
माधुरी कंथरीया ग्वालियर 
मोहन कंथरीया
दीपा  कंथरीया ग्वालियर 
मुकेश कंथरीया
स्व ममता कंथरीया ग्वालियर","Married: No | Unmarried: No","Married: No | Unmarried: No","9575692454","Contact Person","गुड़वान | रमेश चंद्र गुप्ता","","Indore","Cricket, listening song,walking,cooking","No","","139 b mayur nagar main road musakhedi 
Gali no 10 indore","1899-12-30 08:39:00","डबरा","","","","स्व. गयाप्रसाद गुप्ता","","राकेश गुप्ता 
किरण गुप्ता डबरा 
दीपक गुप्ता
भारती गुप्ता डबरा 
मनीष गुप्ता
माधुरी गुप्ता डबरा 
संतोष गुप्ता डबरा 
अनीता गुप्ता डबरा","राजकुमार निगोतिया 
मीना निगोतिया डबरा","","","","","","","","Gold","","2027-05-18 00:00:00","all","","","","",""
"migr_1779091712194_137","sohane.rk@gmail.com","Approved","2024-06-11T05:51:04.735Z","SON","Male","Unmarried","MANIKYA SOHANE","1998-06-05 00:00:00","5'10""","","No","B tech MITS GWALIOR","Service/नौकरी","10 Lakh","Kanpur","Kanpur","BHAL","सोहाने","","Retired from LIC (DM Cadre)","Sneh sohane","Dr M S GUPTA & Kishori Gupta Gursarai jhansi 
Dr V S GUPTA & Vandana Gupta Jhansi 
R S GUPTA & Neelam Gupta Indore
R S GUPTA & Madhu Gupta Raipur Chhattisgarh 
Dr M S GUPTA & Dr Manisha Gupta Jhansi","Married: None | Unmarried: None","Married: Monisha & Tarun Indore MP
Nainee & Rohit katni MP | Unmarried: None","9589050250","Contact Person","Working and familier | RAJESH KUMAR SOHANE","","Kanpur","Cricket playing","Good Looking","","Flat no 101A RISHI KUTEER PLOT NO 36ED SCHEME NO 94 RING ROAD KHAJRANA INDORE MP 452016","1899-12-30 03:45:00","KANPUR UP","","","","Late L N SOHANE & SUDHA SOHANE","","R K SOHANE & SADHNA SOHANE, MAUDAHA DISTT HAMIRPUR UP
MUKESH SOHANE & RAJNI SOHANE FAIZABAD UP","ALKA & ANIL GUPTA BHOPAL
NITA & RAJIV REJA KONCH JALAUN UP","","","","","","","","Gold","","2027-05-18 00:00:00","all","","","","",""
"migr_1779091712194_140","mabwgks@gmail.com","Approved","2024-06-06T11:49:48.989Z","Niece","Female","Unmarried","Tanya Gupta","30/10/1999","5'4""","","No","B.E (IT) Engineering College, Mumbai","Service/नौकरी","10 Lakh","Mumbai","Mumbai","Gagal","नोगरैया","","Advocate in Bombay High Court","Smt.Vandana Gupta","Mamaji:  Deepak Sarawgi , Service in Big PVT. Sector Jhansi
Mausiji: Smt.Mamta Neekhra
Mausaji: Shri Atul Neekhra (Central Govt.Job, New Delhi)","Married: Cousion Brothers 3 & their Spouses:  B.E , (B-Tech IIT) 2 Brothers in USA in Software
Multinational Companies & 1 in Software Company Pune. Their Spouses are also
in Software Companies. | Unmarried: Brother (Younger) Yash Gupta B.E (Computer Science) Engineering College, Mumbai.
Job in MNC Software Company, Mumbai","Married: Cousion Sister: MCA (University Topper, Awarded by Governor)
Job in MNC Software Company, SINGAPORE
Spouse: MCA in MNC Software, SINGAPORE | Unmarried: No","9082359691","Contact Person","He should be from IT Sector | Shri Ravi Kant Gupta","","Mumbai","Tourism , Reading","Complexion: Very Fair & Slim","","Mumbai","1899-12-30 15:55:00","Mumbai","","","","Lt.Shri G.L.Nograiya (Retired Jailor)","- Lt.Smt.Shanti Devi Nograiya
Nanaji & Naniji: Lt.Shri Krishan Kumar Sarawgi (Retired Govt.Job) - Smt.Shashi Sarawgi","Shri M.D.Gupta (Retd. Manager Govt.job) - Smt.Premlata Gupta
Shri S.D.Gupta (Retd. Govt.job) - Smt.Saroj Gupta","Smt.Sandhya Gupta
Dr.K.N.Gupta (M.B.B.S , M.S) (Retd. Head of the Department, ENT) Delhi","","","","","","","","Gold","","2027-05-18 00:00:00","all","","","","",""
"migr_1779091712194_142","ag9654997720@gmail.com","Approved","2024-06-04T05:54:57.886Z","Father","Female","Unmarried","Muskan Gupta","14/12/1998","5'1""","","No","BE(ECE)","Service/नौकरी","600000","Noida","Lakhim pur","Gagal","झुड़ेले","","Service","Sarita gupta","Mr. Vivek gupta, manju gupta","Married: Single | Unmarried: Nil","Married: Single | Unmarried: Nill","9654997720","Contact Person","Job in computer line | Alok gupta","","Noida","Dancing,","Very laborious in job","","H. No. 3947ff, hausing bord colony, poket 2, sec 3 faridabad haryana","1899-12-30 14:00:00","Lakhim pur","","","","Shri let Ram autar gupta","smt saroj gupta","Shri Sanjay kumar gupta, smt smita gupta","Nil","","","","","","","","Gold","","2027-05-18 00:00:00","all","","","","",""
"migr_1779091712194_145","pinkig9621@gmail.com","Approved","2024-06-04T04:47:04.830Z","No","Female","Unmarried","Pinki gupta","20/03/1995","5'1""","","No","Bed,MA,Net qualified,","Service/नौकरी","10 lakh","Jhansi","Jhansi","Kohil","लोहिया","","Private job","Gayatri gypta","Sadhana gupta-aanand gupta nowgaon","Unmarried: 1","Married: 6 | Unmarried: 1","9621270472","Contact Person","Gov job | Rajendra kumar gupta","","Jhansi","Helping","Well educated,good nature ,","","Agra","1899-12-30 22:30:00","Chhattishgarh bastar","","","","Late.Kunjbihari gupta-late Ramrati gupta","","Santosh gupta Pratibha gupta gwalior","Geeta gupta-late vijay nograiya ranipur","","","","","","","","Gold","","2027-05-18 00:00:00","all","","","","",""
"migr_1779091712194_146","neelmani.gupta1207@gmail.com","Approved","2024-06-03T17:24:24.653Z","Son","Male","Unmarried","Sourabh Gupta","28/06/1989","5'4""","","No","B. com","Self-Employed/स्वनियोजित व्यापार","120000","Jabalpur","Jabalpur","Bachal","खैरया","","Printing","Usha gupta","Pradip varsha","Married: No brother | Unmarried: No brother","Married: Not married | Unmarried: Abhilasha gupta","9926521699","Contact Person","Mature, responsible, understanding | Neelmani Gupta","","Jabalpur","Listening song and meditation","Introvert personality","","Narshing mandir shastri bridge jabalpur","1899-12-30 18:10:00","Jabalpur","","","","No more","","L L gupta, N K gupta","3 BUA","","","","","","","","Gold","","2027-05-18 00:00:00","all","","","","",""
"migr_1779091712194_147","anandgupta11994@gmail.com","Approved","2024-06-03T15:28:21.299Z","Self","Male","Unmarried","GUPTA ANANDBHAI K","13/03/1998","5'5""","","No","B. COM","Business/व्यापार","150000","Ahmedabad","Ahmedabad","BHAL","सेठ","","Business","GUPTA SAROJ BEN K","GUPTA krishanlal khera","","Married: 2 | Unmarried: 2","9374657324","Contact Person","Self | GUPTA KRISHNAKUMAR N","","Ahmedabad","Cricket","No","","A/961 NEHAL PARK ADINATHNAGAR ODHAV AHMEDABAD","1899-12-30 02:30:00","Ahmedabad","","","","LATE NARAYANA DAS","LATE SANTI DEVI","GUPTA NARENDRA /GUPTA KALPNA","GUPTA sudama prasad","","","","","","","","Gold","","2027-05-18 00:00:00","all","","","","",""
"migr_1779091712194_148","abhishek.nbf@gmail.com","Approved","2024-05-30T20:06:27.104Z","Father","Male","Unmarried","Abhishek Gupta","1989-11-04 00:00:00","5'5""","","Partial","MBA from Pune","Service/नौकरी","6.65 Lakh","Khairagarh","Khairagarh","Koushal","ददरया","","No","Late prema dadarya","Mrs neelam dilip gupta Amravati","","","9301430833","Contact Person","Looking for loving, caring and well educated girl. We don't wish anything except this. Our son doing a good job and we are satisfied what we had. | Mr bharat dadarya","","Khairagarh","Travelling and foodie","No as such","","Khairagarh","1899-12-30 22:12:00","Khairagarh","","","","Late BL Dadarya","late kamladevi dadarya","Mrs. roli Gopal dadarya & mrs. kavita Ghanshyam dadarya","Mrs mano virendra gupta nagpur","","","","","","","","Gold","","2027-05-18 00:00:00","all","","","","",""
"migr_1779091712194_149","theoneankitgupta@gmail.com","Approved","2024-05-19T10:37:17.201Z","No","Male","Unmarried","Ankit gupta","31/10/1992","5'6""","","No","12 iti diploma","Business/व्यापार","10 lakh","Jhansi","Jhansi","Vachal","कुचिया","","Munim","Meera gupta","No","Married: No | Unmarried: No","Married: 1 | Unmarried: 1","9335026710","Contact Person","Simple and family caring | Lakhan lal gupta","","Jhansi","Movies","No","","149 panalal gola kuaa jhansi","1899-12-30 06:00:00","Jhansi","","","","No","","Gansyam das gupta","No","","","","","","","","Gold","","2027-05-18 00:00:00","all","","","","",""
"migr_1779091712194_150","r.kumargupta116@gmail.com","Approved","2024-05-19T07:38:44.530Z","पिता और पुत्री","Female","Unmarried","प्रथा गुप्ता","1995-05-04 00:00:00","5'3""","","No","B. Arch","Self-Employed/स्वनियोजित व्यापार","2-5 Lakh","कटनी","कटनी","भाल","सुहाने","","स्टेशन प्रबंधक ( रेल्वे )","श्रीमति अनुराधा गुप्ता","इं श्री शरद गुप्ता / श्रीमति भावना गुप्ता , श्री संजय गुप्ता / श्रीमति अर्चना गुप्ता झांसी श्री संदीप गुप्ता / श्रीमति अर्चना गुप्ता दमोह और श्री राजुल गुप्ता / श्रीमति नेहा गुप्ता गाडरवारा","Married: नहीं | Unmarried: नहीं","Married: नहीं | Unmarried: डॉक्टर प्रिया गुप्ता","9826837945","Contact Person","समकक्ष या उच्च शिक्षित और आत्मनिर्भर | राकेश कुमार गुप्ता","","कटनी","घूमना, संगीत सुनना और खाना बनाना","कोई नही","","अपर्णा 888 मां दुर्गा हॉस्पिटल के बगल में आदर्श कॉलोनी कटनी ( मध्य प्रदेश)","1899-12-30 10:05:00","कटनी","","","","श्रीमति गोमती देवी गुप्ता स्मृति शेष श्री ठाकुरदास गुप्ता ( शिक्षक )","","श्री सुनील कुमार / श्रीमति मीना , श्री राजेश कुमार / श्रीमति अनिता और संजय कुमार / श्रीमति प्रीति","श्रीमति सुधा नीखरा / श्री सुरेशचंद्र नीखरा और श्रीमति संगीता  चौधरी ( लोहिया ) / श्री राजेंद्र प्रसाद चौधरी ( लोहिया)","","","","","","","","Gold","","2027-05-18 00:00:00","all","","","","",""
"migr_1779091712194_152","mayankgupta101093@gmail.com","Approved","2024-05-14T16:58:04.661Z","Self","Male","Unmarried","Mayank gupta","1994-10-10 00:00:00","5'7""","","Yes","B.sc agriculture","Service/नौकरी","700000","Chhatarpur","Mahoba","Jaital","नगरिया","","Farmer","Mrs.Ramkumari","Mrs.sangeeta ,Mr.veerendra","Married: 2","","9450618939","Contact Person","No | Mr.purushottam das nagariya","","Chhatarpur","Reading books, travelling","No","","Chhatarpur","1899-12-30 05:50:00","Bagwaha","","","","Let.mr.thakur das","","0","5","","","","","","","","Gold","","2027-05-18 00:00:00","all","","","","",""
"migr_1779091712194_156","rahulrajpahariya@gmail.com","Approved","2024-05-13T08:23:54.127Z","Elder brother","Male","Unmarried","Rohit kumar","1993-11-08 00:00:00","5'7""","","Yes","LLB","Business/व्यापार","500000","Karwi","Karwi","Kucchal","पहारिया","","Spice business","Rama kanti","Kalu ram","Married: Rahul Kumar gupta","Married: Shalini gupta","6393131852","Contact Person","I m looking for simple and decent girl who serve with family I have one elder brother who was working with bank (married) we are looking simple and good nature I m running business of spice at hometown | Santosh kumar","","Karwi","Reding bookes stock create money","No","","Shankar Bazar karwi singh pur wale","1899-12-30 08:20:00","Karwi","","","","Late Darbari Lal girja devi pahariya","","Raja ram pahariya Nelamangala pahariya","Brajbhushan gainda","","","","","","","","Gold","","2027-05-18 00:00:00","all","","","","",""
"migr_1779091712194_157","ashutoshgupta.man@gmail.com","Approved","2024-05-12T11:37:59.189Z","father","Female","Unmarried","SALONI GUPTA","19/11/1997","5'8""","","Partial","B.E.(CS) MBA (marketing) IMT DUBAI","Service/नौकरी","16-18 lakh per yr.","Mumbai","Bhopal","Gol","ब्रिजपुरिया","","General Manager , District Industries center ( Govt. of MP )","Sangeeta Gupta (M.Phil)","Shri Shyam & Smt. Shashi , Shri Ashok & Smt. Deepa , Shri Santosh & Smt. Sadhna , Shri Dr. Sanjeev & Smt.  Madhu ( Bhopal ), Shri Mukesh & Smt. Geeta ( Jaipur )","Unmarried: Auurva Gupta ( B.Tech IIT Mumbai) working as software engineer in Meta U.K, Location- London .","","9424524920","Contact Person","Professionally equivalent or higher belonging to an educated family and  height at least 5'11"" should respect me & my family. Open minded. Career oriented, Preferably working in metro city. | Ashutosh Gupta","","Mumbai","photography, travelling, Painting Reading fiction ...","Jolly , pleasant & friendly nature.","","AWADHPURI  BHOPAL (  MP )","1899-12-30 10:48:00","lNDORE(M.P.)","","","","Late Keshav Das & smt. Prabhati Gupta","","NA","Smt.Geeta & shri L.L Chandaiya ( Orai), smt.Mamta& shri Pradeep (Indore), smt.Manisha  & shri Rajkumar ( Gwl.)","","","","","","","","Gold","","2027-05-18 00:00:00","all","","","","",""
"migr_1779091712194_158","jyotijhs001@gmail.com","Approved","2024-05-09T17:50:26.839Z","Relative","Male","Unmarried","Vivek Gupta","1987-11-11 00:00:00","5'7""","","No","B.A.","Business/व्यापार","500000","Jhansi","Jhansi","Kochchhal","कस्तवार","","Accountant","Mrs.Ramrati Gupta","Late. Shri Shambhu Dayal Gupta","Married: Manish Gupta | Unmarried: Sandeep Gupta","","8299432601","Contact Person","Simple and respect our family. | Mr.Om Prakash Gupta","","Jhansi","Listening music, watching cricket","No","","248/1 Inside Badagaon Gate, Jhansi (U.P.)","1899-12-30 02:58:00","Jhansi (U.P.)","","","","Late. Shri Sukhlal Gupta","","0","0","","","","","","","","Gold","","2027-05-18 00:00:00","all","","","","",""
"migr_1779091712194_159","neekharadeepali@gmail.com","Approved","2024-05-09T10:09:11.143Z","Son","Male","Unmarried","Ayush neekhara","21/10/1993","5'6""","","No","Mechanical engineering","Business/व्यापार","800000-1000000","Shivpuri","Shivpuri","Kochhal","नीखरा","","Business","Deepali neekhara","Manish kankane","Married: No brother | Unmarried: No","Married: No | Unmarried: CA Astha neekhara","9406980510","Contact Person","Educated and family oriented | Rajesh neekhara","","Shivpuri","Traveling ans listening music","No","","Pichhore, shivpuri","1899-12-30 21:50:00","Khaniyadhana shivpuri","","","","Late Shri kedarnath neekhara","","No","No","","","","","","","","Gold","","2027-05-18 00:00:00","all","","","","",""
"migr_1779091712194_160","shekhargupta0987@gmail.com","Approved","2024-05-08T07:23:33.075Z","Parents","Male","Unmarried","Shekhar Gupta","17/08/1996","5'6""","","No","B. Tech civil & M. Tech pursing","Service/नौकरी","3-4 lakh","Bhopal","Nowgong","Gol","रावत","","Business","Mrs. Prabha Gupta","Late - Mr. Ganga Prasad Gupta , Mr. Ashok Kumar Gupta, Mr. Santosh Kumar Gupta ( Superintending Engineer) (N. N. BPL)","Married: No | Unmarried: Harsh Gupta ( diploma civil ) private job Jodhpur","Married: Mrs. Shikha Gupta (private job Tata Cummins Pune) Mr. Vishnukant Gupta ( private job Hyundai Bhopal) | Unmarried: Shivangi Gupta (MBA)","9755326350","Contact Person","Job or housewife | Mr. Sundar lal gupta","","Bhopal","listening song","No","","Village Post Uboura Teh. Niwari Dist. Niwari MP","1899-12-30 00:20:00","Nowgong","","","","Mrs.-Lali devi late - Budhpraksh Rawat","","Mr. Kailash Narayan Gupta, Mr. Yasodanandan Gupta, Mr. Pramod Gupta (Govt. Teacher)","Mrs. Vidhya Mr. Suresh Mor","","","","","","2026-08-07T05:52:26.578Z","Shekhar Gupta <shekhargupta0987@gmail.com>","Gold","","2027-05-18 00:00:00","all","","","","",""
"migr_1779091712194_161","gdeepanshu23@gmail.com","Approved","2024-05-07T18:12:18.036Z","Parents","Male","Unmarried","Deepanshu Gupta","1995-12-09 00:00:00","5'6""","","No","Polytechnic Electrical engineering & B.sc, M.A","Service/नौकरी","5-6 lakh","Bhopal","Jhansi","Gagal","गेडा","","Business (kirana store)","Deepika Gupta","Rinku Nigoti","Married: No | Unmarried: No","Married: 1 | Unmarried: 1","8953610585","Contact Person","Working in Bhopal Any Job (mostly - Teaching) | Anil Kumar Gupta","","Bhopal","Study, movies, singing","No","","Saket nagar Bhopal","1899-12-30 00:05:00","Jhansi up","","","","Sh. Vimla- Ramgopal Geda","","1","2","","","","","","","","Gold","","2027-05-18 00:00:00","all","","","","",""
"migr_1779091712194_162","kanil945135@gmail.com","Approved","2026-05-18T08:08:32.194Z","Father","Male","Unmarried","Shivanshu Pahariya","30/07/1997","5'11""","","No","M.com","Business/व्यापार","700000","Banda","Banda","Koshal","पहारिया","","Business","Vandana Pahariya","Mr. Vivek itoriya and Sarita itoriya
Mr. Abhishek itoriya and Sapna itoriya","Married: Eng. Priyanshu Pahariya Job ahemdabad / Suchi Pahariya | Unmarried: Aayush Pahariya persuing B.tech","Married: None | Unmarried: None","8318742995","Contact Person","Educated and Fair | Mr.Anil Kumar Pahariya","","Banda","Reading and traveling","No","","Aliganj attarra chungi chauki Banda","1899-12-30 05:28:00","Banda","","","","Late Shree Bhgwati Prasad Pahariya and Shree Kamla gupta","","Mr. Suneel Kumar Pahariya and Nisha Pahariya",".","","","","","","","","Gold","","2027-05-18 00:00:00","all","","","","",""
"migr_1779091712194_163","saritaji73@gmail.com","Approved","2024-05-07T03:44:13.054Z","Meri beti","Female","Unmarried","Saanvi gupta","13/07/1996","5'1""","","Partial","Mba","Service/नौकरी","10 L","Gurugram","Jhansi","Gol","पहारिया","","Business man","Ekta","Mukesh gupta","Married: No | Unmarried: Yes","Married: No | Unmarried: No","8840509739","Contact Person","Job /business | Rajesh gupta","","Gurugram","Traveling","No","","199/e c. P mission compound jhansi","1899-12-30 20:50:00","Jhansi","","","","Lt","","Nil","Nil","","","","","","","","Gold","","2027-05-18 00:00:00","all","","","","",""
"migr_1779091712194_164","akguptanowgong@gmail.com","Approved","2025-09-09T06:37:19.442Z","Daughter","Female","Unmarried","Ankita Pipersaniya","23/02/1995","5'3""","","Partial","BBA(Hons),MBA","Service/नौकरी","7 Lakhs","Chhatarpur","Chhatarpur","Kauchchhal","पिपरसानिया","Arvinde Pipersaniya","Principal","Kalpana Pipersaniya","Sri Ramakant Badoniya
Smt Shushma","Married: No | Unmarried: Abhikalp Pipersaniya 
Sankalp Pipersaniya","Married: Engg. Garima Nogriya | Unmarried: No","9893823740","Contact Person","IT/Corporate Sector | Arvind Pipersaniya","","Chhatarpur","No","No","","Arvind Kumar Gupta 
Ward no. 4,  Orchha House (PWD)
Arvind Ashram Road, 
Vinod ki aara machine ke pass 
NOWGONG  District- Chhatarpur (MP)
Pin 471201","1899-12-30 16:30:00","Nowgong","","","","Dada ji","Late Shri D D Gupta 
Dadi ji
Smt.Deva Gupta","Engg. R K Gupta 
Smt. Geeta Gupta","Sri Pramod Indurkhya 
Smt Shashi Indurkhya 
Sri Neeraj Brajpuriya 
Dr.Jyoti Brajpuriya 
Engg. Amit Rawat 
Smt. Savita Rawat 
Sri Rajesh Suhane
Smt Neelam Suhane","","","","","","","","Gold","","2027-05-18 00:00:00","all","","","","",""
"migr_1779091712194_165","prachi.nagariya@gmail.com","Approved","2024-05-07T03:38:59.000Z","Sister","Male","Unmarried","Prashant Nagariya","27/12/1988","5'7""","","No","B. Com.","Service/नौकरी","3.6 lpa","Katni","Katni","Jaital","नगरिया","","Paan Shop","Usha Nagariya","Shri Om Prakash Tapa, Smt Krishna Tapa","Married: No married brother | Unmarried: 1 unmarried brother","Married: 1 married sister | Unmarried: No unmarried sister","8319955335","Contact Person","Looking for a family oriented girl with good moral values. | Shri Krishna Murari Nagariya","","Katni","Cooking, travelling","No","","Kamath Ward, Gadarwara","1899-12-30 19:30:00","Katni","","","","Lt. Shri Babulal ji Nagariya 
Lt. Smt Ramkunwar ji Nagariya","","Shri Ramsewak, Lt. Smt Radha Rani Nagariya 
Shri Ram Gopal, smt Jaya Nagariya 
Shri Rajesh, Shashi Nagariya 
Shri Anil, Pratibha Nagariya
Shri Sunil, Maya Nagariya 
Shri Sanjay, Madhu Nagariya","Smt Shyama Bichpuriya
Smt Krishna Choudha, Shri Shaligram Choudha
Smt Nirmala Barsaiyan, Shri Shyamlal Barsaiyan","","","","","","","","Gold","","2027-05-18 00:00:00","all","","","","",""
"migr_1779091712194_166","prahladgupta158@gmail.com","Approved","2024-05-06T05:45:00.705Z","Father","Female","Unmarried","NEHA GUPTA (BARSAIYA)","15/01/1988","5'3""","","Partial","MCA","Any other/कोई और","","Gwalior","Gwalior","Vachal","बरसैंया","","Medical shop","Meera Gupta","Rambabu nagariya Gwalior","Married: No | Unmarried: No","Married: No | Unmarried: No","9981610618","Contact Person","Sos | Prhlad kumar Gupta","","Gwalior","No","Qualfyed Reputed","","Azad Chowk KATNI","1899-12-30 14:28:00","Gwalior","","","","Let kishan lal Barsaiya","","No","Pradep nograhiya ,/usha","","","","","","","","Gold","","2027-05-18 00:00:00","all","","","","",""
"migr_1779091712194_167","shubhi171197gupta@gmail.com","Approved","2024-05-04T18:38:49.451Z","Daughter","Female","Unmarried","Shubhi Gupta","17/11/1997","5'6""","","Partial","Bachelor of Engineering (Mechanical)","Any other/कोई और",".","Sagar","Sagar","Gagal","झुड़ेले","","Business","Mrs Manju Gupta","Mrs Sapna - Manoj Barsaiyan
Mrs Umesh Barshaiyan","Married: Mr Sarthtak Jhudele | Unmarried: No","Married: No | Unmarried: No","7089039215","Contact Person","Well Educated, job | Mr Sanjay Gupta","","Sagar",".","Preparing for job.","","Near of Bhuteswar mandir sant ravidash ward sagar MP","1899-12-30 17:45:00","Sagar","","","","Late Mr purshottam lal jhudele","","Mr Neeraj Jhudele
Mr Deepak Jhudele","Mr Rambabu chowda
Mr Ajay Biliaya","","","","","","","","Gold","","2027-05-18 00:00:00","all","","","","",""
"migr_1779091712194_168","kankanebharat1@gmail.com","Approved","2024-05-04T13:46:54.770Z","Son","Male","Unmarried","RAHUL KANKANE","20/04/1990","5'6""","","No","B.E Computer","Service/नौकरी","1700000","Jabalpur","Jabalpur","VACHCHHAL","कनकने","","Retayarment","Sunita kankane","2","Married: 1 | Unmarried: No","Married: 2 | Unmarried: No","9340104084","Contact Person","Service | Bharat kankane","","Jabalpur","Musical  tevlars","No","","C -406 Khoslalaya Exotica kachnar city vijay nagar  jabalpur","1899-12-30 22:37:00","Jabalpur","","","","1","","2","6","","","","","","","","Gold","","2027-05-18 00:00:00","all","","","","",""
"migr_1779091712194_170","neerajsonuchhirolya@gmail.com","Approved","2024-05-04T01:12:02.102Z","Self","Male","Unmarried","Neeraj chhirolya","23/06/1984","5'7""","","Partial","Bsc","Business/व्यापार","5_10","Damoh","Damoh","Gol","छिरोल्या","","No","Mayadevi chhirolya","Kedar choudha","Married: 12","Married: 1o | Unmarried: O","9098266968","Contact Person","No | Gopal chhirolya","","Damoh","Tooring","No","","Madiyado","1899-12-30 02:02:00","Damoh","","","","Let Shri dashrath Prasad","","O","0","","","","","","","","Gold","","2027-05-18 00:00:00","all","","","","",""
"migr_1779091712194_172","deelep.gupta10984@gmail.com","Approved","2024-05-04T00:45:25.750Z","Pramod Gupta","Male","Unmarried","Pramod Gupta","1993-10-03 00:00:00","5'11""","","No","BCom","Service/नौकरी","15 lakh","Palera","Palera","Kakchal","कटारे","","Kirana store","Shrimati Kamlesh Gupta","2","Married: 3 | Unmarried: O","Married: O | Unmarried: O","7024032796","Contact Person","Mp government teacher ladki | Shri Suresh Kumar Gupta","","Palera","No","No","","Chatarpur mp","1899-12-30 20:00:00","Palera","","","","Shri chandrabhan Katare","","4","4","","","","","","","","Gold","","2027-05-18 00:00:00","all","","","","",""
"migr_1779091712194_173","sadhanasuhaney@gmail.com","Approved","2024-05-03T17:00:11.546Z","Mother","Male","Unmarried","Shailabh Suhaney","22/01/1994","5'5""","","Partial","M.Com","Business/व्यापार","15 to 20 Lac..","Shahdol","Shahdol","Bhal","सुहाने","","Business","Smt.Sadhana Suhaney","4","Married: Married (1) | Unmarried: No","Married: No | Unmarried: No","9425181833","Contact Person","Business Participate | Shree Sharad Suhaney","","Shahdol","Touring & Swiming","No","","Behind Hanuman Mandir Shahdol (M.P.)","1899-12-30 01:10:00","Shahdol (M.P.)","","","","Late Shree K.L.Suhaney &","Late Smt.Brijlata Suhaney","3","1","","","","","","","","Gold","","2027-05-18 00:00:00","all","","","","",""
"migr_1779091712194_174","ramjilalgupta674@gmail.com","Approved","2024-05-03T16:50:15.127Z","Father","Female","Unmarried","Surbhi Gahoi","16/06/1997","5'1""","","No","M. sc Chemistry B. Ed","Service/नौकरी","4 L. P. A","Jalaun","Jalaun","Jaital","सिपौल्या","","Lecture mathematics Inter college","Sunita Devi Gupta","Triloki chandra, Shiv Gopal orai","Married: No | Unmarried: No","Married: No | Unmarried: Niyati Gahoi","9452601970","Contact Person","Live in city | Ramji Lal Gupta","","Jalaun","Visit New Places","No","","Jalaun U. P","1899-12-30 22:03:00","Madhogarh U P","","","","Late Shri Daya Ram Gupta","","Tau Rajendra Sipoliya Uncle kanhiya sipoliya, sushil sipoliya Orai","Smt Malti  Anil soni Orai Dakor bale","","","","","","","","Gold","","2027-05-18 00:00:00","all","","","","",""
"migr_1779091712194_175","rishipradeep.98@gmail.com","Approved","2024-05-02T16:40:09.000Z","Father","Male","Unmarried","Rishi gupta","1994-10-09 00:00:00","5'6""","","No","BE IT","Service/नौकरी","2400000","Indore","Indore","Basil","कुचिया","","Engineer","Mamta gupta","Ashutosh sangita fupat","Married: No | Unmarried: One","Married: None | Unmarried: None","9425053914","Contact Person","No | Pradeep Kumar Gupta","","Indore","Traveling","Nothing","","MR III HOUSE NO 30 MAHALAXMI NAGAR INDORE","1899-12-30 04:45:00","Indore","","","","Munnalal gupta Krishna Devi gupta","","Dinesh Sharda gupta","Nitin Shobha gupta","","","","","","","","Gold","","2027-05-18 00:00:00","all","","","","",""
"migr_1779091712194_176","guptaakanksha2831@gmail.com","Approved","2024-05-01T10:24:23.893Z","भाई","Male","Unmarried","Yash gupta","1997-01-08 00:00:00","5'5""","","Partial","B.A electronic etc..","Business/व्यापार","15-20 lac","Jhansi","Jhansi","Vatsalya","बरसैंया","","No","Mrs. Anju gupta","Mr. Devendra nidhi saraogi
Mr. Satyendra smirti saraogi
Mr. Manish garima saraogi","Married: Mr. Harshvardhan Seeta gupta indore | Unmarried: No","Married: Mr. Saket  Akanksha katare Mauranipur jhansi | Unmarried: No","6393502775","Contact Person","Good looking and good nature and good qualities careing person | Late Avdhesh Gupta","","Jhansi","Travelling, foody, music, painting etc","No","","Station road parichha jhansi utter Pradesh","1899-12-30 03:35:00","Jhansi","","","","Late Mr. Ramgopal gupta late Mrs. Ramrati gupta","","Mr. Maniram Leela gupta 
Mr. Hariom Rekha gupta 
Mr.arvind sadhna gupta","Mr. Hariprakash  Meera seth","","","","","","","","Gold","","2027-05-18 00:00:00","all","","","","",""
"migr_1779091712194_177","archana2725@gmail.com","Approved","2024-05-01T06:36:57.308Z","Er Vishal Pathik Gupta (Son )","Male","Unmarried","Er Vishal Pathik Gupta","25/03/1992","5'6""","","No","B tech","Service/नौकरी","43 lacs","Lucknow","Lucknow","Khard","खर्द","","Retired Chief Engineer Irrigation Department","Dr Archana Gupta","Mr Amit- Preeti","Married: No | Unmarried: No","Married: Er Niti Gupta | Unmarried: No","8840892170","Contact Person","Job Oreinted | Er Rakesh Kumar Gupta","","Lucknow","Traveling","Good Nature","","Mr.R.K. Gupta
House no.19,pocket-A2
Sushant Golf City,
Ansal Shaheed path
Lucknow   PIN-226030","1899-12-30 08:30:00","Haridwar","","","","Late Badri Prasad Gupta late Savitri Devi","","Dr Keshav - Sudha , Dr Hari - Dr Saroj, Dr Dinesh- Kalpna , Er Arvind- Mamta , Dr Ramakant- Dr Ranjana","Mrs Malti - Harishankar, Dr Sunita - Dr Pradeep, Dr Sangeeta- Dr Ashok","","","","","","","","Gold","","2027-05-18 00:00:00","all","","","","",""
"migr_1779091712194_178","andaoverseas@gmail.com","Approved","2024-04-30T17:23:05.865Z","Son","Male","Unmarried","Ayush Gupta","1992-10-05 00:00:00","5'8""","","Yes","B E (Civil)","Self-Employed/स्वनियोजित व्यापार","12-15 Lakh Per year","Jaipur","Shivpuri","Gagal","गेडा","","Government service","Sangeeta","Vinay/Ritu, Vineet/Mangla jhansi, Gwalior","Married: No | Unmarried: No","Married: Anushka mahak kathal, Indore | Unmarried: No","9713066618","Contact Person","Simple,social, family oriented, | Dinesh kumar Gupta","","Jaipur","Traveling, chess,carrum, Reading of Books","No","","Jaipur","1899-12-30 15:45:00","Karera District shivpuri M. P.","","","","Late Shri RAM Gopal","Hansmukhi","1.Satish/Sunita 2.manoj/Manju","Shri Hari Shankar/Late kiran Meena/Vinod, Baby/Dileep, Shashi/Rajendra","","","","","","","","Gold","","2027-05-18 00:00:00","all","","","","",""
"migr_1779091712194_179","gopalgupta20011965@gmail.com","Approved","2024-04-30T16:11:42.888Z","Father","Female","Unmarried","Somee(somya) gupta","22/05/1994","5'2""","","No","BE CIVIL (LNCT.BHOPAL)","Any other/कोई और","","Bhopal","Jabalpur","Gagal","गेडा","","Sarva shiksha abhiyan me CAC(janshikshak)","Sangeeta gupta","Manoj damini sethiya bhopal","Married: 3(causin)","Married: 3(causin) | Unmarried: 01","7828591012","Contact Person","Good thinking | G.n.gupta","","Bhopal","Koi bhi kam lagan se karna","Good sanskar","","Dungaria(junnordeo)","1899-12-30 09:15:00","Jabalpur","","","","Late s.n.gupta(wcl officer).late sunder gupta.","","P.n.gupta(rtd wcl officer).K.n.gupta. contractor.janpad sabhapati.","O.p.tapa.krishna tapa katni","","","","","","","","Gold","","2027-05-18 00:00:00","all","","","","",""
"migr_1779091712194_180","anilddnewslko@gmail.com","Approved","2024-04-30T15:17:04.267Z","Father","Male","Unmarried","अमनदीप गुप्ता","28/08/1994","5'6""","","Partial","B Tech CSE","Service/नौकरी","18.5 Lakhs","Delhi","Lucknow","Vachhil","मोर","","IBES Cadre Officer (Central Govt)","Sadhna Gupta","Sh. Ram Kishore Kankane (Nana) & Smt. Kamleshwari Devi (Nani)","Married: Sh. Aditya Gupta, B.Tech. MBA, Principal Consultant Infosys, Smt. Mohini (Bhabhi), CA, Manager ,Delloite Consultancy. | Unmarried: No","Married: Smt Ambika Gupta, BBA LLB (Legal Consultant), Sh. Chirag Srivastava (Bahnoi), B.Tech. MBA Sr. Consultant Delloite Consultancy | Unmarried: No","9450395298","Contact Person","Well Qualified | Anil Kumar Gupta","","Delhi","Movie, book reading, traveling","No","","Flat No. C106, Shivkala Luxury Apartment, Plot No. B-9/11, Sector-62, B-Block, Noida (Delhi NCR)","1899-12-30 13:20:00","Orai","","","","Sh. Ram Narayan Gupta","Retired Govt. Teacher","Sh. Sunil Gupta","Sh. Santosh Gupta/ Smt. Pushpa (Orai, Business), Sh. Anil Gupta/ Smt. Suman (Orai, Business), Sh. Kamlesh Gupta/Smt. Kiran ( Kuthond, Business)","","","","","","","","Gold","","2027-05-18 00:00:00","all","","","","",""
"migr_1779091712194_183","satishgupta520@gmail.com","Approved","2026-05-07T09:10:03.087Z","Self","Male","Unmarried","Satish gupta","1989-07-07 00:00:00","5'8""","","No","B.com","Business/व्यापार","600000","Bhopal","Chhindwara","Gol","सोनी","Madan lal gupta","Wcl","Late  kamla gupta","Satyanarayan Rawat gadrwara","Married: 1","Married: 2","9407073962","Contact Person","No | N","","Bhopal","No","No","","Chinardream City Hoshangabad Road Bhopal","1899-12-30 23:45:00","Chhindwara","","","","Lat","","Shiv Kumar Soni Jabalpur","No","","","","","","","","Gold","","2027-05-18 00:00:00","all","","","","",""
"migr_1779091712195_184","abhishek.nbf@gmail.com","Approved","2026-04-30T18:24:40.444Z","Parents","Male","Unmarried","Abhishek Gupta","1989-11-04 00:00:00","5'5""","","Yes","MBA (University of Pune)","Service/नौकरी","860000 PA","Khairagarh Chhattisgarh","Khairagarh Chhattisgarh","Kochhal","ददरया","Mr Bharat","Retired","Late Mrs Prema","Mrs Neelam Dilip gupta Amravati","Married: No | Unmarried: No","Married: No | Unmarried: No","9303800155","Contact Person","She must be loving, caring and well educated. Probably this season will be committed so expecting your positive response. Thanks | As above","","Khairagarh Chhattisgarh","Travelling","No","","Bharatprem, ward no 3, civil lines khairagarh","1899-12-30 21:17:00","Khairagarh Chhattisgarh","","","","Late Mr Babulal","late Mrs Kamla devi","Mrs Kavita Ghanshyam/ Mrs Roli Gopal","Mrs Mano late Virendra Gupta Nagpur","","","","","","","","Gold","","2027-05-18 00:00:00","all","","","","",""
"migr_1779091712195_185","sheetlaramagupta@gmail.com","Approved","2025-01-06T05:36:29.613Z","Grandfather","Male","Unmarried","Aman Gupta","1993-11-08 00:00:00","5'7""","","No","M.B.A","Self-Employed/स्वनियोजित व्यापार","15to20 Lakhs","Bareilly","Bareilly","बासल","पिपरसानिया","Ajay gupta","Buisnessman","Mrs. Vandana Gupta","Mr. Subodh kumar Gupta - Mrs. Seema Gupta 
Mr. Saket Gupta - Mrs. Seema Gupta","Married: Nil | Unmarried: Nil","Married: First Mrs. Nancy -Abhishek Gupta (gurugram) 
2 - shri mati prachi - shayam ji Gupta ( orai) | Unmarried: Nil","9219280300","Contact Person","Educated and family orienanted | Mr. Ajay Gupta","","Bareilly","Travelling","No","","Farm shri ram traders main market nawabganj district -bareilly","1899-12-30 11:02:00","Chatarpur (M.P)","","","","Dada_","Late shri omprakash pipersaniya
 Dadi _Mrs. Shayama Gupta","1-shri Rajkumar -Sudha (tao- taiji) 
2-krisnkumar - puspha (tao -taiji) 
3-vivek - reena (uncle -aunty)","Mrs. Rajni and pradeep kumar Gupta (orai)","","","","","","","","Gold","","2027-05-18 00:00:00","all","","","","",""
"migr_1779091712195_186","hmgupta2411@gmail.com","Approved","2025-11-04T11:13:56.000Z","pita/putr","Male","Unmarried","Abhishek  Gupta(dengre)","21/01/1991","5'5""","","No","BA","Service/नौकरी","5-7.5lakh","Delhi","Datia","Bhal","डेंगरे","Heeralal gupta   (Dengare)","bisines","Smt.Asha gupta","Rakesh bedar  Badauni khurd Datiya m p","Married: 3 Sisters    1Broader | Unmarried: 1 un married Broader","Married: 3 married  sisters | Unmarried: 1 Neelam pawan bilaiya Gwalior  2 Hemlat  Prem narayan Bahre  lahar 3 shiwani Pradeep sheth Sahara delhi","9630453294","Contact Person","my son is working in delhi so vi want simpal & Educated girl from midil class family working or non working live with him delhi or metro citis | Heeralal gupta (Dengre)","","Delhi","traveling cricat","sada jivan","","Hause  N  965 Govardhan colony Near brij rani garden balaji nagar unav road Datia mp","1899-12-30 10:30:00","Datia  madhya pradesh","","","","let shiri   mohnbai   makkhanlal dengre","","shiri Brijbihari dengre (Nadi Gao) jalon u.p.","let kishori lal munni devi nagariya (indergad) mp","","","","","","","","Gold","","2027-05-18 00:00:00","all","","","","",""
"migr_1779091712195_187","sunilsmita1234@gmail.com","Approved","2025-01-25T20:12:26.914Z","Father","Male","Unmarried","Sanchit Gupta","14/09/1994","5'9""","","Partial","BE","Service/नौकरी","20 to 25 lakhs","Pune","Jabalpur","Bhal","तीतबिलासी","Late sri G K GUPTA","RTD Bank Manager","Smita Gupta","Dr Anil Khard & Dr Pooja Khard Gwalior","Married: No | Unmarried: No","Married: Silky Gupta | Unmarried: No","9425386348","Contact Person","I T Professional or financial professional | Sunil Gupta","","Pune","Games & traveling","No","","TF5, AADI APARTMENT, 1832, WRIGHT TOWN JABALPUR.","1899-12-30 12:45:00","Jabalpur","","","","Late Shri G K Gupta & late smt Kusumlata Gupta","","Tau Shri Prabhat Gupta & Uncle Shri Anil Gupta Nagpur","Smt Neelam & Shri Rajendra Neekhra","","","","","","","","Gold","","2027-05-18 00:00:00","all","","","","",""
"migr_1779091712195_188","shubhirg@gmail.com","Approved","2025-01-04T16:48:47.543Z","Brother","Male","Unmarried","Shubham Gupta","22/08/1994","6'1""","","No","Bachelor of Engineering (Mechanical)","Service/नौकरी","8-10 lakhs","Mumbai","Mumbai","Kochil","पहारिया","Rajendra Kumar Gupta","Service","Poonam Gupta","Manoj Gupta - GST Consultant in Orai, U.P
Ajay Kumar Gupta - working in IBM in Gaziabad, U.P","Married: No | Unmarried: No","Married: Shubhi Gupta - MBA , B.E (Computer Science) | Unmarried: No","9930285851","Contact Person","Working and should be 5'4 or above in height | .","","Mumbai","Playing sports and travelling","Tall, Fair and good personality","","B-101, Arm Enclave, Sec-07, Kharghar, Navi Mumbai, Maharashtra","1899-12-30 22:32:00","Jhansi","","","","Vimla and Ram Sahay Gupta","","Om Prakash Gupta - Director Bhaskar Public School, Datia, M.P
Ram Lakhan Gupta - Service (Vice President) in Mimbai
Anand Gupta - Business in Datia, M.P","No","","","","","","","","Gold","","2027-05-18 00:00:00","all","","","","",""
"migr_1779091712195_189","rcgupta1064@gmail.com","Approved","2026-04-24T04:43:48.520Z","Father","Female","Unmarried","Arjoo Gupta","1994-09-10 00:00:00","5'3""","","No","MCA (MNIT Ald)","Service/नौकरी","40 Lacs","Bangalore","Kanpur","Kochil","कुरेले","Ramesh Chandra Gupta","Retired  Railways","Pinki gupta","Ashok kr gupta","Married: Nil | Unmarried: 1","Married: Nil | Unmarried: Nil","9076868239","Contact Person","IT sector | B tec IT sector","","Bangalore","Traveling","No","","Lig 2 Barra 3 Kanpur (Near Shastri Chock)","1899-12-30 11:20:00","Konch","","","","Late  Babu ram gupta","","Dinesh Chandra gupta satish Chandra Gupta  Konch","Late U c seth Jhansi  Rajendra pd Soni Herpalpur","","","","","","","","Gold","","2027-05-18 00:00:00","all","","","","",""
"migr_1779091712195_190","shwetagupt1510@gmail.com","Approved","2025-01-11T06:48:01.448Z","Brother","Male","Unmarried","Ketan Gupta","24/02/1994","5'7""","","Partial","M.Tech. NIT Warangal","Service/नौकरी","20-25lpa","Mumbai","Mumbai","Vachal","कनकने","Shashikant Gupta","Business","Nirmala Gupta","Shri Hargovind Gupta - Smt Rajni Gupta, Dhule, Maharashtra
Shri Jagdish Gupta - Smt Sangita Gupta, New Delhi","Married: None | Unmarried: None","Married: None | Unmarried: Swati Gupta, Gurgaon
Shweta Gupta, Pune","9935070496","Contact Person","Seeking a partner with shared family values, professional ambition, humility, and a sense of adventure. Open-minded and respectful, ready to grow together as a couple. | Seeking a partner with shared family values, professional ambition, humility, and a sense of adventure. Open-minded and respectful, ready to grow together as a couple.","","Mumbai","Exploring good food, Travelling","No smoking, No drinking, good values, educated","","Mumbai","1899-12-30 16:20:00","Jhansi","","","","Late Shri Avadh Bihari Gupta - Smt Vimla Gupta","","Shri Subhash Chandra Gupta - Smt Rita Gupta
Avadh Consultancy Services, Dehradun, Uttrakhand
Shri Ajay Kumar Gupta - Smt Sulekha Gupta
CPWD, Naya Raipur, C.G.
Shri Arvind Gupta - Smt Madhu Gupta
Business, Jabalpur, M.P.
Shri Pramod Gupta - Smt Shailja Gupta
Magnor Consultancy, New Delhi","Shri D.C. Sheth - Smt Anita Gupta, Lucknow, U.P.
Shri Dilip Kumar Gupta - Smt Anuradha Gupta, Bhopal, M.P.","","","","","","","","Gold","","2027-05-18 00:00:00","all","","","","",""
"migr_1779091712195_191","gupta.neha3003@gmail.com","Approved","2026-05-13T08:08:56.600Z","Parents","Male","Unmarried","Harsh Gupta","1992-08-07 00:00:00","5'8""","","No","B. Tech from Amity University Gwalior","Service/नौकरी","30 LPA","Pune","Gwalior","Bandhil","चउदा","Mr. J P Gupta","Retired from SBI Bank","Mamta Gupta","Mr. Manoj Gupta","Married: 1","Married: 2 | Unmarried: 1","7415330847","Contact Person","Working | B tech, BE, MCA, MBA","","Pune","Cricket, Outing","Handsome, Good looking, Caring, understanding nature","","Vijay Nagar chetakpuri lashkar gwalior","1899-12-30 06:45:00","Gwalior","","","","Late Shri Santi devi","","Sheela Gupta","Shri Ramsavrop Gupta","","","","","","","","Gold","","2027-05-18 00:00:00","all","","","","",""
"migr_1779091712195_192","manojdatia19@gmail.com","Approved","2026-01-26T14:33:38.374Z","Son","Male","Unmarried","Saransh bilaiya","1998-05-07 00:00:00","5'9""","","No","B tech( iit Dhanbad) M tech( iit Dhanbad)","Service/नौकरी","55lack","Datia","Datia","Gol","बिलैया","Manoj bilaiya","Govt job field officer","Smt usha","Rakish kuchiya govt job Harish kuchiya datia","Unmarried: Sarthak studing in LNCT Bhopal","Married: No | Unmarried: No","8602179600","Contact Person","B tech education sanskarban | B tech  service it sector","","Datia","Tracking games","Polite","","Near blue star  old collectorate road datia mp","1899-12-30 04:30:00","Indergarh district datia mp","","","","Late Ramsewak bilaiya  late moola devi","","Dinesh bilaiya Gwalior govt job rakish bilaiy","Santosh genda govt teacher","","","","","","","","Gold","","2027-05-18 00:00:00","all","","","","",""
"migr_1779091712195_193","ghimanshu677@gmail.com","Approved","2025-01-20T18:39:51.071Z","Father","Male","Unmarried","Himanshu Gupta","24/08/1996","5'10""","","No","B Tech Electronics and Communication","Service/नौकरी","1500000","Noida","Jhansi","Vachil","चउदा","Shri Rajkumar Gupta","Business","Smt. Prema Gupta","Smt. Gayatri - Adv Shri Dinesh Nogaraiya","Unmarried: 1","Unmarried: 1","9300808585","Contact Person","Well Educated | She should be well educated and is a working professional","","Noida","Trekking, Adventures","No","","Rajkumar Chauda, shanichara Mohalla, Bada Bazaar, Datia, Madhya Pradesh","1899-12-30 10:04:00","Jhansi","","","","Shri. Lakhan Lal Chauda -","Late Smt. Ramkali Chauda","0","Smt. Kamlesh - Shri Serman Khard, Smt. Meera - Late Shri Anil Nogaraiya","","","","","","","","Gold","","2027-05-18 00:00:00","all","","","","",""
"migr_1779091712195_194","divyasarougi1994@gmail.com","Approved","2025-01-27T03:22:27.430Z","Uncle ji","Male","Unmarried","Rajat sarougi","17/06/1997","5'8""","","No","MBA","Service/नौकरी","8.4 LPA","Delhi","Chhatarpur","Gol","सरावगी","Mr. Rakesh sarougi","Hardware shop","Ranjana sarougi","Mr. Sanjay vishwari ( lecture)
Mrs. Neerja vishwari","Unmarried: 1","Married: 1","9691428558","Contact Person","Educated, humble, honest, family girl | Educated, humble, honest, family girl","","Delhi","Travel lover, foodie, photographer, and सामाजिक रूप से योगदान करने में आगे है","Yes, he is so much hardworking, talented humble, and also travel lover, foodie , and very very good socially","","Near bus stand infront of golden palace","1899-12-30 04:00:00","Nowgong","","","","Late pyare laal sarougi ( gauri bai sarougi)","","Mr. S. P. Sarougi (retired Navy officer)
Mrs. Mithlesh sarougi","Mrs. Pushpa barsaiyan 
Mr. Dinesh barsaiyan","","","","","","","","Gold","","2027-05-18 00:00:00","all","","","","",""
"migr_1779091712195_196","sachin.pahariya.chirgaon@gmail.com","Approved","2025-02-01T18:13:19.503Z","Father","Male","Unmarried","Dr Sachin Pahariya","27/01/1998","5'3""","","No","BDS running final year, CMSED, BMLT and BA","Self-Employed/स्वनियोजित व्यापार","1-2 lakh","Jhansi","Jhansi","Kochhal","पहारिया","Mr Surendra Kumar Gupta","Gov Teacher","Mrs Archana Gupta","Mr Chandra Bhan Gupta - Mrs
Sudha Gupta (98388 16167)
Mr Ramsevak Gupta - Mrs
Meena Gupta
Mr Anil Gupta -
Mrs Suman Gupta (+91 80906
32233). [ Orai]","Married: None | Unmarried: None","Married: None | Unmarried: Naincy Pahariya [B.Tech - It Branch
[Biet Jhansi]
MBA [ IIM Rohtak ]]
Team Leader In Emar Gurgaon India","7897625664","Contact Person","Partner should be educated atleast bachelors 
Should respect family and handle things with care | Educated atleast any bachelors most probably pharma and medical","","Jhansi","Cricket, football, basketball, kabaddi, badminton, writing, reading, and travelling","Calm and lives patiently don't tell lies hate lies","","Behind Pahari Chungi Shakti Nagar Chirgaon Jhansi Up India","1899-12-30 17:48:00","Jhansi","","","","Late Mr Jagdish Gupta
Mrs Phoolkunwar Gupta","","Mr Shrikumar Gupta - Mrs Rekha
Gupta (+91 99569 79330)
Dr Jitendra Gupta - Mrs Rajni Gupta
( +91 90055 15450)
Mr Pradeep Gupta - Late Mrs Premkala
Gupta (+91 87870 69090)
Dr Manoj Gupta - Mrs Kshama Gupta
(+91 77538 22989)","Mr Rakesh Gupta - Mrs Manju Gupta
(+91 98273 50232). [ Gwalior]","","","","","","","","Gold","","2027-05-18 00:00:00","all","","","","",""
"migr_1779091712195_198","manishguptagwl@gmail.com","Approved","2025-09-29T16:56:46.809Z","Father","Female","Widowed","NIDHI GUPTA","24/06/1994","5'1""","","No","M. Com","Service/नौकरी","5 lakh","Delhi","Gwalior","Bandil","चउदा","Manish Gupta","Service","Madhu Gupta","Devendra - Anita Geda","Married: No | Unmarried: Two Younger Brothers","Married: Ni | Unmarried: No","9560927224","Contact Person","Live in Delhi NCR | Cool Nature, Good Understanding","","Delhi","Music listening","No","","140 FF, Main Road, Patparganj , Mayur Vihar Ph 1, Delhi","1899-12-30 07:40:00","Gwalior","","","","Om Prakash Chauda","Geeta Gupta","Manoj Gupta -  Meena Gupta","Sangita - Sushil Rusia","","","","","","","","Gold","","2027-05-18 00:00:00","all","","","","",""
"migr_1779091712195_199","gupta7664@gmail.com","Approved","2025-02-06T07:34:38.425Z","Father","Female","Unmarried","Riya Gupta","1998-01-08 00:00:00","5'6""","","No","B.Tech. in Fashion & Apparel Technology","Service/नौकरी","4.5 lakh","Delhi","Orai","Gol","इटोदिया","Uday Chandra Gupta","Assistant Engineer in DD News Delhi","Neelam Gupta","Umakant Gupta/Gayatri Gupta, Lucknow
Ramakant Gupta/Manju Gupta, Orai
Rakesh Gupta/Shobha Gupta, Jhansi","Married: No | Unmarried: Yash Gupta/ Software Engineer at Birla Soft Hyderabad","Married: No | Unmarried: Priya Gupta/ Assistant Professor at DIT Dehradun","7982093546","Contact Person","Looking for a partner who is working either in private or government office, or having an well established business. | Looking for a partner who is working either in private or government office, or having an well established business.","","Delhi","Travelling","Fair Complexion","","D1/10 Radio Colony Kingsway Camp Delhi 110009","1899-12-30 10:40:00","Orai","","","","Late Shri Nathu Ram Gupta//","Late Smt Krishna Gupta","P. C. Gupta-Sarita Gupta / Aditya Birla Group Birla Sunlife Orai","Prem Narayan Seth, Jhansi","","","","","","","","Gold","","2027-05-18 00:00:00","all","","","","",""
"migr_1779091712195_200","vinayguptabpl@gmail.com","Approved","2025-02-07T01:20:23.188Z","Brother","Male","Unmarried","Vivek Gupta","1990-08-09 00:00:00","5'1""","","No","B.Sc B. ED","Service/नौकरी","Six lakh","Bhopal","Bhopal","बॉश्छल","कनकने","Late om prakash gupta","No","Smt. Sudha gupta","Kallu gupta","Married: Vinay gupta | Unmarried: No","Married: Poonam gupta 
Pooja gupta | Unmarried: No","8528679015","Contact Person","House wife | Hous wife","","Bhopal","Travling","Yes","","C1/103 Coral woods hosangabad road bhopal mp","1899-12-30 07:15:00","Konch","","","","Late uma shankar","","Ramprakash gupta","Ravindra gupta","","","","","","","","Gold","","2027-05-18 00:00:00","all","","","","",""
"migr_1779091712195_201","neekhara.neekhara4@gmail.com","Approved","2025-02-07T15:02:34.992Z","Self","Male","Unmarried","Kapil Neekhara","19/08/1988","5'7""","","No","B.C.A","Service/नौकरी","5.5 lakh","Gwalior","Gwalior","Kochachal","नीखरा","Sudama lal Neekhara","Business","Kusum Neekhara","Mr. Suresh Seth","Married: 1 | Unmarried: 1","","8103951505","Contact Person","No | No","","Gwalior","Travelling. Test new Food","No","","Surya Nagar Dabra Gwalior","1899-12-30 06:05:00","Dabra","","","","Late.. R.P Neekhara","","0","0","","","","","","","","Gold","","2027-05-18 00:00:00","all","","","","",""
"migr_1779091712195_203","gbrajesh533@gmail.com","Approved","2025-02-07T16:27:10.200Z","father","Male","Unmarried","himanshu gupta","15/07/1998","5'7""","","Partial","BTech","Service/नौकरी","3.5-5 lakh","Jaipur","Sagar","gol","ब्रिजपुरिया","brijesh gupta","business man  and former","seema gupta","late shri ramesh kumar nayak","Married: no | Unmarried: no","Married: no | Unmarried: 1","9303762858","Contact Person","educated and understanding, well mannered | well mannered, educated  understanding","","Jaipur","reading and travelling","calm and understanding","","hanuman chouk rehli sagar","1899-12-30 07:45:00","रहली","","","","no","","yes","yes","","","","","","","","Gold","","2027-05-18 00:00:00","all","","","","",""
"migr_1779091712195_204","neharawat0410@gmail.com","Approved","2025-02-08T11:02:20.493Z","Daughter","Female","Unmarried","Payal Rawat","24/10/1993","5'3""","","No","Btech","Service/नौकरी","40","Pune","Banda","Gol","रावत","Ravi Rawat","Business","Neha Rawat","Sri Bhagwat kishor Tikarya","Married: No | Unmarried: No","Married: 1 sister | Unmarried: No","9415496768","Contact Person","IT professional | IT professional","","Pune","Singing,book reading","No","","Banda","1899-12-30 05:30:00","Banda","","","","Lat Sri Chhaki Lal Rawat","","Sri Dilip Rawat","Sri Sashi badoniya","","","","","","","","Gold","","2027-05-18 00:00:00","all","","","","",""
"migr_1779091712195_206","rajendra.dengre8@gmail.com","Approved","2025-02-12T13:29:12.876Z","Son","Male","Unmarried","Roshan dengre","1991-05-11 00:00:00","5'8""","","No","B.com,,","Business/व्यापार","1200000","Katni","Katni","Bhal","डेंगरे","Rajendra kumar dengre","Business","Sadhna dengre","Deepak dadaria","Unmarried: 2","Married: 1","9685555534","Contact Person","Family ko sath le kar chale | Educate,","","Katni","Movies","Nahi","","Adarsh colony katni","1899-12-30 11:26:00","Katni","","","","Late.ramchandra dengre","Late.shanti bai dengre","Subhash chandra dengre santosh rani dengre
Vijay,kiran dengre
Vimal.sandhya dengre
Rakesh.rajni dengre","Nahi hai","","","","","","","","Gold","","2027-05-18 00:00:00","all","","","","",""
"migr_1779091712195_208","guptaramkishore50@gmail.com","Approved","2025-02-15T08:11:17.708Z","Daughter","Female","Unmarried","Namrata Gupta","13/08/1997","5'4""","","Partial","B.E. , MBA","Service/नौकरी","Ten L.P.A.","Gwalior","Gwalior","Gol","सरावगी","R.K. Gupta","Advocate","Dr. Smt Madhu Gupta","Pushpendra Gupta","Married: No | Unmarried: No","Married: No | Unmarried: No","8815620862","Contact Person","Service class | Service class","","Gwalior",".No",".","","Gwalior M.P.","1899-12-30 23:20:00","Gwalior  M.P.","","","","Lt. V.N. Gupta","","Dr. M.L. Gupta M.B.B.S., M.D.","Shree Krishna Suhane","","","","","","","","Gold","","2027-05-18 00:00:00","all","","","","",""
"migr_1779091712195_209","gshobhit03@gmail.com","Approved","2025-02-16T05:16:11.864Z","Son","Male","Unmarried","Shobhit Neekhra","15/09/1992","5'11""","","Partial","BCA LL.B","Service/नौकरी","4.5","Gwalior","Gwalior","Gochal","नीखरा","Mr Shiv Kumar Gupta","Businesses","Mrs Meera Gupta","Mr laxmi Narayan nagariya","Married: Mr Gaurav Neekhra","","9406580743","Contact Person","Cultured Educate | Educate Cultured","","Gwalior","Chess Travelling","No","","Mahaveer colony Dal bazaar Tirana lashkar Gwalior m.p","1899-12-30 00:10:00","Gwalior","","","","Late shri Seetaram Neekhra","","Mr Rakesh Neekhra","Mr sachin gupta","","","","","","","","Gold","","2027-05-18 00:00:00","all","","","","",""
"migr_1779091712195_211","shivi1910@gmail.com","Approved","2025-02-21T15:49:20.975Z","parent","Female","Unmarried","Apoorva sohaney","1994-09-03 00:00:00","5'3""","","Partial","B.tech","Service/नौकरी","17 lpa","Pune","Kanpur","bhal","सुहाने","Jagdamba sohaney","business","Asha","Mr Manoj gupta","Married: 1","Married: 1","9795115747","Contact Person","working | na","","Pune","travelling","na","","Kanpur","1899-12-30 07:25:00","kanpur","","","","late mr. pancham lal sohaney","","na","na","","","","","","","","Gold","","2027-05-18 00:00:00","all","","","","",""
"migr_1779091712195_212","harimohan5380@gmail.com","Approved","2025-02-21T16:52:41.617Z","Brother","Male","Unmarried","Neetesh kumar gupta","20/06/1993","5'1""","","Partial","B. E. & PGDCA","Service/नौकरी","1000000","Shivpuri","Shivpuri","Bhal","डेंगरे","Let.shree RAM KUMAR GUPTA","Teacher","Smt.USHA GUPTA","Shree suresh kumar set","Married: 2","Married: 1","9981085625","Contact Person","Good | All","","Shivpuri","Reading","No","","Happy mind school ke pas pichhle Dist.shivpuri m.p.","1899-12-30 11:30:00","Pichhore","","","","No","","Lakhan lal gupta","Ok","","","","","","","","Gold","","2027-05-18 00:00:00","all","","","","",""
"migr_1779091712195_214","satishgupta520@gmail.com","Approved","2025-02-23T06:41:40.124Z","Self","Male","Unmarried","Satish  gupta","1989-07-07 00:00:00","5'8""","","No","B.com","Business/व्यापार","600000","Bhopal","Bhopal","Gol","सोनी","Madan lal gupta","Wcl","Late  kamla gupta","Satyanarayan Rawat gadrwara","Married: 1","Married: 2","9407011690","Contact Person","No | No","","Bhopal","No","No","","New Bank Colony Mohan Nagar Chhindwara","1899-12-30 23:45:00","Chhindwara","","","","Late","","Shiv Kumar Soni Jabalpur","No","","","","","","","","Gold","","2027-05-18 00:00:00","all","","","","",""
"migr_1779091712195_215","mkgpt1234@gmail.com","Approved","2025-02-23T10:41:43.078Z","Father","Male","Unmarried","Nripesh Gupta","1997-06-10 00:00:00","5'11""","","Partial","B. Tech Amity University, CDAC Pune ACT","Service/नौकरी","20 lacs","Bangalore","Gwalior","Vachil","कनकने","Mukesh kumar Gupta","Service","Anita Gupta","Shri Om Prakash Gupta,smt. Sobha Gupta
Shri Bal chand Gupta ,Smt. Prem Lata Gupta
Shri Naresh Gupta, Smt. Rani Gupta
Business- Best Namkeen & Sweets","Married: No | Unmarried: Aniket Gupta (Csc) Chandigarh University","Married: None | Unmarried: None","8989281559","Contact Person","Job | Preference for job","","Bangalore","Travelling , cricket","Open minded,Supportive","","F-7 City centre ,Site No -1 Gwalior Mp","1899-12-30 13:25:00","Gwalior","","","","Shri Ram Pratap Gupta (Retd.SDO irrigation Dept. M.P)","late smt. Mithala Devi Gupta","Dr.Ajay Gupta( Addl.Director (DRDO) Ahmednagar. MH, Smt. Divya Gupta","Shri Rajesh Gupta (Retd.Executive Engineer ,CPWD Delhi) ,Smt. Rajni Gupta","","","","","","","","Gold","","2027-05-18 00:00:00","all","","","","",""
"migr_1779091712195_216","diliprusia10@gmail.com","Approved","2025-02-24T06:44:05.697Z","पिता/पुत्र","Male","Unmarried","Ayush Rusia","24/11/1996","5'6""","","No","B E (IT)","Service/नौकरी","18 lac","Hyderabad","Balaghat","Vasal","रूसिया","Dilip Rusia","Chemist & drugist (medical stores)","Nanda Rusia","Rajeev / Preeti gupta Kareli (Narsingpur) 
Late shri Omkar prasad gupta (Nana) 
Late Gayatri devi gupta(Nani)","Married: No | Unmarried: Aman rusia (M tec)","Married: No | Unmarried: No","9425875211","Contact Person","IT Profational | No issue","","Hyderabad","बैडमिंटन एवम् टूरिसियम","No","","Rusia medicals main road, Waraseoni, dist Balaghat (MP) 481331","1899-12-30 13:55:00","Balaghat","","","","Late shri Kedarnath rusia(ex president akil bhartiya gahoi mahasabha)","late Taradevi rusia","Sandeep rusia/ Kalpana rusia (chacha/chachi) 
Pradeep rusia/Anita rusia(tau/tai)","Shashi prabha/Vijay gupta Durg
Rashmi/Virendra gupta Bhilai","","","","","","","","Gold","","2027-05-18 00:00:00","all","","","","",""
"migr_1779091712195_217","mukulguptajhs@gmail.com।","Approved","2025-02-28T04:47:03.469Z","Father","Female","Unmarried","Niharika Gupta","30/10/1996","5'","","Partial","Mtech from IIT Bombay","Service/नौकरी","2400000","Bangalore","Jhansi","Kochhal","नीखरा","Mukul Kumar Gupta","Teacher of Engineering Subject","Shobha Gupta","Suresh Chauda(Family business of Cotten and synthetic yarn merchant, Ranipur )
Dinesh Chauda (Family business of Cotten and synthetic yarn merchant, Ranipur)","Unmarried: Data Science Manager in Axtria","Unmarried: Application Developer in Accenture","9005995541","Contact Person","IT Job oriented | IT Job","","Bangalore","Badminton, Reading","NA","","Shanders Springdale Apartment, Bangalore","1899-12-30 08:15:00","Mau Ranipur, Jhansi","","","","Late Rama Shankar Gupta( Ex Joint director of health department)
Shanti Gupta (Home Maker)","","Rahul Gupta (Owner of School)
Dr Nakul Gupta 
Engg. Kapil Gupta( Software Developer in L&T)","NA","","","","","","","","Gold","","2027-05-18 00:00:00","all","","","","",""
"migr_1779091712195_218","gupta0manju853@gmail.com","Approved","2025-02-28T13:32:41.531Z","Daughter","Female","Unmarried","Ruchi gupta","31/12/2000","5'3""","","No","Under graduate in btech","Service/नौकरी","2000000","Bangalore","Orai","Gagil","सेठ","Mr. Ajay kumar gupta","Shopkeeper","Mrs .manju","Saroj- kailash kuchaiya 
Kiran- raju kuchaiya
Aneeta- rakesh kuchaiya","Married: No married brother | Unmarried: One younger brother","Married: No sister | Unmarried: No sister","7275601161","Contact Person","Must be in IT job and not more than age 28 | Good nature , personal and understanding","","Bangalore","Travel","Don't know","","171, ganesh ganj (285001) , up","1899-12-30 02:22:00","Orai","","","","Shri.ashok kumar gupta - shrimati.brahma devi","","Anita gupta - vijay gupta","Gudiya - narendra gupta","","","","","","","","Gold","","2027-05-18 00:00:00","all","","","","",""
"migr_1779091712195_219","pindurkhya@gmail.com","Approved","2025-03-01T17:24:57.541Z","पिता","Male","Unmarried","प्रियश इन्दुरख्या","21/01/1997","6'","","No","B.Tech.","Service/नौकरी","20लाख","श्रीधाम","श्रीधाम","कौशल","इन्दुरख्या","प्रतुल इन्दुरख्या","प्रिंसिपल,शासकीय उच्च मां विद्यालय","रोशनी इन्दुरख्या","श्री अनिल रावत/श्रीमती गायत्री नौगांव 
श्री सुनील रावत/श्रीमती रश्मि नौगांव
श्री गोपाल रावत/श्रीमती भावना नौगांव 
श्री अमित रावत/श्रीमती विनीता नौगांव","Unmarried: 01भाई, NLIU BHOPAL से LLB अध्ययनरत","","9826348080","Contact Person","ऊंचाई 5.3फिट से 5.6फिट
सॉफ्टवेयर , आई टी,में कार्यरत, | ऊंचाई 5.3फिट से 5.6फिट सॉफ्टवेयर, आई टी क्षेत्र में कार्यरत","","श्रीधाम","संगीत, पर्यटन स्थल भ्रमण","समय पर अपना कार्य पूर्ण करना","","आचार्य नगर, गाडरवारा,जिला नरसिंहपुर म. प्र.","1899-12-30 07:58:00","श्रीधाम","","","","दादाजी श्री रमेश चंद्र","सेवानिवृत असिस्टेंट इंजीनियर pwd 
दादी जी  स्व सरोज इन्दुरख्या","श्री मुकुल/श्रीमती पिंकी इन्दुरख्या भोपाल
श्री आनंद/श्रीमति मंजुषा इन्दुरख्या भोपाल","श्री राजेश गुप्ता सेवानिवृत सबइंजीनियर भोपाल 
श्रीमती रूबी गुप्ता
श्री राजनारायण गुप्ता एग्जीक्यूटिव इंजीनियर pwd भोपाल
श्रीमती सुमिता गुप्ता","","","","","","","","Gold","","2027-05-18 00:00:00","all","","","","",""
"migr_1779091712195_221","gyan_man@rediffmail.com","Approved","2025-03-02T04:12:09.942Z","पुत्र","Male","Unmarried","आदित्य रावत","1995-08-12 00:00:00","5'8""","","Partial","MS Engg(Mechatronics) Germany, persuing PhD at Germany","Service/नौकरी","Rs 72 Lakhs plus","भोपाल","भोपाल","गोल","रावत","ज्ञानेन्द्र रावत","सेवानिवृत मण्डल प्रबंधक, न्यू इंडिया एश्योरेंस कम्पनी","मंजू रावत","श्री अरविंद मिथलेश सुहाने, अपूर्व -रेखा सुहाने, अरुण -रेखा सुहाने कानपुर","Married: नहीं | Unmarried: नहीं","Married: तीन, निधि रावत DXC इंदौर, डॉ नेहा सेठ जम्मू, निधि सेठ, झांसी | Unmarried: नहीं","7000809197","Contact Person","इंजीनियर,M B A एवं समकक्ष | Good match slim, interested to job","","भोपाल","अध्ययन ,संगीत,मूवी,पर्यटन, क्रिकेट","नारियों , बुजुर्गों को सम्मान,दिखावे से दूर,कार्य के प्रति समर्पित,सिस्टेमेटिक , धर्म पारायण आदि","","19A, अवधपुरी, अलकापुरी के पास , ग्वालियर (आदित्य जर्मनी में कार्यरत हैं)","1899-12-30 02:28:00","भोपाल","","","","स्व श्री रामकिशोर रावत","स्व श्रीमति शांति देवी रावत","अजय रावत, सेवानिवृत क्षेत्रीय प्रबंधक न्यू इंडिया एश्योरेंस कम्पनी भोपाल- श्रीमति रजनी,अनूप रावत सीनियर शाखा प्रबंधक भारतीय जीवन बीमा निगम- श्रीमति शशि,नीरज रावत व्यापार -श्रीमति अनीता","श्रीमति सुधा गेड़ा -श्री बल्लभ दास गेड़ा ,रिटायर्ड वरिष्ठ शाखा प्रबंधक भारतीय जीवन बीमा निगम,श्रीमति माया -श्री सुधीर सरावगी सिहोरा, श्रीमति कृष्णा -श्री मुकेश बड़ेरिया अधिकारी भारतीय जीवन बीमा निगम, जबलपुर।","","","","","","","","Gold","","2027-05-18 00:00:00","all","","","","",""
"migr_1779091712195_222","sgahoi261@gmail.com","Approved","2025-03-02T09:27:17.610Z","SELF","Male","Unmarried","SWATANTRA SETH","26/01/1990","5'2""","","No","B.COM","Self-Employed/स्वनियोजित व्यापार","700000","Jalaun","Jalaun","GAGAL","सेठ","PREM CHANDRA SETH","GALLA VYAPARI","NEELAM GUPTA","SURESH NAUGRAIYA,RAJESH NAUGRAIYA,AJAY NAUGRAIYA,HARISHCHANDRA NAUGRAIYA","Married: NO | Unmarried: 1","Married: 2","9450464949","Contact Person","NO | NO","","Jalaun","NO","NO","","WARD NO 7 TILAK NAGAR MADHOGARH JALAUN UP","1899-12-30 02:00:00","MADHOGARH","","","","LT BABU RAM SETH","","ANEET SETH, SANJAY SETH","RAJNI SAKERE RAJ KUMAR SAKERE","","","","","","","","Gold","","2027-05-18 00:00:00","all","","","","",""
"migr_1779091712195_223","amarsangeeta2011@gmail.com","Approved","2025-03-02T10:49:45.805Z","Ajay Gupta","Male","Unmarried","Ajay Gupta","13/11/1994","5'9""","","No","M. A English","Business/व्यापार","2000000","Shivpuri","Shivpuri","Jaital","सेठ","Late shri Suresh Gupta","Busines","Smt Laxmi Gupta","Shri Utam Neekhra - Business (Bajrang Traders & 
Sonalika Tractor Agency)- Pichhore","Married: Alok kumar Gupta (Manager - International 
Business Advisors) – Smt. Shrasti Gupt | Unmarried: Nitendra Gupta- Advocate (Saket District Court saket Delhi","Married: Smt. Sangeeta Gupta - Mr. Amar Gupta
(Deputy Manager -Blink Commerce Private Limited) | Unmarried: No","9630750714","Contact Person","No | No","","Shivpuri","Cricket","No","","H.No. 465, Shivpuri Road , Near New Court, 
Pichhore (M.P)","1899-12-30 03:17:00","Kararkheda shivpuri m. P","","","","Late Mr. M.L Gupta –","Late Smt. Ram Pyari Devi","Sh. R.D. Gupta, Advocate Supreme Court – Delhi
Sh. Kamta Seth - Business - Karar Kheda
Sh. Narayan Seth - Himmatpur","No","","","","","","","","Gold","","2027-05-18 00:00:00","all","","","","",""
"migr_1779091712195_224","pavangupta.tahrauli@gmail.com","Approved","2025-03-02T13:24:15.456Z","Self","Male","Unmarried","Pavan gupta (mahtele )","1992-11-12 00:00:00","5'8""","","No","Bed, PG, ugc net (economics)","Service/नौकरी","9to13 lakh","Jhansi","Jhansi","Mahtele","महतेले","Ex(om prakash gupta )।","Land holdar (Chirgaon, jhansi )","Vimlesh gupta","Papu gupta jhansi","Married: Nil | Unmarried: Saurabh gupta","Married: Sadhna gupta(teacher up gov ) | Unmarried: Nil","9794258657","Contact Person","For bed | For teaching line, bed, net pg","","Jhansi","Interest in book, traveling and socail work","No","","Tahrauli jhansi (up)","1899-12-30 22:01:00","Tahrauli jhansi","","","","Sheela gupta","","Devendra gupta","Ram kumar gupta Chirgaon","","","","","","","","Gold","","2027-05-18 00:00:00","all","","","","",""
"migr_1779091712195_225","mbarsaiyan1802@gmail.com","Approved","2025-03-02T17:52:30.760Z","Brother","Female","Unmarried","Pragya Barsaiyan","14/09/1996","5'4""","","No","BA LLB","Service/नौकरी","10 Lacs","Delhi","Bhopal","Vachchal","बरसैंया","Vishnu Prasad Barsaiyan","Assistant Manager, MPRRDA, Guna (MP)","Renuka Barsaiyan","Smt. Rajani – Shri Rajesh Gupta  (Senior General Manager, Holtech Consulting Pvt. Ltd.) Gurgaon (Haryana) Mob. 9711197495","Married: Brother - Mayank Barsaiyan (VLSI Tech Lead, Wipro), Mob. 8989587105 
Sister in Law - Meenal Barsaiyan (Assistant Manager, Canara Bank)","","9425670522","Contact Person","We are looking for a qualified and well settled professional with a promising career path and a pleasing personality. And preferably he should be a resident of Delhi NCR. | We are looking for a qualified and well settled professional with a promising career path and a pleasing personality. And preferably he should be a resident of Delhi NCR.","","Delhi","NA","NA","","J-421, New Minal Residency, Bhopal (M.P.)","1899-12-30 20:45:00","Vidisha (Madhya Pradesh)","","","","Smt. Kusum Lata -","Late Shri Heeralal ji Barsaiyan","Smt. Lata (Lecturer in Govt. School) – Shri Govind Barsaiyan (M/s Siddhi Electricals) Vidisha (M.P.) Mo. 8871413544","1. Smt. Radha – Late Shri Rameshwar Kudarya (M/s Shravan Cloth Stores & M/s Gopal Agro), Buxwaha (M.P.) Mob. 7000651250
2. Smt. Sunita -  Shri Ram Gopal Gupta “Dallu Bhaiyya” (Social Worker & A Class Government Contractor), Bhopal (M.P.) Mob. 9993953844, 9300282375
3. Smt. Dolly – Shri Sudhir Suhane (M/s Suhane Enterprises), Baraseoni (M.P.) Mo. 9424458546
4. Smt. Vandana – Shri Chandrakant Gupta (M/s Gupta Furniture Industries), Vidisha (M.P.) Mo. 9406549731
5. Smt. Rachana – Shri Jitesh Seth (M/s Gupta Agencies), Chalisgaon (M.H.) Mob. 9403019105","","","","","","","","Gold","","2027-05-18 00:00:00","all","","","","",""
"migr_1779091712195_226","prinedimondcity@gmail.com","Approved","2025-03-02T19:23:39.247Z","Father","Female","Unmarried","Hritwiza Gupta","13/09/2003","5'6""","","No","BTec IBM and BA studying in MBA IT n HRM","Any other/कोई और","","Sagar","Sagar","Gol","बिलैया","Neel kamal Gupta","Teacher","Rajkumari Gupta","Three living in Katni MP mr rajendra barsaiya.","Married: None | Unmarried: None","Married: None | Unmarried: One sister class 10","9993936624","Contact Person","Non manglik service class A or B or equal MNC | Non manglik service class A or B or equal MNC","","Sagar","Know more about tec","None not working vaishnav only vag","","Near lal kothi Behind of old DIC office Benisagar Sector Panna MP 488001","1899-12-30 22:16:00","Panna mp","","","","Late kishori lal bilaiya","","Two youngsters one in business other manager in MNC","Two one bussiness other SI commissioner of Sagar MP","","","","","","","","Gold","","2027-05-18 00:00:00","all","","","","",""
"migr_1779091712195_228","shivamgupta0807@gmail.com","Approved","2025-03-05T15:22:34.635Z","Brother","Female","Unmarried","Ritu gupta","26/06/1992","5'2""","","No","M.tech","Service/नौकरी","15 lakh","Orai","Orai","Basil","कसाव","Kalaka prasad gupta","Manager vijay bus service orai","Gayatri devi","Ashish Seth gwalior","Unmarried: 2","Married: 1","8395651230","Contact Person","Areas around new  Delhi | No","","Orai","Traveling","No","","80 civil line vijay bus service orai","1899-12-30 19:35:00","Jhansi up","","","","Late shivdas gupta","","No","Huka","","","","","","","","Gold","","2027-05-18 00:00:00","all","","","","",""
"migr_1779091712195_229","pramod.gupta445@gmail.com","Approved","2025-03-06T13:23:40.493Z","Father","Male","Unmarried","RISHI GUPTA","30/08/1995","5'6""","","No","BE","Service/नौकरी","1.35 lacksUSD","Raipur","Raipur","Jaital","सिपौल्या","PRAMOD KUMAR GUPTA","Retd SUPERINTENDING ENGINEER, PWD,CHHATTISGARH","RITU GUPTA","Amit Rusia-Nitu Rusia","Married: Er Prakhar Gupta 
Lead Data Specialist, Mckinsey&Company, Boston | Unmarried: N.a","Married: Nil | Unmarried: Nil","9630655445","Contact Person","Adjusting | Good lookig","","Raipur","Football ,Cricket,","Helping nature","","33,NMDC COLONY NEW RAJENDRA NAGAR RAIPUR CG","1899-12-30 15:40:00","RAIPUR","","","","Late shri Chotelal Gupta(sipolliya","Late smt Kishori Devi Gupta","1.Sri Ramesh Babu Gupta [M D SHRI RAMNI 
  TREATMENT CENER BILASPUR C.G
Late smt Hiramani Gupta
2.Shri Ashok Gupta (Snr Advocate)
[ASHO GUPTA & ASSOCIAT(LAW FIRM)
NAYA BAZAR GWALIOR MP]
Smt Rajni Gupta","ANJUGUPTA - SANJAY GUPTA, District Exicise officer","","","","","","","","Gold","","2027-05-18 00:00:00","all","","","","",""
"migr_1779091712195_230","sipolyaazadh@gmail.com","Approved","2025-03-09T08:14:32.593Z","Father","Male","Unmarried","Azad Sipolya","15/08/1999","6'","","No","Msc (Computer science)","Business/व्यापार","12 lakh","Sagar","Sagar","Jaital","सिपौल्या","Prakash Sipolya","Buisness","Rekha","Smt. Neelam - Pramod Naugrahiya","Married: Smt. Radhika - Surya Sipolya | Unmarried: No","Married: No | Unmarried: No","9993475831","Contact Person","Socialize with everyone | Good in socializing with Family","","Sagar","Cricket, travelling","Hard working","","325/1 Mohan Nagar Ward Chameli Chowk Sagar,( M.P.)","1899-12-30 07:30:00","Sagar","","","","Late Sushila- Govind Prasad","","Smt . Rashmi - Chandra Prakash Gupta","Smt. Mamta - Chedilal Jhudele (katni)
Smt. Suman - Ghanshyam Das Saravgi (katni)
Smt. Usha - Anil  Ravat (Deori)
Smt. Asha - Rajkumar Chowda (vijawar)","","","","","","","","Gold","","2027-05-18 00:00:00","all","","","","",""
"migr_1779091712195_231","mukeshgupta64251@gmail.com","Approved","2025-03-09T17:49:40.734Z","Beti","Female","Unmarried","Shubhi gupta","1998-04-01 00:00:00","5'4""","","No","Mba","Any other/कोई और","","Gadarwara","Gadarwara","Bachhil","कनकने","Mr. Mukesh gupta","Co oprative society manager","Mrs. Sudha gupta","6 mama mami ji","Married: 1 | Unmarried: 1","Married: No | Unmarried: No","9977885534","Contact Person","No | No","","Gadarwara","No","No","","Khanuja colony gadarwara","1899-12-30 11:58:00","Gadarwara","","","","Late mr shankarlal ji kankane & late mrs kamla bai ji kankane","","1 tau ji & 3 chacha ji","4 bua fufa ji","","","","","","","","Gold","","2027-05-18 00:00:00","all","","","","",""
"migr_1779091712195_232","shubhamkaushal12@gmail.com","Approved","2025-03-11T09:17:54.717Z","Father","Male","Unmarried","Shubham kaushal","25/01/1994","5'7""","","No","BE IT","Service/नौकरी","910000 [CTC]","Delhi","Dholpur Rajasthan","Koschal","नीखरा","Basant kumar","Not employed at the moment due to health issues.","Meena Gupta","Mr Suresh Seth [ Jhanshi Wale currently living in Orai Up]
Smt Rajkumari gupta [ House wife]
Mr Raju gupta , Jhanshi Up
Smt. PRABHA gupta","Married: Zero | Unmarried: Zero","Married: Zero | Unmarried: Zero","9305627437","Contact Person","Job or without job there is no issues. | Should be polite nature if she want to continue with job there is no issue and also if she is without job there is no issues at all.","","Delhi","Teaching, Explore new places, listening song, traveling","The candidate have good qualities at all, No smoker and No drinker, only pure vegetarian.","","H.N DL-139, Kanyadan boutique opposite of D.P.S school ,new coloney, Palwal Hr","1899-12-30 19:58:00","Dholpur Rajasthan","","","","Mr Keshav Singh kaushal [ Rtd.Treasury officer]","Late Kamla Devi","Mr Suresh kaushal 
Mrs Sadhna kaushal","Mr Jairam Lohia [ Dabra M.P]
Smt. Nirmala lohia","","","","","","","","Gold","","2027-05-18 00:00:00","all","","","","",""
"migr_1779091712195_233","pavankharya@gmail.com","Approved","2025-03-15T02:43:36.799Z","Brother in-law","Male","Unmarried","SANKALP GUPTA","19/11/1997","5'10""","","No","B. Tech (Electronic & communication)","Service/नौकरी","12 lac","Pune","Gwalior","Naugraiya, aake, swam, Gagil","नौगरैया","Shankar lal Gupta","Ex CTI RAILWAY","Kalpana Gupta","2","Married: Samarth Gupta | Unmarried: Not","Married: Not | Unmarried: Not","9450934208","Contact Person","In IT Sector, ca, | Familiar, job in IT sector","","Pune","Watching tv, outside,","Not any","","H. No-792/3, behind babulal kharkhana, shakti nagar, Gwalior road, civil lines, jhansi 284001","1899-12-30 10:34:00","JHANSI","","","","Lt. Mr. Gokul prasad Naugraiya","","Not","5","","","","","","","","Gold","","2027-05-18 00:00:00","all","","","","",""
"migr_1779091712196_237","mridulgupta341@gmail.com","Approved","2025-03-18T14:01:13.591Z","Father","Female","Unmarried","Anusha","13/11/1998","5'3""","","No","B Tech (ECE) vellore VIT","Service/नौकरी","CTC 30 lac p a","Delhi","Delhi","Kaushal","ददरया","Mridul Kumar Gupta","Business","Usha Gupta","Shri Om Prakash Gupta-Preeti Gupta, Gwalior
Shri Jagdish Prasad Gupta-Seema Gupta, Gwalior
Shri Rakesh Kumar Gupta-Reetika Gupta, Gwalior
Shri Dwarka Prasad Gupta-Poonam Gupta, Indore
Shri Mahesh Gupta-Manisha Gupta, Indore
Shri N D Gupta (Advocate)-Veena Gupta, Gwalior","Married: No | Unmarried: Pratham Gupta, Pursuing MBA - SIBM, Hyderabad","Married: Mrs. Ankana Gupta, Sr. Marketing, Google, Gurgaon/ Mr. Shashank Jain, SWE- Tata Group | Unmarried: No","9810332114","Contact Person","Well qualified and in service | Well qualified and in service","","Delhi","Travelling and reading","No","","A-64, Chander Nagar, Ghaziabad-201011","1899-12-30 13:50:00","Delhi","","","","R M Gupta Retd. Joint Director","Ministry of Finance","CHACHA: Rahul Gupta-Vice President,INCEDO, Gurgaon/Chachi: Dr. Richa Gupta, Professor, Delhi University","Smt. Meena Gupta & Group Captain  Dr. (Retd.) S M Gupta

Smt. Manjusha Gupta & Shri Anil Kumar Gupta,Retd. MD AES.","","","","","","","","Gold","","2027-05-18 00:00:00","all","","","","",""
"migr_1779091712196_238","sachin.pahariya.chirgaon@gmail.com","Approved","2025-03-20T19:04:11.714Z","Son","Male","Unmarried","Sachin Pahariya","27/01/1998","5'3""","","Partial","BDS, CMSED, EMT","Self-Employed/स्वनियोजित व्यापार","0-1 Lakh","Jhansi","Jhansi","Kochhal","पहारिया","Mr Surendra Kumar Gupta","Gov Teacher","Mrs Archana Gupta","Mr Chandra Bhan Gupta - Mrs
Sudha Gupta (98388 16167)
Mr Ramsevak Gupta - Mrs
Meena Gupta
Mr Anil Gupta -
Mrs Suman Gupta (+91 80906
32233). [ Orai]","Married: Nil | Unmarried: Nil","Married: Nil | Unmarried: Naincy Pahariya [B.Tech - It Branch
[Biet Jhansi]
MBA [ IIM Rohtak ]]
Team Leader In Emar Gurgaon India","7897625664","Contact Person","Well educated 
Respectful to my family | Well educated","","Jhansi","Travelling, Reading, writing, playing cricket, football, basketball, kabaddi, badminton","No","","Behind Pahari Chungi Shakti Nagar Chirgaon Jhansi Up India","1899-12-30 17:48:00","Jhansi","","","","Late Mr Jagdish Gupta
Mrs Phoolkunwar Gupta","","Mr Shrikumar Gupta - Mrs Rekha
Gupta (+91 99569 79330)
Dr Jitendra Gupta - Mrs Rajni Gupta
( +91 90055 15450)
Mr Pradeep Gupta - Late Mrs Premkala
Gupta (+91 87870 69090)
Dr Manoj Gupta - Mrs Kshama Gupta
(+91 77538 22989)","Mr Rakesh Gupta - Mrs Manju Gupta
(+91 98273 50232). [ Gwalior]","","","","","","","","Gold","","2027-05-18 00:00:00","all","","","","",""
"migr_1779091712196_240","rakshagupta981@gmail.com","Approved","2025-03-21T06:01:03.899Z","Sister","Male","Divorced","Neeraj gupta","22/05/1989","5'4""","","Partial","Masters","Service/नौकरी","700000","Jhansi","Jhansi","Gol","सिजरिया","Rakesh gupta","Business","Madhuri gupta","Balram gupta karwi","","Married: 2","7874746723","Contact Person","No prefrence | No preference","","Jhansi","Traveling","No","","E-3 LN park apartment bhatena surat  gujarat","1899-12-30 11:26:00","Jhansi uttar pradesh","","","",".","","Rajendra Gupta teacher Niwari","Ramlakhan gupta jewar","","","","","","","","Gold","","2027-05-18 00:00:00","all","","","","",""
"migr_1779091712196_242","asohaney325@gmail.com","Approved","2025-04-08T02:26:24.702Z","Father","Male","Unmarried","Anmol Sohaney","1997-01-12 00:00:00","6'","","No","Diploma In Civil Engineering","Business/व्यापार","700000","Raipur","Raipur","Bhal","सुहाने","Sandeep Sohaney","Retired From Nagar Nigam Raipur","Lt. Madhu Lata Sohaney","No","Married: No | Unmarried: No","Married: No | Unmarried: No","9826410556","Contact Person","व्यावहारिक
समझदार/ स्नेह 
बुद्धिमान
 वित्तीय मामलों में कुशल।
सुंदर | व्यावहारिक  2. समझदार/ स्नेही  3. बुद्धिमान  4. वित्तीय मामलों में कुशल।  5. सुंदर","","Raipur","Cricket","Very caring person","","YG 01 Yash Vihar near nidhi Kirana Store Moti Nagar Raipur (C.G.)","1899-12-30 11:50:00","Katni","","","","Lt. G.P. Sohaney & Lt. Kamla Devi Sohaney","","Lt. Satish Sohaney & Smt. Radha Sohaney","D.K. Pandey & Smt. Sunita Pandey
Dinesh Gupta & Smt. Jyoti Gupta","","","","","","","","Gold","","2027-05-18 00:00:00","all","","","","",""
"migr_1779091712196_265","coolshobha1968@gmail.com","Approved","2025-04-06T13:00:56.289Z","Mother","Male","Unmarried","Swapnil Gupta","1993-01-01 00:00:00","5'6""","","No","CA","Service/नौकरी","900000","Kanpur","Kanpur","Bhal","तीतबिलासी","(Late )Pradeep k gupta","CA","Shobha gupta","Adv Jitendra Kumar gupta","Married: None | Unmarried: None","Married: None | Unmarried: Shivanshi gupta","9451935858","Contact Person","must be understanding and educated . | Humble family background.","","Kanpur","Long walks ,gyming, binge watching, travelling,","No","","Block b flat 304 Paras heights near bmhrc , karond circle Bhopal","1899-12-30 14:50:00","Kanpur","","","","(late) sudama Prasad gupta","","Ca Dilip kumar gupta","Madhulika gupta","","","","","","","","Gold","","2027-05-18 00:00:00","all","","","","",""
"migr_1779091712196_266","asvmg2009@gmail.com","Approved","2025-04-07T15:52:27.899Z","Big Brother (First Cousin)","Male","Unmarried","Harshit Gupta (Sohane)","17/01/1991","5'6""","","No","B. Com","Service/नौकरी","700000","Agra","Agra","Bhal","सोहाने","Ram Kumar Gupta","Retired Assistant Engineer","Anita Gupta","3","Married: Nil | Unmarried: Nil","Married: 2 Sisters | Unmarried: Nil","8826083131","Contact Person","Educated | Simply Educated","","Agra","Maintaining Relations","No","","4/3, Peetam Nagar, PS - Dhoomanganj, Sulem Sarai, Prayagraj","1899-12-30 06:09:00","Prayagraj","","","","Lt. Shri Ram Shankar Gupta","","3","4","","","","","","","","Gold","","2027-05-18 00:00:00","all","","","","",""
"migr_1779091712199_352","lalloogupta973@gmail.com","Approved","2025-10-22T07:37:00.045Z","पिता","Male","Unmarried","अखिल गुप्ता","1994-12-04 00:00:00","5'9""","","Yes","B.Tech","Business/व्यापार","1500000","Noida","Orai","कोच्छिल","कस्तवार","लल्लू राम गुप्ता","रिटायर्ड बैंक मैनेजर","सुमन गुप्ता","No","Married: Brother -निखिल गुप्ता 
Bhabhi - Pooja Gupta | Unmarried: No","Married: No | Unmarried: No","9451317665","Contact Person","Educated, Mature, Simple Living, Working as her choice | Educated, Mature, Simple Living, Working as her choice","","Noida","Travelling, Food, Writing","No","","3663/A, Indira Nagar, Videh Vatika ke peeche, Rath Road Orai","1899-12-30 18:20:00","उरई","","","","कैलाश नारायण गुप्ता 
राम बिटोली गुप्ता","","सुशील गुप्ता 
निशा गुप्ता","राममूर्ति गुप्ता 
देवेंद्र गुप्ता","","","","","","","","Gold","","2027-05-18 00:00:00","all","","","","",""
"migr_1779091712200_387","guptarakesh6264@gmail.com","Approved","2026-05-07T08:49:20.283Z","Daughter","Female","Unmarried","Aakanksha Gupta","1998-02-02 00:00:00","5'","","No","B.Tech(CS) from UPTU","Service/नौकरी","Rs. 8 LPA.","Gurugram","Ghaziabad","Vasar/Vasal","सेठिया","Rakesh Kumar Gupta","Retired from Union Ministry of Home Affairs as Deputy Secretary.","Ramji Gupta","Ghan Shyam Gupta Jhansi","Married: One elder brother. | Unmarried: No.","Married: No. | Unmarried: No.","9868111872","Contact Person","Priority for Software engineer working in Delhi/NCR but proposal will be  considered working in other field and cities. | Priority for Software engineer working in Delhi NCR but will be considered from other field and cities.","","Gurugram","To visit various new places.","No.","","510 Neeti Khand First Indirapuram Ghaziabad","1899-12-30 04:20:00","Ghaziabad","","","","Late Shri Bhanu Pratap Gupta and Mrs.Chandravati Gupta","","Shri Shyam Lal Gupta Jhansi","Shri Beni Madho Gupta and Vibha Gupta Chitrakoot.","","","","","","","","Gold","","2027-05-18 00:00:00","all","","","","",""
"migr_1779091712200_388","prerna.gupta1237@gmail.com","Approved","2025-07-06T09:49:08.290Z","Sister","Female","Unmarried","Tulika Gupta","1996-05-11 00:00:00","5'5""","","No","MBBS, Currently pursuing MS in Gynaecologist","Any other/कोई और","","Jhansi","Jhansi","Gangil","नौगरैया","Late Mr. Ashok Kumar Gupta","Business","Savitri gupta","1. Mrs Rajprabha and Late Mr. Madan Lal Lahariya
2. Mrs. Meera and Late Mr. Jugal Lahariya
3. Mrs. Geeta and Mr. Vinod Lahariya ( Gwalior)","","Married: Mrs. Prerna Gupta W/O Mr. Prateek Gupta","8765296528","Contact Person","Looking for a Post Graduate Doctor (MD/MS) | MD/MS (Doctor)","","Jhansi","Travelling","NA","","C.P Mission Compound Near Damar Godown, Jhansi","1899-12-30 21:14:00","Jhansi","","","","Late Shri Dayaram Naugariya -","Late Smt. Kusum Devi","Mr. Satish Gupta - Mrs. Sashi Gupta","1. Mrs. Meena and Mr. Santosh Gupta
2. Mrs. Ranjana and Late Mr. Satish Gupta
3. Mrs. Sangeet and Mr. Sanjay Gupta
4. Mrs. Neelam and Mr. Abhilash Gupta","","","","","","","","Gold","","2027-05-18 00:00:00","all","","","","",""
"migr_1779091712200_389","neeraj.kastwar99@gmail.com","Approved","2025-07-06T11:34:29.150Z","Son","Male","Unmarried","Aditya Kastwar","1998-03-02 00:00:00","5'8""","","No","BTech","Service/नौकरी","1300000","Pune","Jabalpur","Kochal","कस्तवार","Neeraj Kastwar","Service LIC of India, Asst. Divisional Manager","Smt. Nidhi Kastwar","1.Shri Nitin Jhudele/ smt. Somya judele. 2. Pranjul Jhudele/Smt  Ankita Jhudele","Married: No | Unmarried: No","Married: No | Unmarried: 1","9407058283","Contact Person","Software Engineer | Na","","Pune","Traveling, Cycling, Tracking, Running","Na","","E-25, Kachnar City, Vijay Nagar, Jabalpur MP","1899-12-30 12:32:00","Jabalpur","","","","Lt. Shri Rajni Kant Kastwar","Smt Rama Kastwar","Shri Anil Kastwar/ Smt. Dipti Kastwar","1. Shri Laxmi Kant Sarawgi/ smt. Shikha Sarawgi. 2. Shri Brijesh Kumar Gupta / smt. Manju Gupta","","","","","","","","Gold","","2027-05-18 00:00:00","all","","","","",""
"migr_1779091712200_390","rachitkumarjar@gmail.com","Approved","2025-07-06T15:51:20.759Z","Self","Male","Unmarried","Rachit Jar","1996-11-09 00:00:00","5'7""","","No","MBA- IIM Mumbai , B.E.(Mech)","Any other/कोई और","30 Lakhs","Bangalore","Jabalpur","Gol","जार","Kamlesh Kumar Jar","Retired as Dy. GM of Mines","Manju Jar","Smt. Sunita Saraogi - Late Shri Ashok Saraogi 
Smt. Ranjana Saraogi - Late Shri Anil Saraogi - Jabalpur
Late Shri Atul Saraogi","","Married: Kriti Jar(Software Engineer in Intuit) , Married to Manish Gangal (Software Engineer in Amazon) , California , USA","8982794672","Contact Person","I am looking for someone who is well educated, kind and respectful. Someone working in Bangalore/Pune/Hyderabad or open to relocate to these cities is preferred. | I am looking for someone who is well educated, kind and respectful. Someone working in Bangalore/Pune/Hyderabad or open to relocate to these cities is preferred.","","Bangalore","Cooking, Singing, Swimming, Cricket, Movies","Respectful, Kindness, Mature and supporting","","F 26/2 Tagore Marg, Kachnar City, Jabalpur","1899-12-30 16:58:00","Katni","","","","Late Smt. Laxmibai-","Late Shri Kishori Lal Jar","Tai Ji - Tau Ji  - Smt. Geeta - Shri Vishnu Kumar Jar (Ret. From Bank Of India Katni)
Chachi Ji - Chacha Ji - Smt. Meenu -Shri Manish Jar (CEO Neosap Ltd. London
U.K.)","Smt. Sushma-Shri Girdhari Lal Ji Gupta - Katni
Smt. Pratibha-Shri Rakesh Barsaiyan – Vidisha
Smt. Sandhya –Shri Mukesh Dadariya - Bhilai
Smt Savita Shri Shivshankar Gupta –Narmadapuram","","","","","","","","Gold","","2027-05-18 00:00:00","all","","","","",""
"migr_1779091712200_391","gupta2639@gmail.com","Approved","2025-07-09T14:08:39.076Z","Brother","Male","Unmarried","Saurabh Gupta (Ayush)","20/01/1997","5'6""","","No","Graduation","Service/नौकरी","7-8 L","Delhi","Jhansi","Jaitil","लहारिया","Satish Gupta","Business","Hema Gupta","Anil Gupta 
Vish Deepak Gupta 
Jitu Gupta","Married: Shivam Gupta","Married: Nishu Gupta
Deeksha Gupta","7827301958","Contact Person","Educated | Educated","","Delhi","Sports","No","","Delhi","1899-12-30 18:00:00","Moth(Jhansi)","","","","Lt.Sh.Nathuram Laharya - Ram Devi Gupta","","Ashok Gupta(Lalla)- Lt. Mamta Gupta 
Rakesh Gupta - Rakhi Gupta","Omprakash Neekhra
Mahendra ji Chauda
Mahesh Lohiya 
Arvind khard
Sandeep piparsaniya","","","","","","","","Gold","","2027-05-18 00:00:00","all","","","","",""
"migr_1779091712200_392","kuldeepsuhane.1972@gmail.com","Approved","2025-07-11T14:26:43.121Z","Father","Female","Unmarried","Aditi suhane","19/01/2000","5'6""","","Partial","Diploma in fashion designing,M.A. in economics","Any other/कोई और","","Chhatarpur","Chhatarpur","Bhal","सुहाने","Kuldeep suhane","Business","Abhilasha suhane","smt.parvati-jayprakash seth Tikamgarh, Rajkumar,Raviprakash seth chirgaon dist.jhansi","Married: ... | Unmarried: 1-Elder brother -Abhideep suhane","Married: Non | Unmarried: Non","9754933011","Contact Person","... | Well Settled,charming personality,family oriented","","Chhatarpur","Drawing,painting,listening music","No","","J-178 Green Avenue colony,satai road chhatarpur","1899-12-30 19:30:00","Chhatarpur","","","","Shri gangadeen suhane","smt.sitadevi suhane","Smt.Poonam-Sandeep suhane,smt pratibha -pradeep suhane","Smt.Ragni-Ashish gupta jhansi U.P.","","","","","","","","Gold","","2027-05-18 00:00:00","all","","","","",""
"migr_1779091712200_393","lakhanlalgupta66@gmail.com","Approved","2026-05-11T00:49:14.776Z","Self","Male","Unmarried","Lakhan Gupta","1994-04-05 00:00:00","5'3""","","Partial","B.sc & Polytechnic with computer science","Business/व्यापार","Up to 5 Lakh","Orai","Orai","Kochchal","पिपरसानिया","Late Siya sharan","Na","Archana Gupta","VishnuKant Bilaiya/Pinki
Santosh Bilaiya/Radha Gupta","","Married: 2 | Unmarried: 1","9369673754","Contact Person","Loving and caring | No","","Orai","Reading books and travelling and listing music","No","","Gopalganj orai behind DAV inter college Orai","1899-12-30 04:10:00","Orai","","","","Late Radha charan Gupta","","Hari sharan Gupta/Saroj Gupta","Uma/Ashok seth","","","","","","","","Gold","","2027-05-18 00:00:00","all","","","","",""
"migr_1779091712200_395","guptacp0111@gmail.com","Approved","2025-07-15T17:38:49.350Z","Father","Male","Unmarried","Tarun Kumar Gupta","1989-05-09 00:00:00","5'2""","","Partial","Inter and ITI","Service/नौकरी","20000 per month","Hamirpur","Hamirpur","Kocil","इन्दुरख्या","Chandra Prakash Gupta","Service","Let Madhu Gupta","Yes","Married: No | Unmarried: No","Married: One sister | Unmarried: No","9336289235","Contact Person","Ordanary | Ordanary","","Hamirpur","News paper reading","No","","Near ketki vidya mandir rameri Hamirpur","1899-12-30 11:45:00","Jhanshi","","","","Nhi","","Yes","Yes","","","","","","","","Gold","","2027-05-18 00:00:00","all","","","","",""
"migr_1779091712200_396","rajatchhawla19@gmail.com","Approved","2025-07-17T17:02:17.302Z","Rajat chhawla","Male","Unmarried","RAJAT CHHAWLA","22/08/1989","5'7""","","No","Electrical engineer","Service/नौकरी","5 lakhs","Noida","Orai","Kauchilya","सावला","Late mr rajendra chhawla","Construction","Aruna chhawla","Kuldeep gupta","Married: 1","Married: 1","8127702054","Contact Person","None | None","","Noida","Movies , visit to new place","No","","Ghaziabad","1899-12-30 21:15:00","Orai","","","","None","","None","None","","","","","","","","Gold","","2027-05-18 00:00:00","all","","","","",""
"migr_1779091712200_397","abhisheksuhane1998@gmail.com","Approved","2025-11-22T15:38:42.803Z","Son","Male","Unmarried","Abhishek suhane","1997-10-08 00:00:00","5'6""","","No","D el.ed","Service/नौकरी","3 lakh","Gwalior","Orai","Bhal","सुहाने","Dinesh chandra suhane","Businessman","Shivkumari gupta","Shri Dharmendra vishwari 
( New kajal garments gurudwara rath road orai)
Shri Mukesh vishwari  (N.P.P. Orai )","Married: No | Unmarried: No","Married: 1 | Unmarried: 1","6388687089","Contact Person","Well educated, religious ,& good looking | Well educated religious & good looking","","Gwalior","Watching movies","No","","889 Tulsi nagar orai , jaloun (Near Dr. Shri Ram kharya street ) Orai , jaloun","1899-12-30 06:45:00","Orai, jaloun","","","","Late smt girja devi & late Shri ramratan suhane","","Mr Virendra suhane","Ramachandra saravagi","","","","","","","","Gold","","2027-05-18 00:00:00","all","","","","",""
"migr_1779091712200_398","rupali.shridham14@gmail.com","Approved","2025-07-18T16:36:36.411Z","Sister","Male","Unmarried","Rahul barsainya","29/06/1984","5'11""","","No","B.tech.","Service/नौकरी","3500000","Pune","Katni","Bachal","बरसैंया","Lt Rameshwer Das  barsainya","Buusness (earlier)","Mrs krishna barsainya","Shri L gupta ji","Married: 1","Married: 1 | Unmarried: 1","6232793076","Contact Person","Educated. Attractive girl with miderate weight | Edycated, attractive with family value","","Pune","Tracking,moovies,travelling","No","","Gangapur riad nashik","1899-12-30 23:17:00","Katni","","","","Shri Ratanchand ji barsainya","","Ghanayam das ji barsainya","Shri naugraiya","","","","","","","","Gold","","2027-05-18 00:00:00","all","","","","",""
"migr_1779091712200_399","mpguptasrao@gmail.com","Approved","2025-07-23T11:31:00.184Z","Bade Papa","Female","Divorced","Ankita Gupta","1994-06-12 00:00:00","5'3""","","No","B E EC","Service/नौकरी","720000","Bhopal","Bhopal","Bachhal","ददरया","Ram krishna Gupta 8085196898","businessman and Civil Contractor","Smt Usha Gupta","Radhe Lal Geda Bhopal 9993007122 , Krishna Kumar Geda, Shri Narendra Geda","Married: One | Unmarried: NIl","Married: Nil | Unmarried: Nil","9425607792","Contact Person","Equally Qualified ,   Living in Bhopal or nearby or work in MNC in any where | equally qualified and co-ordinate with both the families","","Bhopal","Pass time with family member and known person","familiar with family member and other known person","","Ansul Auto Part Begumganj District Raisen Madhya Pradesh","1899-12-30 11:00:00","Bhopal","","","","Late Shri Bhagwat Sharan Gupta -","Late Smt. Meera Bai Gupta","Shri Ramnath Gupta - Kamla Gupta Bhopal , Shri Sita Ram Gupta Bhopal 9981045016, Mahadeo Prasad Gupta- Kishori Gupta Bhopal  9425607792, Balram Gupta-Kalpana Gupta Bhopal 9755164340 and Ghanshyam Gupta- Meena Gupta Bhopal  7000410353","Smt Rambati- Lakhan Gupta, Ramsaki- Tikaram Gupta, Yashoda Gupta- Tulsiram Gupta Saroj soni- Swadesh Soni Bhopal","","","","","","","","Gold","","2027-05-18 00:00:00","all","","","","",""
"migr_1779091712200_400","kamleshkumarjar@gmail.com","Approved","2025-07-24T08:25:52.074Z","Father","Male","Unmarried","RACHIT  JAR","1996-11-09 00:00:00","5'8""","","No","BE (Mech)+PG Diploma from IIM Mumbai","Service/नौकरी","30 LPA","Jabalpur","Jabalpur","Gol","जार","Kamlesh Kumar Jar","Retired","Manju Jar","Lt Shri Ashok Kumar Saraogi/Smt Sunita 
Lt Anil Saraogi/Smt Ranjana
Lt Shri Atul Saraogi","Married: No | Unmarried: No","Married: Smt Kriti Manish Gangal (USA) | Unmarried: No","8982794672","Contact Person","Well educated | Well educated with job","","Jabalpur","Playing Cricket ,Travelling ,","No","","F-26/2 , Tagore Marg,kachnar city,Vijay nagar ,Jabalpur MP","1899-12-30 16:58:00","KATNI","","","","Late Shri Kishori Lal Jar /","Late Smt.Laxmi bai Jar","Shri Vishnu Kumar Jar /Smt. Gita Jar, Katni
Shri Manish Jar /Smt. Meenu Jar  (U K)","Shri Girdhari Lal Gupta / Smt Sushma ,Katni 
Shri Rakesh Barsaiyan/Smt Pratibha, Vidisha 
Shri Mukesh  Dadariya/Smt Sandhya ,Bhilai 
Shri Shivshankar Gupta /Smt Savita , Narmadapuram","","","","","","","","Gold","","2027-05-18 00:00:00","all","","","","",""
"migr_1779091712200_401","guptasaroj6168@gmail.com","Approved","2025-07-28T16:25:52.116Z","Amit kumar gupta. Father","Male","Unmarried","Ayush Gupta","1997-10-10 00:00:00","5'7""","","No","B Tech. Dtu delhi","Service/नौकरी","20 lac","Jhansi","Jhansi","Gagal","नौगरैया","Amit kumar gupta","Bussiness","Saroj Gupta","Anand Gupta","Married: No | Unmarried: Anshit gupta","Married: No | Unmarried: No","9451659311","Contact Person","No | No","","Jhansi","Reading","No","","Main market Ranipur","1899-12-30 10:45:00","Jhansi","","","","Lakhan lal gupta","","S k gupta 
Anurag gupta","Mukesh tikarya","","","","","","","","Gold","","2027-05-18 00:00:00","all","","","","",""
"migr_1779091712200_402","ritikgupta5112@gmail.com","Approved","2025-07-30T04:19:42.436Z","Bade bhaiya","Male","Unmarried","MR.ROHIT GUPTA","1997-04-11 00:00:00","5'7""","","No","10+","Service/नौकरी","","Chhatarpur","Chhatarpur","Batsalya","बरसैंया","Late - Mr . santosh gupta ji","Nahi","Rani gupta ji","Mr. Ashok ,geeta seth 
Mr.ramesh ,rekha seth 
Mr.harinarayan (pappu), sudha seth
Late - jainarayan ,nandni seth","Married: Nahi | Unmarried: Chhota bhai ritik gupta","Married: Sweta ,sunil  kankane ji 
Nidhi , dheeraj kumar nograiya  ji | Unmarried: Nahi","9630978635","Contact Person","Natural | National natural","","Chhatarpur","Treveling, new product use","Nahi","","Mahoba road bhind k.v school Chhatarpur M.p","1899-12-30 11:45:00","Dhamna (Tikamgarh)","","","","Nahi","","Bade papa Bhagwan das , chandravati gupta ji","Nahi","","","","","","","","Gold","","2027-05-18 00:00:00","all","","","","",""
"migr_1779091712200_404","anitagupta3632@gmail.com","Approved","2025-08-03T16:50:07.814Z","Son","Male","Unmarried","Gopal Gupta","30/03/1996","5'11""","","No","B. Tech and MBA","Service/नौकरी","10 LPA","Gurgaon","Mathura","Vashal","मर","Brij Kishor Gupta","Service","Anita Gupta","3","Unmarried: 1","Unmarried: 1","7836802595","Contact Person","Well educated, working | Well educated and working","","Gurgaon","Travelling, watching movies and others","No drinking, no smoking","","Vrindavan","1899-12-30 10:52:00","Mathura","","","","Late prof. R.B. Gupta - Smt. Kamala Gupta","","0","1","","","","","","","","Gold","","2027-05-18 00:00:00","all","","","","",""
"migr_1779091712200_405","rkatare871@gmail.com","Approved","2025-08-04T02:45:52.179Z","Son","Male","Unmarried","Akash katare","27/05/1997","5'8""","","No","B. Tech ( civil)","Self-Employed/स्वनियोजित व्यापार","10 lacs","Shahdol","Shahdol","Konchal","कटारे","Rajesh kumar katare","Civil contractor","Anita ( pinki)katare","Sanjay+Rashmi gupta
Ajay-Dipoka gupta","Married: Arpit katare | Unmarried: No","Married: Ashana gupta ,asmita katare (jindal) | Unmarried: No","9425343950","Contact Person","Working from home. | Working from home.","","Shahdol","Movies,chess,","Good","","Near Jain mandir shahdol (M.P.)","1899-12-30 01:02:00","Shahdol.","","","","Late L.P.Katare  kamladevi katare","","Tau ji D.P.Katare - Sudha katare
Uncle - Pradeep - Rakhi katare","Archana-Santosh indurakhya
Renu-Rakesh rawat","","","","","","","","Gold","","2027-05-18 00:00:00","all","","","","",""
"migr_1779091712200_406","mailtorg@gmail.com","Approved","2025-08-04T07:23:34.318Z","Daughter","Female","Unmarried","Megha","1996-04-03 00:00:00","5'4""","","Yes","BTECH, MTECH, MBA - IIM","Service/नौकरी","23 lacs","Noida","Noida","Vasal","नौगरैया","Rajeev Gupta","CEO, Usha Amorphous","Roli Gupta","Rajeev Gupta/ Sandhya Gupta, Orai","Married: Nil | Unmarried: Studying in B.Tech. at Thapar Patiala","Married: No | Unmarried: No","9811548685","Contact Person","B.tech from IIT OR MBA from IIM/ISB. Equivalents are also welcome | B.Tech. from IIT OR MBA from IIM/ISB.v Equivalents are also welcome.","","Noida","Cooking and visiting new places","Truthful","","Sector 22, Noida","1899-12-30 17:15:00","Tikamgarh","","","","Shri Ramesh Chandra Gupta and Smt Bimla Gupta","civil lines Tikamgarh","Sanjeev/ Saroj Gupta, Bhopal","Nil","","","","","","","","Gold","","2027-05-18 00:00:00","all","","","","",""
"migr_1779091712200_407","guptashyama029@gmail.com","Approved","2025-08-04T16:49:02.230Z","Daughter","Female","Unmarried","Shyama Gupta","1994-02-07 00:00:00","5'6""","","No","B.Tech (CSE)","Service/नौकरी","10-12 LPA","Delhi","Mathura","Vashal","मर","Brij Kishor Gupta","Service","Anita Gupta","3","Unmarried: 2","","7836802595","Contact Person","Well Educated and working | Well Educated and working","","Delhi","Travelling, reading","Well Educated and family oriented","","Vrindavan-Mathura","1899-12-30 12:52:00","Mathura","","","","Late prof. R.B. Gupta - Smt. Kamala Gupta","","0","1","","","","","","","","Gold","","2027-05-18 00:00:00","all","","","","",""
"migr_1779091712200_409","94gupta.akshay@gmail.com","Approved","2025-10-30T05:57:48.267Z","Self","Male","Unmarried","Akshay Seth","29/03/1994","6'","","No","BE (electronics and communication)","Service/नौकरी","2000000 (20 Lakhs)","Gurgaon","Dindori Madhya Pradesh","Jaital","सेठ","Santosh Kumar Seth , 9685585113","Businessman","Nirmala Seth, 9109521888","Mr. Sant Kumar Neekhra, Rewa Madhya Pradesh 
Mr. Satyanarayan Neekhra, Majhgawa Madhya Pradesh 
Mr. Indrakumar Neekhra, Majhgawa Madhya Pradesh","Unmarried: Ansh Seth, persuing BE from MIT Pune (last year)","Married: Sister- Mrs. Pooja Geda, MBA,MA,PGDCA,BED, working as a teacher, Gurgaon Haryana 

Brother in law- Mr. Manish Geda, Aircraft Maintenance Engineer, Vistara Airlines, Gurgaon Haryana","9685586717","Contact Person","Well Educated | Well educated, should have mix of traditional as well as modern mindset.","","Gurgaon","Poetry writing, Traveling, Painting","NA","","Sector 43, Gurgaon Haryana","1899-12-30 07:35:00","Dindori Madhya Pradesh","","","","Lt. Mr. Devlal Seth
Lt. Mrs. Ramkali Seth","","Lt. Mr. Dwarka Prasad Seth, Bilaspur Chhattisgarh 

Mr. Sudama Prasad Seth, businesses, Dindori Madhya Pradesh","Mr. Rajkumar Gupta, Bilaspur Chhattisgarh 
Mr. Omprakash Kuchya, Jabalpur Madhya Pradesh 
Mr. Chagan Saraogi, Sihora Madhya Pradesh","","","","","","","","Gold","","2027-05-18 00:00:00","all","","","","",""
"migr_1779091712200_410","gupta.brajesh282@gmail.com","Approved","2025-08-10T06:06:18.034Z","Father","Female","Unmarried","Palak Gupta","18/12/1996","5'1""","","No","B.E. IT","Service/नौकरी","9lakh","Mumbai","Bhopal","Vachal","बिलैया","Brajesh Gupta","Govt service","Manju Gupta","Ashok and Suman Gupta(jhansi), KK and Ranjana Gupta (faridbad)","Married: None | Unmarried: None","Married: None | Unmarried: None","9827377716","Contact Person","Engineer and caring | Engineer and caring","","Mumbai","Art, badminton","Obedient, belives in relation and hard working","","J5 Gokul Dham Nayapura karond by pass road, near new central jail, bhopal","1899-12-30 05:45:00","Gwalior","","","","Late Shri S.S. Gupta","","None","None","","","","","","","","Gold","","2027-05-18 00:00:00","all","","","","",""
"migr_1779091712200_411","akashneekhara20@gmail.com","Approved","2025-08-11T05:34:38.571Z","Sibling","Female","Unmarried","Abha Gupta","1997-08-05 00:00:00","5'","","No","MBBS","Service/नौकरी","10-15 lacs","Indore","Jabalpur","Kauchhal","नीखरा","Ram Kishor Neekhara","Retd. Govt. Engineer","Vandana Neekhara","Sanjay Gupta / Rakhi Gupta
Vijay Gupta / Archana Gupta","Married: - | Unmarried: Akash Neekhara","Married: - | Unmarried: -","7999411517","Contact Person","Doctor | Doctor","","Indore","-","-","","IIT Indore","1899-12-30 01:02:00","JHANSI","","","","Lt. Shyam Sundar Neekhara","Lt. Nanhi Bai Neekhara","-","Rakesh Gupta / Rama Gupta","","","","","","","","Gold","","2027-05-18 00:00:00","all","","","","",""
"migr_1779091712200_412","udaygupta708@gmail.com","Approved","2025-08-13T06:13:09.949Z","","Male","Unmarried","Uday Gupta","17/06/1993","5'7""","","Partial","Btech Computer Science Engineering","Service/नौकरी","35.5 LPA","Bangalore","Jaipur","Kohil","कन्देले","Anoop Gupta","Commercial Manager Rajasthan Region(Emami Agrotech)","Sushma Gupta","Late Prof. Dr. D.K Gupta(HOD,Chemistry, MVM college, Bhopal MP) , Smt. Prabha Gupta","Married: Prannjul Gupta","","9785210423","Contact Person","Kind hearted, Working Professional | Kind Hearted, Working Professional","","Bangalore","Travelling, Sports, Cooking, Gardening","Patience, Kindness, Hard Working, Family and Career Oriented, Spiritual and Religious","","F-1, B206 ganga Jamuna Colony Murlipura, Jaipur Rajasthan","1899-12-30 19:30:00","Kanpur Uttar Pradesh","","","","Late Shri Ram Narayan Gupta","","Atul Gupta,Director( Education Group), Sheopur & Dr. Alka Gupta(Principal B.ed College)
Alok Gupta( SMS, Krishi Vigyan Kendra, Karbi, Chitrakoot) & Dr.Preeti Gupta(Govt. Teacher)
Love Gupta(Business, Kanpur) & Sikha Gupta
Kush Gupta(Business, Kanpur) & Rakhi Gupta( Govt. teacher)","0","","","","","","","","Gold","","2027-05-18 00:00:00","all","","","","",""
"migr_1779091712200_414","choudaha.akhilesh@gmail.com","Approved","2025-08-15T17:30:22.925Z","पिता","Male","Unmarried","अंकित चौदहा","1997-01-09 00:00:00","5'11""","","No","बी. ई. ( एस जी एस आई टी एस, इंदौर )एम. ए.","Service/नौकरी","6.00 लाख","कटनी","कटनी","बांदल","चउदा","अखिलेश कुमार चौदहा","शासकीय शिक्षक","किरण लता चौदहा","श्री विवेक /श्रीमती अंजली गुप्ता, श्री विभाष /श्रीमती उपमा गुप्ता, श्री वैभव /श्रीमती रूचि गुप्ता","Married: नहीं | Unmarried: अर्चित चौदहा, आईसर भोपाल में अध्ययन रत","Married: नहीं | Unmarried: नहीं","7987796912","Contact Person","उच्च शिक्षित,शासकीय /प्राइवेट सर्विस भोपाल में सेवारत, | उच्च शिक्षित शासकीय /प्राइवेट सर्विस में भोपाल में सेवारत","","कटनी","ट्रेवलिंग, म्यूजिक लिसेनिंग","नहीं","","आशीर्वाद, डी 66, शासकीय कन्या हाई स्कूल के पास, डी सेक्टर, नेहरू नगर, भोपाल. 462003","1899-12-30 15:40:00","कटनी","","","","स्व. किशोरी लाल चौदहा","स्व. श्रीमती श्याम किशोरी चौदहा","श्री आलोक चौदहा /श्रीमती अलका चौदहा, श्री अरविन्द चौदहा /श्रीमती संध्या चौदहा","श्रीमती रश्मि सुहाने /श्री निर्मल सुहाने, श्रीमती किरण बिस्वारी /श्री प्रियव्रत बिस्वारी, श्रीमती ज्योति सेठ /श्री बृजेश सेठ गुप्ता","","","","","","","","Gold","","2027-05-18 00:00:00","all","","","","",""
"migr_1779091712200_417","anshg044@gmail.com","Approved","2025-08-24T03:24:12.329Z","Daughter","Female","Unmarried","Kanchi Gupta","13/05/1999","5'","","No","MBA in operation management","Service/नौकरी","4 - 5 Lakh","Bangalore","Katni","Jaytal","नगरिया","Shailesh Gupta","Business","Bharti Gupta","Sachin sarawagi - Shilpi sarawagi","Married: No | Unmarried: Ansh Gupta","Married: No | Unmarried: No","9993465215","Contact Person","Supporting, Traveling | Supporting, Traveling","","Bangalore","Traveling, Reading, Exploring new cuisines","Simplicity, Positivity, supporting","","Shastri colony, near central bank of India,  katni (M.P.)","1899-12-30 22:15:00","Katni","","","","Late Shri Munna Lal Gupta -","Late Smt. Chanda devi","Rakesh Gupta - Meera Gupta 
Late Rajendra Gupta - Ranjna Gupta","Brijendra Gupta - Sushma Gupta","","","","","","","","Gold","","2027-05-18 00:00:00","all","","","","",""
"migr_1779091712200_418","sunitamata96@gmail.com","Approved","2025-08-25T15:28:19.650Z","Father","Male","Unmarried","Yogesh  Gupta","1992-09-08 00:00:00","5'6""","","No","BCA","Service/नौकरी","5 lakh","Delhi","Delhi","Jaital","रिखोल्या","Jawahar lal gupta","Pvt job","Sunita Gupta","Rakesh & Shashi Gupta","","Married: 3","9958380040","Contact Person","Educated girl | Required family oriented girl","","Delhi","Traveling","NA","","Uttam nagar new delhi","1899-12-30 09:50:00","Delhi","","","","Expired","","Jagdish & Rekha Gupta","NA","","","","","","","","Gold","","2027-05-18 00:00:00","all","","","","",""
"migr_1779091712200_419","chessalpha45@gmail.com","Approved","2025-11-26T19:17:15.746Z","Self","Male","Unmarried","Rajeev Gupta","21/11/1995","5'8""","","No","B.Tech IIT BHU","Service/नौकरी","40 Lakh","Jhansi","Jhansi","Bachhal","बरसैंया","Rajendra Prasad Gupta","Retired from PWD","Neelam Gupta","Rajendra Kumar Sijariya - Saroj Devi","","Married: Neeti Gupta w/o Abhay Gupta Indore
Kirti Gupta w/o Puneet Gupta Kanpur
Samiksha Gupta w/o Shudhansu gupta","7376663091","Contact Person","Educated & Ambitious, Health-conscious, Grounded in values but open-minded, Emotionally supportive & communicative, Flexible about location and future plans | B.Tech, MBBS, MBA and working,Educated & Ambitious, Health-conscious, Grounded in values but open-minded, Emotionally supportive & communicative, Flexible about location and future plans","","Jhansi","Badminton, Soundtracks, travelling","NA","","134 Najhai Bazar Jhansi","1899-12-30 03:50:00","Jhansi","","","","Late Mr. NathuRam Barsaiyan -","Late Mrs. Rampyari","Lt. Mr. Ladlisharan barsaiya - Shobha Gupta","NA","","","","","","","","Gold","","2027-05-18 00:00:00","all","","","","",""
"migr_1779091712200_420","pipersaniya@gmail.com","Approved","2025-08-30T18:22:25.778Z","Mother","Female","Unmarried","Priyanshi Pipersaniya","1997-05-09 00:00:00","5'5""","","No","MBA (Finance & HR)","Service/नौकरी","5-10 lakhs","Indore","Jabalpur","Kochal","पिपरसानिया","Mukesh Pipersaniya","Business","Manju Pipersaniya","Late Shri Ashok Naugraiya","Married: None | Unmarried: Utsav Pipersaniya","Married: Mansi Pathak | Unmarried: None","9300562358","Contact Person","None | .","","Indore","Travelling, watching movies/series, gardening","None","","250,north milloniganj chota fuhara in front of BSNL office post office lane","1899-12-30 14:45:00","Jabalpur","","","","Late Shri Anant lal gupta   late Shrichanda bai gupta","",".",".","","","","","","","","Gold","","2027-05-18 00:00:00","all","","","","",""
"migr_1779091712200_421","tusharbaronia@gmail.com","Approved","2025-08-30T18:38:08.231Z","Self","Male","Divorced","Tushar Baronia","26/06/1987","5'10""","","No","BTech","Service/नौकरी","3500000","Bangalore","Bangalore","Vatchal","बड़ोन्या","Late Vijay Kumar Baronia","Engineering Business","Late Usha Baronia","Adv. Rajeev Gupta (Jhansi) and Neelam Gupta","","Married: Richa Barsaiyan w/o Mahesh Barsaiyan (Chatarpur MP) Businees
Priyanka Gupta Hoonka w/o Sachin Gupta Hoonka (Bangalore) Software Engineers
Sonal Tripathi w/o Suryakant Tripathi (Kanpur) Software Engineer
Minal Gupta w/o Anurag Gupta (Bangalore) Software Engineer","9686742602","Contact Person","Loving, Caring and Soft spoken. | Beautiful, Independent and confident.","","Bangalore","Travelling, Flute playing, Engineering, Swimming","Very systematic and goal oriented.","","Whiteffield, Bangalore","1899-12-30 14:25:00","Kanpur","","","","Late Ram Chandra Baronia Engineer BHU","Late Lakshmi Devi MA Hindi, MA English","Shashi Baronia (Hyderabad)
Late Ravi Baronia (Mumbai)","NA","","","","","","","","Gold","","2027-05-18 00:00:00","all","","","","",""
"migr_1779091712200_424","ankitingwl@gmail.com","Approved","2026-02-15T15:36:45.239Z","Son","Male","Unmarried","Arpit Gupta","30/11/1989","5'","","Partial","BE Computer Science, MA from ignou University Delhi","Service/नौकरी","4.5Lac Per anum","Gwalior","Gwalior","Gagil","नौगरैया","Mr. Shiv Sharan Naugraiya","Business","Mrs Mamta Naugraiya","Mr Shivkumar - Mrs Sandhya Kasav (Govt. Teacher Chachaura-Binaganj, Guna MP )
Mr. Premkumar - Mrs Sanjana Kasav (Kshama Trading Daal Bazar Gwalior, MP)","Married: Ankit - Kalyani Naugraiya (Software Engineer, Mumbai) | Unmarried: -","Married: Radha Gupta - Abhishek Tarsoliya (Kartik HP Konch UP) | Unmarried: -","9022658812","Contact Person","Educated, Family Oriented | Family Oriented","","Gwalior","Reading Books, Tech enthusiast","-","","G-12, Woods Residency, Sirol Gwalior, MP","1899-12-30 04:30:00","Orai","","","","Shri Vishambhar Dayal - Kamla Naugraiya","","-","-","","","","","","","","Gold","","2027-05-18 00:00:00","all","","","","",""
"migr_1779091712200_425","akashneekhara22022000@gmail.com","Approved","2025-09-11T16:35:20.613Z","Sibling","Female","Unmarried","Dr. Abha Gupta","1997-08-05 00:00:00","5'","","No","MBBS from SSMC, Rewa","Service/नौकरी","--","Indore","Jabalpur","Kauchhal","नीखरा","R K Neekhara","Retired Govt. Engineer","Vandana Neekhara","--","Married: -- | Unmarried: Akash Neekhara (younger)
Software Engineer at Infosys","Married: -- | Unmarried: --","8349904336","Contact Person","Doctor | Down to earth, helping, supportive","","Indore","--","Down to earth, helping, supportive in nature","","--","1899-12-30 01:02:00","Jhansi","","","","Late S S Neekhara /","Late Nanhi Bai Neekhara","--","--","","","","","","","","Gold","","2027-05-18 00:00:00","all","","","","",""
"migr_1779091712200_426","anilkumarguptagwl@gmail.com","Approved","2025-09-12T11:57:29.476Z","father","Male","Unmarried","Vivek Gupta","21/12/1996","5'7""","","No","MBA from IFIM Banglore Karnataka","Self-Employed/स्वनियोजित व्यापार","2400000 LPA","Gwalior","Agra","GOL","सरावगी","Anil Kumar Gupta","Retired from North Central Railway as Sr.Section Engineer.","Smt.Meera Gupta","1-Shri Ram Kumar Gupta-Smt Mamta gupta
2-Shri Sunil Gupta -Smt Jyoti Gupta
3-Shri Krishna kumar gupta-Smt Ranjana gupta
4-Shri Pradeep gupta-Smt Sanjana Gupta
Owner and Manufacturer of Evergreen Paints and other products.","Married: 1-Vikas gupta (Wealth Manager)- Smt prerna(Officer in PSU Bank) | Unmarried: No","Married: 1-Anu Gupta-Shri Devendra Kumar Gupta (Whole sale of Hardware and Electrical Business. | Unmarried: No","9425115285","Contact Person","should have post graduate in Business like (MBA/B.Tech/MSC) not necessary for service. | Who can sit in  own office.","","Gwalior","Travelling","New gadgets using ,frequently travelling and new idea of business.","","220 Vijaya nager extension Gwalior","1899-12-30 09:05:00","PRAYAGRAJ","","","","Shri Kailash Narayan Gupta-Smt Kamla Devi gupta Retired from education department.","","Shri Anand Kumar Gupta (Govt.Contracter)-Smt Saroj Gupta Govt.Teacher in UP.","1-Smt Alpana gupta-Shri Ramprakash gupta Business. 
2-Smt Premlata gupta(Principle in Govt higher secondry college)-Dr.Bharat Bhusan Gupta (LIC addmin)
3-Dr.Archana Gupta(Govt Teacher in UP)-Shri Sanjay Gupta (Govt Teacher in UP)","","","","","","","","Gold","","2027-05-18 00:00:00","all","","","","",""
"migr_1779091712200_427","shalinijii1990@gmail.com","Approved","2026-05-10T02:41:58.918Z","Self","Female","Unmarried","Self","1990-05-01 00:00:00","5'","","No","M.a.,b.ed,pgdca","Any other/कोई और","10000","Maharajpur","Maharajpur","Kochhal","विसवारी","Badri Prasad vishwari","Kirana marchant","Rani vishwari","3","Married: 01","Married: 02","9399021333","Contact Person","Well educated,well settled,good looking, caring,loving | Good looking","","Maharajpur","Gardening","Infarnity problem","","Maharajpur","1899-12-30 17:45:00","Maharajpur","","","","Passed away","","4","1","","","","","","2026-09-05T02:05:07.920Z","Gaurav Reja <dendthdel@gmail.com>","Gold","","2027-05-18 00:00:00","all","","","","",""
"migr_1779091712200_428","uma975599@gmail.com","Approved","2025-09-15T15:01:08.365Z","Friend","Female","Widowed","Sheetal","1980-02-04 00:00:00","5'","","No","MSc zoology Bed","Any other/कोई और","","पलेरा MP","पलेरा MP","No","खरया","Late shree gopal das kharya","Govt engineer","Late smt chandrakali kharya","No","Married: One | Unmarried: No","Married: 4 all married | Unmarried: No","9926824824","Contact Person","Age approx under 50 job or well maintained business | Financialiy independent caring and living in city or town","","पलेरा MP","Painting ,music","Beauty full lady loving and careing she posted her husband due to vivid and she has tow children daughter 22years old and sun 14years old","","Jhabua Madhya Pradesh","1899-12-30 04:08:00","पलेरा MP","","","","Not available","","No","No","","","","","","","","Gold","","2027-05-18 00:00:00","all","","","","",""
"migr_1779091712200_429","gupta111rkg@gmail.com","Approved","2025-09-19T15:21:40.048Z","Son","Male","Unmarried","Rishi kant","1992-02-10 00:00:00","5'10""","","Yes","Mca","Service/नौकरी","15 lakh","Delhi","Jalaun","Bhal","सुहाने","Rajendra gupta","Buisness","Sangeeta gupta","0","Unmarried: 1","","7275198473","Contact Person","Simple and salaried | Simple girl","","Delhi","Cricket","No","","B 983 gd coloney mayur vihar phase 3 delhi -110096","1899-12-30 12:55:00","Jalaun","","","","Late Shri radhacharan- sheela devi","","Vinod gupta-meena gupta","Ajay tarsolia- sadhna tarsolia","","","","","","","","Gold","","2027-05-18 00:00:00","all","","","","",""
"migr_1779091712200_430","gupta.rakhiii2408@gmail.com","Approved","2025-09-20T05:41:19.733Z","Father","Male","Unmarried","Adwait Gupta","30/05/1996","5'7""","","No","BE (IT) - UIT, RGPV - Bhopal","Service/नौकरी","35 lacs","Bangalore","Indore","Vachil","कनकने","Yogendra Gupta","Business","Rakhi Gupta","Shri Manoj - Archana Rawat, Jabalpur","Married: - | Unmarried: -","Married: - | Unmarried: Shreya Gupta, Godigit, Bangalore","9893670382","Contact Person","Working woman, preferably in IT | -","","Bangalore","Guitar playing and singing, Outdoor & Indoor Sports, Traveling, Watching movies and sitcoms","-","","Nanda Nagar, Indore","1899-12-30 02:31:00","Indore","","","","Lt. Shri Kishorilal - Vidhiyawati Gupta","","Lt. Shri Anil Kumar Gupta","Lt. Shri Ramesh Chandra - Usha Nahar, Datia
Shri Ramvilas - Manju Gupta, Ahmedabad
Lt. Shri Mahesh - Archana Gupta, Chhatarpur
Shri Deepak - Chetna Gupta, Gwalior","","","","","","","","Gold","","2027-05-18 00:00:00","all","","","","",""
"migr_1779091712200_431","jatinpaharia420@gmail.com","Approved","2025-12-07T07:16:06.171Z","Father","Male","Unmarried","Jatin Paharia","1995-07-08 00:00:00","6'","","No","B.com Taxation and English Stenography","Service/नौकरी","1000000","Indore","Indore","Kochal","पहारिया","Dr. G. D. Paharia","Ret. Child Specialist/Medical Officer from M.P. Government","Smt. Nirmala Paharia","Shri Rajendra Gupta","","","9977734130","Contact Person","Good looking | Good looking","","Indore","Playing Swimming badminton table tennis","Nil","","Flat no. 107, Cliffton Park Indore","1899-12-30 15:55:00","Jabalpur","","","","Late Shri Narbada Prasad Paharia","late Smt. Shanti Bai paharia","Shri Manoj Paharia","Smt. Shobha Gupta","","","","","","","","Gold","","2027-05-18 00:00:00","all","","","","",""
"migr_1779091712200_432","gjl6719@gmail.com","Approved","2025-09-22T13:13:58.430Z","Mother","Male","Unmarried","Saket Gupta","2000-02-02 00:00:00","5'9""","","No","BE Computer","Service/नौकरी","1800000","Pune","Nagpur","Gogal","नोगरैया","Hariom Gupta","Service","Seema Gupta","Shri Rajendra Gupta/Smt Sandhya Gupta, Chalisgaon, Shri Surendra Gupta/ Smt Seema Gupta Amravati, Shri Jitendra Gupta/Smt Jyoti Gupta, Baramati","Married: Nil | Unmarried: Nil","Married: Sanskruti Gupta | Unmarried: Nil","8380893243","Contact Person","It professional, Jobs | Privarik, Mrudubhasi","","Pune","Traveling, Music, Sports","Nil","","Plot No 29, Sheela Nagar Katol Road, Gitti khadan , Nagpur-440013","1899-12-30 09:45:00","Nagpur","","","","Lt Pursottam Das Gupta","SMT Kusumrani Gupta","Nil","Fufji Shri Subhash Hunka/ Smt Manish Hunka RajanandGaon, Shri Vijay Gupta/Smt Radha Gupta Balaghat MP","","","","","","","","Gold","","2027-05-18 00:00:00","all","","","","",""
"migr_1779091712200_433","praveen.gupta2000@gmail.com","Approved","2025-09-22T14:10:45.844Z","Father","Female","Unmarried","Dr Prashansa Gupta","1999-07-09 00:00:00","5'5""","","Partial","MBBS, DnB (Radiology) - Pursuing","Any other/कोई और",".","Bangalore","Bangalore","Kochal","ददरया","Praveen Kumar Gupta","Service","Shilpi Gupta","Varun Seth, BE - Working in Oracle Corp, Hyderabad","Married: . | Unmarried: Pranjal Gupta, currently pursuing B. E. Ain Information Technology from Bangalore","Married: No | Unmarried: No","9901349844","Contact Person","Well Educated, Doctor, M.Tech, MBA, preferred. | Well Educated, cultured, Doctor, M. Tech, MBA preferred.","","Bangalore","Reading Books, Painting, Sketching, Writing","No","","Golden Corner Apartments, Sarjapur Road, Bellandur Gate, Bengaluru - 560103","1899-12-30 15:24:00","Bangalore","","","","Late Sri Pratap Mohan Gupta","","Mr Prabodh Kumar Gupta, B. Tech from IIT BHU, wprking as Senior Manager at Nokia, Bengaluru","Dr. Preeti Kathail - General Physician at Apollo Clinic, Bengaluru","","","","","","","","Gold","","2027-05-18 00:00:00","all","","","","",""
"migr_1779091712201_435","vedneekhra@gmail.com","Approved","2025-09-27T06:26:37.771Z","MAMA","Female","Unmarried","Nancy Gupta","25/07/2000","5'4""","","Partial","BE- (IT) Oriental College , Bhopal","Service/नौकरी","7 LPA","Pune","Shivpuri","Bacchal","कुचिया","Mr. Ashok Kuchya","Business- Bangali Special Master Bidi- Karera","Mrs. Sandhya Kuchya","Mrs. Nidhi- Mr. Ved Prakash Neekhra ( Director- VPN Power Solutions Pvt. Ltd.- Noida)
Mrs. Sonali ( Govt. Teacher- Shivpuri)- Mr. Girish Neekhra ( Guest Faculty- Pichhore College)
Mrs. Ranu- Mr. Yogendra Neekhra ( Infosys- Jaipur)","Unmarried: Sparsh Kuchya- Business ( Proprietor- Kusum Agengy- Karera)","","9754392906","Contact Person","Working Professional | Well Educated and Working","","Pune","Reading","Positive attitude, Honest, Growth- oriented.","","Kuchya Kirana Store, Ganesh Chowk, Karera, Dist- Shivpuri- MP( 473660)","1899-12-30 04:45:00","Karera","","","","Mrs. Kusum -","Late Mr. Badri Prasad Kuchya
 Mrs. Sharda- Mr. Sunil Kuchya ( Retired Govt. Teacher)","Mrs. Mamta - Late Mr. Anil Kuchya
Mrs. Vandana- Mr. Santosh Kuchya ( Kuchya kirana Store)
Mrs. Shailja- Mr. Vijay Kuchya ( Director-Vijayashish Dhani Industries Pvt. Ltd.)
Mrs. Ruchi- Mr. Nikhil Kuchya ( Network Lead-Kyndryl Noida)","Late Mrs. Manju- Late Mr. Ravi Neekhra
Mrs. Rekha- Mr. Komal Seth ( Bulbul Chudi House , Karera)","","","","","","","","Gold","","2027-05-18 00:00:00","all","","","","",""
"migr_1779091712201_437","kharyavivek1010@gmail.com","Approved","2025-10-03T17:47:39.104Z","Myself","Male","Unmarried","Vivek Kumar Kharya","1998-10-10 00:00:00","5'7""","","No","M.Tech Data Science(IIT Roorkee)","Service/नौकरी","15LPA","Noida","Sagar","Kauchal","खरया","Arvind kumar kharya","Lecturer(Chhatarpur) MP","Madhu Gupta","Seema/Ashish Gupta(SADO)Tikamagrh M.P
Jyoti/Dr Satish Gupta Gwalior M.P.","","Married: Didi-
Shivani Gupta
 (Software engineer)

Jiju- 
Abhishek Rawat
(Director Abrari gadget trading pvt limited) | Unmarried: Dr Aditi Gupta","8889146105","Contact Person","Working Professional Preference | Beautiful, descent and having good moral values","","Noida","1. Movies 2. Travelling 3. Sports  4. Reading","NA","","Loknath Puram Sagar Road Chhatarpur(M.P)","1899-12-30 06:10:00","Chhatarpur(M.P)","","","","Grandfather- late Shri Manik lal kharya
Grandmother-Shrimati  Laxmi devi Kharya","","Chacha
Ravindra kumar kharya
Chachi
Seema Rani Kharya","Smt Meera/Satosh Seth Prathivipur
Smt Gaytri/Brijendra Mohan Billaiya Mauranipur(U.P)
Smt Rajni/Anil Kumar Vishwari Chhatarpur M.P.","","","","","","","","Gold","","2027-05-18 00:00:00","all","","","","",""
"migr_1779091712201_438","manoj.gupta.eipl@gmail.com","Approved","2025-10-12T07:35:22.739Z","Father","Female","Unmarried","Ritika","1998-04-09 00:00:00","5'6""","","Partial","B Tech (CS)","Service/नौकरी","45 Lacs","Mumbai","Jhansi","Kauchhal","नीखरा","Manoj Kumar Gupta","GM, Afcons Infrastructure Ltd, Mumbai","Ranjana Gupta","1. Shri Anurag Gupta, Service in Electrotherm, Delhi
2. Shri Mayan Gupta, Service in Yes Bank, Noida","Unmarried: Only one- Shreyash, B Tech from IIT Bombay, working in MNC, Pune","","9871185957","Contact Person","Well educated, professionally employed partner with a stable career, comparable annual
income, and a height of around 5'9"" or taller, who values mutual respect and shared aspiration | Well educated, professionally employed partner with a stable career, comparable annual income, and a height of around 5'9"" or taller, who values mutual respect and shared aspiration","","Mumbai","Traveling and sightseeing new destinations, trekking through scenic trails, and staying fit with badminton matches and gym sessions. Also making friends, social networking in vibrant groups.","-","","A303, Joy Valencia, Behind Majas Bus Depot, JVLR, Jogeshwari East Mumbai","1899-12-30 05:40:00","Jhansi","","","","Late Shri Ram Swaroop Modi and Lt Smt Ram Kunwar Devi","Newari ( Tikamnarh) MP","Tau
1.Lt Shri Santosh Modi, Newari
2.Shri Kedar Nath Gupta, business, Newari
3. Shri Brajendra, Retd from Bank, Bhopal
4. Dr Rajendra, Prof, Ayurvedic College, Jabalpur 
Chacha
1. Shri Mukesh, Business, Newari","1. Smt Sushama and Manohar Swaroop Gupta, Megha Auto Parts, Talbehat
2. Smt Seema and Pradeep Gupta( Chanchal Hati Wale) Bartan Vikreta, Gurasrai","","","","","","","","Gold","","2027-05-18 00:00:00","all","","","","",""
"migr_1779091712201_439","gdharmesh46@gmail.com","Approved","2025-10-18T07:26:06.751Z","Father","Male","Unmarried","Himanshu Gupta","1997-11-04 00:00:00","5'10""","","No","MIB. BCOM","Service/नौकरी","70 lakhs","Bhopal","Bhopal","Gangal","नोगरैया","Dharmesh Gupta","Businessman","Seema gupta","Shri Ravin Kathal (Sallu) - Smt. Seema Kathal
: Shri Arvind Kathal - Smt. Dolly Kathal
: Shri Pramod Kathal - Smt. Archana Kathal
Nandi bidi,Gadarwara,MP","Married: Nil | Unmarried: Nil","Married: Nil | Unmarried: Simran Gupta, BMS from St. Xavier College,
Mumbai.
Currently working as Key Accounts Manager,
Zomato, Bhopal","9425014676","Contact Person","Well educated as well as who can work together | Well educated and who can work together if required","","Bhopal","Swimming,Badminton,Travelling","everything’s good","","E-2/94 arera colony","1899-12-30 23:45:00","Bhopal","","","","Late Shri.ganga prasad gupta","Late Shri.nirmala gupta","Shri Yogesh Gupta (Industrialist)
Smt. Kshma Gupta (Home maker) D/o Late Shri
Pannalal Tithwilasi , Orai.
: Shri Nagesh Kumar Gupta, (Businessman)
Smt. Deepti Gupta (Home maker) D/o, Shri Ram
Gopal Rusia, Mauranipur.
: Shri Mukesh Gupta, (Businessman)
Smt. Sangeeta Gupta (Home maker) D/o, Shri Asha
Ram Sijariya, Gwalior.","Smt. Nutan Gupta - Late Shri Shiv Shankar Gupta
(Billaiya) Bhopal.
: Late Smt. Bharti Gupta - Shri Gopal Gupta, (Billaiya)
Indore Retired, Income Tax Officer, Indore","","","","","","","","Gold","","2027-05-18 00:00:00","all","","","","",""
"migr_1779091712201_440","rockyrajg166@gmail.com","Approved","2025-10-21T07:09:34.961Z","Self","Male","Unmarried","Ankit Gupta","16/05/1995","5'5""","","No","B.ed,ctet,uptet","Self-Employed/स्वनियोजित व्यापार","500000","Madhaugarh","Madhaugarh","Wachchhal","कनकने","Rajesh Kumar Gupta","Business","Lt. Sunita devi","Arun kothari-saroj kothari","Unmarried: 1","","8299749240","Contact Person","Simple house hold | No","","Madhaugarh","Humanity and wander around","No","","Madhaugarh","1899-12-30 04:48:00","Madhaugarh","","","","Lt baburam kankan-shanti devi","","Anil kumar gupta -munni gupta","Amit mahtele- seema gupta","","","","","","","","Gold","","2027-05-18 00:00:00","all","","","","",""
"migr_1779091712201_441","rkathal14@gmail.com","Approved","2025-10-22T09:01:42.488Z","Son","Male","Unmarried","Abhishek Kathal","27/03/1992","5'8""","","Yes","B. Com(Hons), M. Com, LLB, CA Final (1 group Pending)","Service/नौकरी","12 Lac/Annum","Delhi","Delhi","Jaital","कठल","Surendra Kathal","Retired Consultant Electrical Engineer","Prof Rekha Kathal","Mama (1):  Retired Class1 officer from Central Govt.
Mami (1):   A House wife
Mama (2):  Retired as a CMO from a Governmental Hospital in UP. Settled and presently  working as Medical Consultants in Meerut (UP)
Mami (2):   Retired as a Doctor Governmental Hospital in UP Settled in Meerut (UP), Settled and presently working as Medical Consultants in Meerut (UP)
Mama(3):   Retired as Biochemist from a Leading pharmaceutical company at California, USA. 
Mami (3):   Retired as a professional in California, USA.","Married: Chandan Kathal(Elder Brother) IT Engineer MNC NCR Delhi, Wife IT Engineer, 2 year son | Unmarried: NIL","Married: NIL | Unmarried: NIL","9811356428","Contact Person","Manglik Girl, Age group 27-31 years | working professional preferably based in Delhi NCR,","","Delhi","Soccer, Watching Soccer matches on TV, Photography, Travelling, Listening Music","Health Conscious, Avoids Drinking","","House No 316; Mukherjee Apartment, DDA SFS Flat, Mukherjee Nagar, Delhi 110009
Landmark: Behind Signature View Apartment","1899-12-30 03:57:00","Delhi - 110009","","","","Late Shri GC Kathal(Dada),","Late Draupadi Kathal(Dadi)","Elder Chacha: Rajendra Kathal - Retired as Vice President, HCL, Now working as Network Security System Consultant
Elder Chachi: Sadhna Kathal - Retired as Sr. Teacher Public School in Delhi 
Chacha (2): Vasant Kathal - A Mechanical Engineer Graduate from IIT Delhi, Owns Business Chachi (2): Meera Kathal - Housewife","Elder Foofa: Retired as DGM Finance from PSU, Now working as Finance Consultant
Elder Bua:  Retired as Sr. Teacher Public School in Delhi now living in Gurgaon
Foofa (2):   Owns Business 
Bua (2):      Retired as Principal of a School in Delhi","","","","","","","","Gold","","2027-05-18 00:00:00","all","","","","",""
"migr_1779091712201_442","archanakatare10@gmail.com","Approved","2025-10-24T04:38:31.834Z","Mother","Male","Unmarried","Aman Katare","1996-02-07 00:00:00","5'10""","","Partial","MBA","Business/व्यापार","14 Lakh","Shahdol","Shahdol","Kanchal","कटारे","Neeraj Katare","Business","Archana Katare","Abhishek Gupta
Maya Gupta","Unmarried: Anant Katare","Married: Late Arzoo Katare","7999845204","Contact Person","Pure Vegetarian along, 
Spiritual. | Should be Spiritual, Pure Vegetarian.","","Shahdol","Travelling, Spending time with friends, animal lover and Spiritual practices.","Family oriented person, like to travel, Spiritual person.","","Ward no 26, Shastri Nagar shahdol, Madhya Pradesh","1899-12-30 22:30:00","Shahdol","","","","Dharam Chand Katare
Uma Devi Katare","","Na","Shyam Baderiya
Nutan Baderiya","","","","","","","","Gold","","2027-05-18 00:00:00","all","","","","",""
"migr_1779091712201_443","praman.gupta3@gmail.com","Approved","2025-10-24T17:26:01.909Z","Mother","Male","Unmarried","Praman Gupta","15/08/1995","5'10""","","Partial","B. Tech","Service/नौकरी","33 LPA","Orai","Orai","Gagal","गेडा","Pramod Gupta","Businessman","Sushma Gupta","Brij Kishore Dengre","Married: No | Unmarried: Priyanshu Gupta","Married: No | Unmarried: No","8924950175","Contact Person","Understanding | Partner with similar interests","","Orai","Music, Movies, Arts, Literature","Humble, Nature Loving, Calm","","Gopal Ganj Orai","1899-12-30 08:50:00","Orai","","","","Haridas Geda","","Manoj Geda","No","","","","","","","","Gold","","2027-05-18 00:00:00","all","","","","",""
"migr_1779091712201_444","chandranshgupta1@gmail.com","Approved","2025-10-26T14:05:41.397Z","Brother","Female","Unmarried","Roma gupta","15/01/2002","5'","","Yes","B.sc. , M.B.A.","Any other/कोई और","0","Jhansi","Jhansi","Gol","सरावगी","Pradeep kumar gupta","Retired Jury member of Consumer court, Jhansi","Neelam gupta","Smt. Meena - Surendra sohane
Late. Smt. Abha - Late. Shri Deepak sohane
Shri. Mayank sohane
Shri. Sourabh sohane","Married: No one | Unmarried: Chandransh saravgi","Married: No one | Unmarried: No one","9450071107","Contact Person","Well educated, well settled & mangalik | Well educated, well settled, mangalik","","Jhansi","Sketching, cooking, listening music","Caring, humble, helping nature","","14, Rani mahal, Jhansi","1899-12-30 23:18:00","Jhansi","","","","Late Smt. Ramdevi -","Late Shri. Ram sevak saravgi","Mrs. Jyotsna gupta - Mr. Manoj kumar gupta","Smt. Meena - Late. Shri. Satyaprakash kankane
Smt. Beena - Shri Rajeev katare
Smt. Rekha - Shri Rajkishore bilaiya
Smt. Preeti - Shri Virendra behare","","","","","","","","Gold","","2027-05-18 00:00:00","all","","","","",""
"migr_1779091712201_446","ratannaugariya@gmail.com","Approved","2025-10-28T10:57:08.627Z","Daughter","Female","Unmarried","Subhi Naugariya","21/10/1996","5'","","Partial","B.com (H)| PGDBS","Service/नौकरी","-","Patna","Patna","Gangal","नौगरैया","Ratan Kumar Naugariya","Business","Savita Naugariya","Suresh Chand Piparsaniya","Unmarried: Raj Naugariya","Married: Juhi Naugariya","7033063908","Contact Person","NA | NA","","Patna","NA","NA","","Patna","1899-12-30 16:40:00","Patna","","","","Late Ram Dayal Naugariya","Late Sita Devi Naugariya","Madan Lal Naugariya/ Sangita Naugariya
Pawan Naugariya/ Jyoti Naugariya
Kamal Naugariya/ Rachna Naugariya
Amar Naugariya/ Manisha Devi Naugariya
Uday Naugariya/ Swati Naugariya","Radha Katare/ Subhas Chand Katare (Mirzapur)
Shashi Badoniya/ Lt Pradeep Badoniya (Gadarwara)
Poonam Bareria/ Lt Anup Kumar Bareria (Shadol)
Kanchan Rusia/ Mahendra Rusia (Chattarpur)","","","","","","","","Gold","","2027-05-18 00:00:00","all","","","","",""
"migr_1779091712201_448","jiruchi1515@gmail.com","Approved","2025-10-31T07:11:05.143Z","Bhai","Male","Unmarried","Dishank Gupta","1994-07-06 00:00:00","5'7""","","No","Msc. Math,Bed,P.g.d.c.a.","Service/नौकरी","4-5 lac","Damoh","Damoh","Jaital","रिखोल्या","Mr.Deendayal Rakholya","Samiti Prabandhak, bardha","Mrs.Snehlata Gupta","Mr.Rajkumar choudha,mrs.Sita Gupta","Married: Mr Divyank gupta, engineer,pune | Unmarried: No","Married: No | Unmarried: No","9926217043","Contact Person","Someone who caring and sincere in relationship | Private or government job","","Damoh","Music,care of family","Good","","Mr Deendayal Rakholya, Samiti Prabandhak,gram post-Bardha,ditt.damoh (m.p.)","1899-12-30 06:15:00","Damoh","","","","Mr.puranlal Rakholya","Mrs.Chhabirani Gupta","Late mr Ramesh Rakholya , mrs.neeta Gupta bardha","Mr. nandkishor bijpuriya,mrs. Gayatri gupta.kupi","","","","","","","","Gold","","2027-05-18 00:00:00","all","","","","",""
"migr_1779091712201_450","maagayatrieducationcenterdabra@gmail.com","Approved","2025-11-02T09:28:22.044Z","Father","Male","Unmarried","Sameer Gupta","16/05/1998","5'7""","","No","PGDM, M.Com","Service/नौकरी","2-3 lakhs","Gwalior","Gwalior","Naugraiya","नौगरैया","Mr. Madan Lal Gupta","Private Sector","Mrs. Rajni Gupta","Smt. Rekha - Rakesh Mehtele","Unmarried: O","Unmarried: 2","9827337465","Contact Person","Caring Nature | Caring nature","","Gwalior","Reading books upsc candidate","Caring Nature","","Thakur Baba Road Balaji Complex Dabra","1899-12-30 17:30:00","Gwalior","","","","Smt Pushpadevi -","Late. Shri Ramdas Gupta",".....","........","","","","","","","","Gold","","2027-05-18 00:00:00","all","","","","",""
"migr_1779091712201_451","guptaraj7463@gmail.com","Approved","2025-11-02T15:31:58.426Z","Son","Male","Unmarried","Raj gupta","1998-11-11 00:00:00","5'11""","","No","PGDM ( finance)","Service/नौकरी","550000","Ahmedabad","Chhindwara","Bhal","मोदी","Surendra kumar gupta","Government employee","Savita Gupta","3 mama ji","Married: No | Unmarried: No","Married: No | Unmarried: No","9893919636","Contact Person","I appreciate a person who enjoys simple moments, believes in mutual respect, and supports each other’s goals. | I’m looking for a life partner who is understanding, caring, and respectful towards family values.","","Ahmedabad","Spending time with family and friends, Traveling and exploring new places, Evening walks or nature outings.","Responsible and family-oriented Emotionally mature and respectful  : Caring and considerate towards others : Adaptable to new situations and people: Sometimes overthink situations because I care too much about outcomes : Sometimes expect the same level of effort from others as I give.","","NH-45, Tusli nagar, Deori, Raisen dist. Madhya pradesh","1899-12-30 07:45:00","Chhindwara","","","","Ramesh Kumar Gupta","Sudama bai Gupta","3 uncle","2 bua/fufa","","","","","","","","Gold","","2027-05-18 00:00:00","all","","","","",""
"migr_1779091712201_452","gahoiramji@gmail.com","Approved","2025-11-03T17:06:35.291Z","Father","Male","Unmarried","Rishi Gahoi","17/09/1996","6'","","No","B. Com
 Pursuing MBA","Business/व्यापार","","Pune","Kotma, MP","Kaushal","कस्तवार","Ramji Gahoi","Service , in Pune","Abhilasha Gahoi","Shri Jitendra Gupta  Smt Jyoti Gupta
Shri Deepak Gupta Smt Pushpa Gupta","Married: Nil | Unmarried: 01","Married: Nil | Unmarried: Nil","7024148611","Contact Person","Good looking educated girl ,value family and respect for all . | Good looking educated girl respects family values .","","Pune","Travelling, Gymming","Nothing","","Own house -1302 Icon Trinity, C Wing, Near Ivy Estate , Wagholi, Pune ,MH","1899-12-30 09:35:00","Kotma, MP","","","","Late Shri Purushottam Das Gahoi","Late Shri Shanti Devi Gahoi","Late Shri Krishna Kumar Gahoi 
Smt Sudha Gahoi
Shri Shyam Ji Gahoi
Smt Archana Gahoi
Family is in business and living at home town Kotma, MP","Nil","","","","","","","","Gold","","2027-05-18 00:00:00","all","","","","",""
"migr_1779091712201_454","hemantneekhara@gmail.com","Approved","2026-02-05T05:30:23.306Z","Brother","Male","Unmarried","Himanshu","21/02/1994","5'10""","","No","PGD Finance","Service/नौकरी","9Lac","Jhansi","Jhansi","Kouchhal","नीखरा","Mr.Bhanu Neekhra","Business","Mrs Shashi Prabha",".","Married: Mr.Hemant Neekhra | Unmarried: .","Married: . | Unmarried: .","9415503007","Contact Person","Educated and Modern | .","","Jhansi","Listening songs and playing badminton",".","","1111/10 C Radhe vihar colony Narayan Bagh road Shivajinagar jhansi","1899-12-30 17:30:00","Jhansi","","","",".","",".",".","","","","","","","","Gold","","2027-05-18 00:00:00","all","","","","",""
"migr_1779091712201_455","nannhigupta@gmail.com","Approved","2026-05-16T16:32:46.768Z","Father","Male","Unmarried","Prakhar Gupta","1997-07-02 00:00:00","5'10""","","No","B. Tech","Service/नौकरी","26 lakh aprox","Hyderabad","Gwalior","Kochhal","इन्दुरख्या","Manoj Gupta","Engineer in psu (national fertilizers limited guna)","Nirmala Gupta","1.Sh mahesh khangat(business in dabra)/smt meera khangat
2 Lt ashok khangat ( business dabra) /smt Gayatri khangat
3. Sh awdhesh khangat ( business dabra) /smt kiran khangat","Unmarried: PRAVAR GUPTA","","8989456150","Contact Person","She should be in job/self business
Family oriented. Good nature | She should be in job or self business","","Hyderabad","Travling cooking frinedship badminton","NA","","NFL TOWNSHIP GUNA MP","1899-12-30 02:44:00","Gwalior","","","","Lt ashok  gupta (RT CEO in AR OFFICE SHIVPURI)  SMT SHEELA GUPTA","","Sh Manish Gupta )principal in pvt school in shivpuri)  / smt Radha Gupta","1.Sh subhash Gupta (business in Gwalior) /smt manju
2.sh manish Gupta (business in gwalior) /smt mohini Gupta govt teacher gwalior)","","","","","","","","Gold","","2027-05-18 00:00:00","all","","","","",""
"migr_1779091712201_456","abhishek.twinkle@gmail.com","Approved","2026-04-08T13:13:55.274Z","Uncle","Male","Unmarried","Satyam Gupta","23/03/1997","5'7""","","No","12th","Business/व्यापार","15 L","Gwalior","Gwalior","Kuchya","कुचिया","Anand Gupta","Distributor","Mamta Gupta","Haribabu/Ram Kumari lahariya, Vinod Kumar/Meena Lahariya","Married: Shivam Gupta (Inspector - Income Tax) / Jaya Gupta (PGT - Central School) | Unmarried: No","Married: No | Unmarried: No","9009492355","Contact Person","Good human being, House wife | Good Human Being, House Wife","","Gwalior","Movies, Cricket","Good: 1. Think always to increase his business. 2. Give mostly time to his business","","Anand Nagar, Gwalior","1899-12-30 09:00:00","Ambah","","","","Lt. Jagdish Prasad Gupta","Smt Mahadevi Gupta","Abhishek Kumar Gupta / Shilpi Gupta","Snehlata Gupta/Brijesh Gupta, Mamta Gupta/Dayashankar Gupta, Vandana Gupta/Ajay Gupta, Abha Gupta/Ramesh Gupta","","","","","","","","Gold","","2027-05-18 00:00:00","all","","","","",""
"migr_1779091712201_457","ankitg527@gmail.com","Approved","2026-02-08T06:26:59.923Z","Son","Female","Unmarried","Ankit Gupta","19/03/1990","5'10""","","Yes","Intermediate","Service/नौकरी","2 - 3 lacks","Gwalior","Gwalior","Kocchal","कस्तवार","Mr Rajiv Mohan Gupta","Accountant","Ms Saroj Gupta","No","Unmarried: 01","","6264076421","Contact Person","House wife | Simple girl","","Gwalior","No","No","","HN 34 Shri Ram colony motijheel Gwalior","1899-12-30 21:00:00","Lahar","","","","Late Mahesh Prasad Gupta","Late sheela Devi","Mr sanjiv Gupta kanpur ( Business )
Mr Mukesh Gupta Gwalior ( Business)","No","","","","","","","","Gold","","2027-05-18 00:00:00","all","","","","",""
"migr_1779091712201_458","guptashashikant74@gmail.com","Approved","2025-12-27T12:12:15.281Z","Father","Male","Unmarried","Prateek barshayan","1996-02-08 00:00:00","5'6""","","No","LLM","Service/नौकरी","7 Lakh per year","Indore","Guna","Vachal","बरसैंया","Shashikant Gupta","Retired NFL (public sector)","Manju Gupta","Kavita Manoj Neekhra,Amita Dilip Neekhra","Married: Piyush Gupta Job in Singapore | Unmarried: No","Married: 1 prachi.gupta  Ashok nagar | Unmarried: No","9406573667","Contact Person","If Private no compulsary   , adequately | Educated","","Indore","Music, traveling  , driving, cooking","Honest and decipline","","Manjusha soni colony near Indra park govind kirana store ke pass Guna MP","1899-12-30 00:15:00","NFL Vijaypur Raghogarh m.p","","","","Munna Lal Gupta Shanti Devi Gupta","","Ramswaroop Gupta,LC Gupta,RK Gupta,ML Gupta,   uncle HK Gupta, Sudama Gupta","Pushpa Ramesh sarawagi,, Hemlata Mahesh  chiro liya","","","","","","","","Gold","","2027-05-18 00:00:00","all","","","","",""
"migr_1779091712201_460","guptabk0000@gmail.com","Approved","2025-12-02T06:10:45.617Z","Daughter","Female","Unmarried","Prachi Gupta","1989-12-11 00:00:00","5'3""","","No","Bachelor of Engineering (IT)","Service/नौकरी","25LPA","Pune","Bhopal","Kauchhal","नीखरा","Brajendra Kumar Gupta","Retd. Divisional Branch Manager","Kalpana Gupta","Shri Suresh Chandra Lohiya, Faridabad
Shri Naresh Chandra Lohiya, Konch
Shri Eknath Gupta, Faridabad","","Unmarried: Purva Gupta","9229580591","Contact Person","Educated, mature and family oriented | Educated, mature and family oriented","","Pune","Travelling","Humble, kind and mature","","E-8, Arera Colony, Bhopal","1899-12-30 11:20:00","Jhansi (U.P.)","","","","Late Shri. Ram Swaroop Neekhra (Modi)","","Late Shri Santosh Kumar Gupta, Niwari
Shri Kedar Nath Gupta, Niwari
Dr. Rajendra Gupta, Jabalpur
Er. Manoj Gupta, Mumbai
Shri Mukesh Gupta, Niwari","Shri Manhor Swaroop Gupta, Talbehat
Shri Chanchal Gupta, Gursarai","","","","","","","","Gold","","2027-05-18 00:00:00","all","","","","",""
"migr_1779091712201_461","sg914790@gmail.com","Approved","2025-12-03T13:11:57.339Z","Brother","Male","Unmarried","Shivam gupta","18/12/1996","5'7""","","No","Bsc nursing and msc","Service/नौकरी","5 lac","Datia","Kudari","Gol","बिलैया","Dr Ashok Gupta","Clinic","Meera devi","Vinod seth Datia","Married: Suneel gupta panchayat sachiv | Unmarried: No","Married: Sameeksha gupta | Unmarried: No","9009166865","Contact Person","Self | No","","Datia","Cricket","No","","Villege kudari  post kudari tehsil Indergarh district Datia mp","1899-12-30 10:20:00","Kudari","","","","Premnarayan bilaiya anandi","","Rakesh gupta dabra","Avdhesh gupta Datia","","","","","","","","Gold","","2027-05-18 00:00:00","all","","","","",""
"migr_1779091712201_462","ramguptajhs55@gmail.com","Approved","2025-12-05T05:11:09.162Z","Father","Male","Unmarried","Pankaj Gupta","1989-10-08 00:00:00","5'7""","","Partial","BSc Honours","Self-Employed/स्वनियोजित व्यापार","9-10 lakh annual.","Jhansi","Jhansi","Vasal","रेजा","Ram Kumar Gupta","Senior Advocate","Chanda Gupta","Ms Munna Lal Gupta.
Mrs Madhuri Gupta.","Married: No | Unmarried: 1 Nos","Married: 3 Nos | Unmarried: No","9935964984","Contact Person","Simple & Educated. | Simple, Educated & family oriented.","","Jhansi","Reading, Exploring new things & Travelling.","Not Any .","","Karguon ji,near MLB medical College Jhansi.","1899-12-30 06:25:00","Jhansi","","","","Late - Shri Ramratan Reja &","Late- Shrimati Triveni Reja","Late - Lakhan lal Gupta.
Mr- Ramesh Prashad Gupta.
Mr- Maithili Sharan Gupta.","Mrs Raman Gupta.
Mr Keshav Gupta.","","","","","","","","Gold","","2027-05-18 00:00:00","all","","","","",""
"migr_1779091712201_463","advmaheshkumargupta@gmail.com","Approved","2025-12-06T10:25:52.318Z","BROTHER","Male","Unmarried","NILAY GUPTA","1995-05-12 00:00:00","5'6""","","No","MCOM LLB","Self-Employed/स्वनियोजित व्यापार","6LAC","Jhansi","Jhansi","KOCHHAL","विसवारी","LATE SRI MAHESH KUMAR GUPTA","ADVOCATE","SMT MEERA GUPTA","SRI PREMKISHOR KANKANE","Married: SONAM-NIKHIL VISWARI | Unmarried: NO","Married: NO | Unmarried: MO","7754866715","Contact Person","SIMPLE | WELL EDUCATED","","Jhansi","WORKING","NO","","Satyam Colony, Out Side Bada Gaon Gate, Jhansi (U.P.) - 284002","1899-12-30 03:50:00","SAMTHAR","","","","LATE SRI NARAYAN DAS- LATE SMT SHANTI","","SRI RAJESH VISWARI - SMT SANDHYA","SMT NEELAM - SRTI SUNIL VEHRE, SMT POONAM - SRI RAJEEV BILLAIYA","","","","","","","","Gold","","2027-05-18 00:00:00","all","","","","",""
"migr_1779091712201_464","guptasudhir77@gmail.com","Approved","2025-12-09T12:52:13.732Z","Father","Female","Unmarried","Ritika Gupta","27/01/2000","5'","","Partial","Graduation (Bachelor of Fine Art)","Service/नौकरी","₹5L","Delhi","Delhi","Vaschil","सेठ","Sudhir Gupta","Business","Anita Gupta","Suresh Gupta - Vandana Gupta","Unmarried: Krishna Seth - Pursuing B. Tech. from AKGEC","Married: No | Unmarried: No","9891126109","Contact Person","We are seeking a qualified and established professional with a promising career trajectory and an appealing personality. | The partner should have a pleasant personality and a minimum height of 5 feet 9 inches.","","Delhi","Sketching, Travelling","She is a humble and grounded individual who values unity and believes in bringing everyone along.","","WB-149, Street No. 7, Shakarpur, Delhi-110092","1899-12-30 02:30:00","Orai","","","","Lt. Shri S.S. Gupta - Smt. Ram Murti devi","","Satish Gupta - Vandana Gupta","Sunit Gupta - Lt. Shri Sushil Gupta","","","","","","","","Gold","","2027-05-18 00:00:00","all","","","","",""
"migr_1779091712201_465","amitbichpuria@gmail.com","Approved","2025-12-15T03:35:20.723Z","Mother","Male","Unmarried","Amit bichpuria","1998-01-06 00:00:00","5'8""","","No","B tech and dpharma","Business/व्यापार","10l","Katni","Katni","Gol","ब्रिजपुरिया","Late vaidh vinod kumar bichpuria","Businessman","Smt. Archana Bichpuria","Mr santosh baderiya and Mr sunil baderiYa, bilayatkala, katni.","","Married: Akanksha Bichpuria | Unmarried: No","8871301961","Contact Person","Should be educated | Smart and educated","","Katni","Reading books, watching sports.","Educated and disciplined","","In front of narvdeshwar shiv sai mandir gate, adarsh colony gali no.2, katni.","1899-12-30 11:35:00","Katni","","","","Late baidh bholanath Bichpuria and late Shyama devi Bichpuria","","No","Smt. Rajni sethiya and raju sethiya, budhar.","","","","","","","","Gold","","2027-05-18 00:00:00","all","","","","",""
"migr_1779091712201_466","pramodgupta935@gmail.com","Approved","2026-07-02T12:34:04.461Z","","Female","Unmarried","Muskan Gupta","08-02-2000","5'4""","Fair (गोरा)","Yes","B TECH ITJEC Jabalpur","Officer scale I at BANK OF INDIA","10-15 LPA","Semri harchand Narmdapuram MP","Semri harchand Narmdapuram MP","Gagal","गेडा","Pramod Gupta","Retail store","Sumitra","Late Harish Gupta Jyoti Gupta Devendra Kumar barsinyaSarika Gupta","Aditya Gupta : 1 (officer at Bank of India) — Unmarried","","9669444516","Father","","","","","","https://res.cloudinary.com/dtcrife6i/image/upload/w_600,h_600,c_fill,g_face,q_auto,f_auto/v1781067343/gahoibandhu/rl0hssuh7zertn6w3hff.jpg","Semri harchand, narmadapurm (MP)","08:16 AM","Narsingpur (MP)","","","","Late GK Gupta (retd teacher)Smt krishna Gupta (retd teacher)","Lalji ram Gupta retd principal","Naveen Gupta","","","","","Smt krishna Gupta rets teacher","Meera bai Gupta","","","Gold","[""https://res.cloudinary.com/dtcrife6i/image/upload/w_600,h_600,c_fill,g_face,q_auto,f_auto/v1781067343/gahoibandhu/rl0hssuh7zertn6w3hff.jpg""]","2027-05-18 00:00:00","all","","","2026-07-02T12:34:04.465Z","BANK OF INDIA","MP"
"migr_1779091712201_467","rg121968@gmail.com","Approved","2025-12-16T15:54:15.483Z","Doughter","Female","Unmarried","Ku.Parul gupta","22/11/1995","4'5""","","Partial","B A","Any other/कोई और","","Gwalior","Gwalior","Gol","बिलैया","Ram Kumar Gupta","Teacher","Seema Gupta","Vijay Gupta","Married: Nil | Unmarried: Nil","Married: Nil | Unmarried: Two","8085146672","Contact Person","Near shivpuri MP | Near shivpuri","","Gwalior","Nil","Short hight and low weight","","Namo Nagar","1899-12-30 08:36:00","Gwalior","","","","Vimla bai","Lat shri Devilal Gupta","Nil","Nil","","","","","","","","Gold","","2027-05-18 00:00:00","all","","","","",""
"migr_1779091712201_468","ag1819095@gmail.com","Approved","2025-12-17T16:15:31.918Z","Mother","Female","Unmarried","Aprajita Seth","1993-05-06 00:00:00","5'3""","","No","Master Of Science","Service/नौकरी","0","Jhansi","Jhansi","Jaital","सेठ","Lt. Shri Arun Seth","0","Smt. Manorama Gupta","0","Married: Apoorv Seth (Senior Tech lead) , Shilpa Singh Seth (Senior Buisness Analyst)","","8318696331","Contact Person","Good Educated , Kind & Respect to all | He should be well-educated, professionally stable, and possess a strong sense of commitment to family values.Looking for a partner who truly values integrity, kindness, and a sense of humour.","","Jhansi","Gardening , Painting","Family & Career Oriented","","L-901 , Jhansi Homes , Shivpuri Road , Jhansi ,(Uttar Pradesh)","1899-12-30 09:16:00","Jhansi","","","","Lt.Shri D.P. Seth ( Advocate )","Lt. Smt. Sheela Seth","Lt. Shri Anil Seth , Smt. Rajni Gupta / Shri Alok Seth , Smt. Anita Seth","Smt. Alka Gupta , Shri Kailash Gupta / Smt. Meera Gupta , Shri Anand Bihari Gupta / Smt. Anju Gupta , Shri Dr. Rajesh Gupta","","","","","","","","Gold","","2027-05-18 00:00:00","all","","","","",""
"migr_1779091712201_469","guptadiwakar128@gmail.com","Approved","2025-12-20T08:25:45.589Z","Brother","Male","Unmarried","HARSHIT GUPTA","1994-04-07 00:00:00","5'4""","","No","B.s.c","Service/नौकरी","6 lac","Kanpur","Kanpur","Jaital","नगरिया","Late naryan das gupta","Business","Sarojini Gupta","Sunita ghudele_late rakesh Kumar ghudele_ oyel","Married: Diwakar Gupta | Unmarried: No","Married: Dipti Reja Orai | Unmarried: No","8299325428","Contact Person","House wife | House wife","","Kanpur","Movie and travel","No","","11/36_5 lal Bangala _Kanpur","1899-12-30 05:00:00","Kanpur","","","","Late Badri prsad nagariya _","Late Hira devi","Santosh nagariya","Late kesar devi kharya_late Sankar lal kahrya","","","","","","","","Gold","","2027-05-18 00:00:00","all","","","","",""
"migr_1779091712201_471","rohit.tvt@gmail.com","Approved","2025-12-20T18:54:13.785Z","Self","Male","Unmarried","Rohit Gupta","27/10/1995","5'5""","","Partial","M.tech IIT Kanpur","Service/नौकरी","32 Lakh","Bangalore","Talbehat Lalitpur UP","Kochchal","सावला","Damodar Prasad Gupta","Business","Usha Gupta","Sudama Lohiya Bar, Lalitpur","Married: 3 married brothers","","8005108287","Contact Person","","","Bangalore","Writting, travelling, Reading","","","Sawla bhavan, shantipuram colony , Talbehat, Lalitpur","1899-12-30 16:10:00","Talbehat Lalitpur UP","","","","Govind das Sawla","","5 Chacha","","","","","","","","","Gold","","2027-05-18 00:00:00","all","","","","",""
"migr_1779091712201_472","anjudamele@gmail.com","Approved","2025-12-23T13:46:36.387Z","Mother","Male","Unmarried","Akarsh Damele","30/09/1993","6'","","Partial","BBA LLB","Business/व्यापार","40 lacs","Banda","Banda","Vachal","दमेले","Arun Kumar Damele","Business","Anju Damele","Pradeep - Meena Gupta 
Sanjay - Trapti Gupta 
Pankaj - Preeti Gupta","Married: Nil | Unmarried: Nil","Married: Pankhuri Damele Agarwal - Sameer Agarwal | Unmarried: Nil","7398946311","Contact Person","Height above 5'4 | Height above 5'4 , Educated in English Medium","","Banda","Travelling","Helping nature","","Shreya Akarsh Institute, near Maheshwari Devi Temple Banda","1899-12-30 18:38:00","Banda","","","","Late Narayan Prasad Damele - late Champa Devi Damele","","Anil Damele (Retd IAS)- late Vinita Damele , Arvind Damele - Meera Damele","Satrupa Chaudaha- Vijay Chaudaha 
Lata Sethia- late Rajesh Sethia","","","","","","","","Gold","","2027-05-18 00:00:00","all","","","","",""
"migr_1779091712201_473","raj.neekhra@gmail.com","Approved","2025-12-27T07:14:41.441Z","Father","Female","Unmarried","ROOPAL GUPTA","1992-02-10 00:00:00","5'1""","","Partial","B.Tech (CS)","Service/नौकरी","35L","Pune","Jhansi","Kauchal","नीखरा","Rajesh Neekhra","Tax Consultant","Ritu Neekhra","Shivkumar Sipolya","Married: 2","","9415504782","Contact Person","Working in IT Sector | Working Profesional In IT","","Pune","Swimming & Movies","No","","Gopalganj , Mauranipur Dist. Jhansi UP","1899-12-30 07:09:00","Mauranipur","","","","Lt. Deepchandra Neekhra
Lt. Ganga","","Dr. O P Gupta , Ganga Nursing Home , Prayagraj","S K Gupta","","","","","","","","Gold","","2027-05-18 00:00:00","all","","","","",""
"migr_1779091712202_474","kalpigupta7276@gmail.com","Approved","2025-12-28T15:18:33.813Z","Fufaji","Male","Unmarried","Jay Haresh Gupta","21/04/1998","5'7""","","No","T Diploma in IT SHERIDIAN COLLEGE BRAMPTON CANADA","Service/नौकरी","50 Lakhs PA","Ahmedabad","Ahmedabad","KOCHCHHAL","कुरेले","Shri. HARESH GAURISHANKAR KURELE","GOVT CONTROL.SHOP, AHMEDABAD","Smt .AARTI HARESH GUPTA","SHRI VIVEK BADKUL
SMT RANI BADKUL","","Unmarried: DOLLY HARESH KURELE","8849842081","Contact Person","IT SECTOR | IT SECTOR","","Ahmedabad","READING AND PLAYING INDOOR GAMES","Self Belief and Good Commitment","","B-102, samarpan Avenue, Ghatlodia,AHMEDABAD 380061
GUJRAT INDIA","1899-12-30 10:22:00","AHMEDABAD","","","","SHRI GAURISHANKAR RAMDAS KURELE
SMT SUSHILABEN GAURISHANKAR KURELE","","UNCLE: SHRI PRADIPBHAI KURELE
AUNTY: LATE SMT RACHNA PRADEEP KURELE
UNCLE SHRI YOGESH KURELE
AUNTY: SMT RASHMI YOGESH KURELE","SHRI ANJANIKUMAR VISHWARI
SMT KALPANA ANJANIKUMAR VISHWARI","","","","","","","","Gold","","2027-05-18 00:00:00","all","","","","",""
"migr_1779091712202_475","rvconstruction85@gmail.com","Approved","2025-12-30T02:34:00.875Z","Father","Male","Unmarried","Vishal Gupta","27/07/1997","5'6""","","Partial","B Tech, MS IIT & Ph D on going","Any other/कोई और","55Lacs","Kanpur","Kanpur","Gagal","नोगरैया","Ajay Kumar Gupta","Business","Jyoti Gupta","Mr Deepak Gupta & Mrs Kalpana Gupta","Married: No | Unmarried: No","Married: No | Unmarried: One","9839777745","Contact Person","B Tech/ M Tech/ MBA | Well educated & good looking","","Kanpur","Badminton, Travelling","Well behaved","","87/248 Acharya Nagar Kanpur","1899-12-30 20:11:00","Kanpur","","","","Sh Mati Ram Janki &","Late Gopi Shyam Gupta","Mrs Kalpana & Mr Sanjay Kumar Gupta Noida 
Mrs Seema & Mr Vijay Kumar Gupta Kanpur 
Mrs Rani & Mr Pawan Kumar Gupta Kanpur","Mrs Neeta & Mr Salik Ram Reja Kanpur 
Mrs Babita & Mr Ashok Seth Gwalior 
Mrs Anju & Mr Mohan Gupta Ghaziabad","","","","","","","","Gold","","2027-05-18 00:00:00","all","","","","",""
"migr_1779091712202_476","sumitsethiya86@gmail.com","Approved","2026-01-09T16:21:57.764Z","Brother","Male","Unmarried","अमित कुमार सेठिया","26/05/1994","5'4""","","No","B.ed M.Sc maths","Business/व्यापार","15-20 लाख","Katni","Katni","काछिल","सेठिया","कमलेश कुमार सेठिया","शिक्षक","अनीता सेठिया","सुनील बिचपुरिया","Married: नही | Unmarried: 1","Married: नही | Unmarried: 1","7898300312","Contact Person","समझदार कर्मठ एवं व्यवहारिक | सहज ईमानदार कर्मठ व मैत्रिक व्यवहार","","Katni","Traveling and learning","कर्मठ एवं व्यवहारिक","","ग्राम पोस्ट बिसानी,तहसील शाहनगर, जिला पन्ना, मध्य प्रदेश","1899-12-30 05:00:00","Katni","","","","स्व. श्री बैजनाथ सेठिया","","2","5","","","","","","","","Gold","","2027-05-18 00:00:00","all","","","","",""
"migr_1779091712202_477","sumitguptajhansi2010@gmail.com","Approved","2026-01-18T11:05:22.565Z","Self","Male","Unmarried","SUMIT KUMAR GUPTA","29/04/1994","5'6""","","No","B.Tech","Business/व्यापार","600000","Jhansi","Jhansi","Gol","सोनी","Late RAM DAS GUPTA","Father is no more","Lata Gupta","Yogesh Gupta Gwalior","","Married: Dipti Abhishek Gupta","9453250861","Contact Person","Simple | Simple","","Jhansi","Watching movie & cricket","No","","Out side bada gaon gate master colony jhansi","1899-12-30 02:30:00","Jhansi","","","","Expire","","","","","","","","","","","Gold","","2027-05-18 00:00:00","all","","","","",""
"migr_1779091712202_478","manjulg01@gmail.com","Approved","2026-01-19T08:45:46.928Z","Family","Male","Unmarried","Manjul Gupta","19/01/1995","5'11""","","No","Graduation BBA","Business/व्यापार","7-10 lacs","Sagar","Sagar","Vachil","सावला","Mahesh Gupta","Businessman/Govt contractor","Meena Gupta","Rajendra Gupta (silwani)
Gajendra Gupta (silwani)","Married: Mehul Gupta | Unmarried: Nil","Married: Nil | Unmarried: Nil","9827276820","Contact Person","Open to both working and non working partner | Open to both working and non working life partner","","Sagar","Playing badminton, exploring new places etc","No","","H.no. 9/53 infront of madhyanchal gramin bank sadar bazar sagar (M.P.) 470001","1899-12-30 02:32:00","Sagar Madhya Pradesh","","","","Late Shri Bhagwat Sharan Gupta","","Ashok Gupta (retd. PAO jabalpur)
Late Suresh Gupta (Mpeb Sagar)
Umesh Gupta (Advocate Sagar)","Krishan kumar Mor ( KT super bazar Shahdol) 
Late. Ramgopal Gandhi (sagar)","","","","","","","","Gold","","2027-05-18 00:00:00","all","","","","",""
"migr_1779091712202_479","mona.gupta131996@gmail.com","Approved","2026-01-27T05:54:15.939Z","Self","Female","Unmarried","Mona Gupta","13/12/1996","4'4""","","No","Bsc","Service/नौकरी","3.5 lacs","Gurgaon","Orai","Kochhal","कस्तवार","Suresh Chandra Gupta","Service man ( private job)","Suman Gupta","Mr.Anil Gupta and Mrs Brajlata Gupta ( Bhopal) Mob- 9009212518
Dr. Arun Gupta
Mr Keshav kumar Gupta (Gopalji) and Mrs Preeti Gupta Mob- 7007676869
Mr.Akhilesh Gupta and Mrs Reeta Gupta Mob-9452931514
Mr Ramji Gupta and Mrs Ritu Gupta ( Hariharpress)  Mob- 9450293705","Married: Yogaacharya Manish Gupta jee and Mrs. Pooja Chetrri ( Dehradun) | Unmarried: No","Married: No | Unmarried: No","8882291378","Contact Person","Supportive and understanding | Educated supportive no bad habits and understanding","","Gurgaon","Dancing and watching Tv","Religious and self motivated","","Sector-04 urban estate Railway station road Gurgaon Near Gurgaon bus stand","1899-12-30 19:15:00","Keolari","","","","Lt. Mr. Radhey Shyam Gupta and  Mrs. Ramaurti Gupta ( keolari)","","No","Mr. Ramashray Gupta and Mrs puspa Gupta ( Rampura)
Mr. Ramkumar and  Mrs mamta Gupta( musmariaeale and mandi Orai)
Mr.Sanjeev Gupta and Mrs samta Gupta ( Amkherawale and Anandvihar Orai)
Mr. Manoj Geda and Mrs Sudha Gupta (Tulsi Nagar Orai) Mob- 9453033068","","","","","","","","Gold","","2027-05-18 00:00:00","all","","","","",""
"migr_1779091712202_481","amitoppo78n@gmail.com","Approved","2026-05-11T02:53:42.687Z","Self","Male","Divorced","Amit Gupta","20/06/1992","5'7""","","Partial","MCA","Service/नौकरी","10","Gwalior","Datia","Gol","बिलैया","Shri Ram Kumar Gupta","Business","Smt. Mamata Gupta",".","Married: 1","Married: 1","7049598473","Contact Person","Home maker | Home maker","","Gwalior",".",".","","Gwalior","1899-12-30 13:06:00","Datia","","","","Late. Shri mohan lala billaiya","",".",".","","","","","","","","Gold","","2027-05-18 00:00:00","all","","","","",""
"migr_1779091712202_482","artikhard.mob@gmail.com","Approved","2026-02-07T15:02:41.566Z","Mother","Male","Unmarried","Akshay Khard","1994-05-09 00:00:00","5'5""","","No","Graduation","Self-Employed/स्वनियोजित व्यापार","6-8 Lakhs","Jabalpur","Jabalpur","Bhaal","खर्द","Late Vijay Kumar Khard","Ex- central government officer","Smt Arti Khard","Mr Rajeev Suhane - 7000723154","Married: Nil | Unmarried: Nil","Married: Nil | Unmarried: Not married sister","9407031374","Contact Person","A honest girl who is good in nature, eager to live with in-laws. Caring. Understanding. | She is looking forward to have a loving relationship with her partner and immediate family members.","","Jabalpur","Physical activity, Reading","No bad quality. Honest Man. Caring and understanding. Supportive human being.","","A-8, Khermai Parisar, Dr Rajendra Prasad Ward, Gopal Vihar, Near Gopal Sadan, Jabalpur","1899-12-30 08:35:00","Kareli","","","","Mr. Ghanshyam Das Khard","","Mr Pradeep Khard - 9424323599","Smt Babita Khard - 9009261682","","","","","","","","Gold","","2027-05-18 00:00:00","all","","","","",""
"migr_1779091712202_483","aeecd13@gmail.com","Approved","2026-02-08T15:07:29.285Z","Son","Male","Unmarried","AYUSH GUPTA","19/10/1995","5'6""","","No","B.Tech (computer science)","Service/नौकरी","25 Lacs","Delhi","Delhi","Vasar","बहरे","Arvind Kumar Gupta","Retired as Executive engineer delhi govt","Nandani Gupta","1.Sri Anoop Gupta business 
Smt Alka Gupta 
2.Sri Akhilesh Gupta business 
Smt Anisha Gupta","Married: N/A | Unmarried: N/A","Married: N/A | Unmarried: N/A","9312604865","Contact Person","Working | Working","","Delhi","Travel and reading","Like home made food","","H-2/2,3 1st floor,sector 16, Rohini Delhi 110089","1899-12-30 19:15:00","Delhi","","","","Late sri Brij nandan Gupta","smt Laxmi Devi","1.Sri Rajesh Babu Retired govt A/C officers U.P govt 
Smt Geeta, house wife 
2.sri Shiv Kumar Gupta Retired A/C officers UP govt 
3 Sri Sanjay Kumar Sharma Retired engineer 
Smt Kanchan Gupta, house wife","Late Sri Mukesh Gupta 
Smt Kiran Gupta","","","","","","","","Gold","","2027-05-18 00:00:00","all","","","","",""
"migr_1779091712202_484","arun2611orai@gmail.com","Approved","2026-02-07T20:50:11.044Z","Nephew","Male","Unmarried","आकाश गुप्ता","14/11/1992","5'9""","","No","Graduate","Business/व्यापार","11 - 13 lac","Orai","Orai","Gol","सोनी","Anil gupta","Business and agriculture","Manju gupta","Late ओमप्रकाश गुप्ता 
Late विनोद गुप्ता 
Mr कमलेश गुप्ता 
Mr प्रमोद गुप्ता","Married: Not Applicable | Unmarried: Sumit gupta central govt emloyee level 7","Married: Not applicable | Unmarried: Not applicable","9800790015","Contact Person","Emotionally matured, supportive and kind hearted | Emotionally matured. Kind hearted and supportive","","Orai","Travelling and Spending time with family and friends","Akash is a gentle and very smart businessman","","Gopal ganj Orai Jalaun UP","1899-12-30 16:17:00","Orai","","","","Grand father retired from state Govt and Grand mother home maker. Old aged but Good health","","Sunil Gupta business
Ajay gupta property dealer and business","Bua - Late sunita gupta
Fufa ji- Dr T D Gupta (MBBS, MD) orthopaeic surgeon, Retired from Govt hospital","","","","","","","","Gold","","2027-05-18 00:00:00","all","","","","",""
"migr_1779091712202_485","l.l.chandaiya@gmail.com","Approved","2026-02-08T04:06:06.163Z","मित्र का बेटा","Male","Unmarried","Dr Suyash Saravgi","1997-07-05 00:00:00","5'7""","","No","M.B.B.S.","Service/नौकरी","","Delhi","Jhansi","Gol","सरावगी","Vinod Kumar Saravgi","Retd.SSE,Indian Railways","Joolie Saravgi","Ravi Kumar Gupta IPS Spl DG Rail Bhopal","Married: Satyam Saravgi | Unmarried: No","Married: No | Unmarried: No","9936822249","Contact Person","Priority MBBS Dr Girl | MBBS Dr Girl","","Delhi","Reading books","Sincere in work","","Pushp vihar Saket Nagar New Delhi","1899-12-30 12:15:00","Jhansi","","","","Not Known","","Nand Kishor Saravgi","Rajendra Kumar Gupta Mehrauni","","","","","","","","Gold","","2027-05-18 00:00:00","all","","","","",""
"migr_1779091712202_486","sanjaylohiya325@gmail.com","Approved","2026-02-10T06:43:49.606Z","father","Male","Unmarried","Pratik Lohiya","1993-02-01 00:00:00","5'4""","","No","Master in urban planning, B Arch","Service/नौकरी","15 Lakh","Ahmedabad","Konch(UP)","Kohil","लोहिया","Sanjay kumar Lohiya","Senior section Engineering in Ahmedabad, WR","Rekha Lohiya","Late Shri Ramkumar Gupta and archna Gupta -Orai","Married: none | Unmarried: one younger brother","Married: none | Unmarried: none","9601464429","Contact Person","well educated and good looking | Good looking and working in same field","","Ahmedabad","music","modern, open minded","","A/5, Sumukh Apartment, nr- suryanagar society, Jawahar chowk, Maninagar Ahmedabad","1899-12-30 02:30:00","Konch(UP)","","","","Grand father-","Late shri Mevalal Lohiya & Grand Mother- Late Smt Shakuntala devi","1-Shri Rajesh Lohiya and Ramkumari Lohiya,  2-Shri hari krishna lohiya and archna Lohiya-Konch-UP","1-Rakesh Gupta and archna Gupta-bhopal, Shri Sanjay Karmeri and Kalpana Gupta-Kanpur","","","","","","","","Gold","","2027-05-18 00:00:00","all","","","","",""
"migr_1779091712202_487","mrmgupta.06@gmail.com","Approved","2026-05-17T16:26:34.447Z","Father","Male","Unmarried","Madhur mohanji gupta","29/11/1993","5'7""","","No","ME (structural engg.), BE (civil engg.)","Service/नौकरी","3 lakhs","Amravati","Amravati","Gol","बिलैया","Shri. Mohan chiranjilalji gupta","NA","Smt. Rajeshwari mohan gupta","1) shri. Santosh kathal & smt. Shashi kathal","Married: Shri. Mayur mohanji gupta & smt. neeti mayur gupta","","9623787440","Contact Person","Simple educated and understanding | Simple, educated, understanding & family oriented","","Amravati","Travelling, playing game,","Simple and understanding","","Flat no. 203 harishanti B appt. Khandelwal nagar sai nagar akoli road amravati Maharashtra","1899-12-30 10:45:00","Amravati","","","","NA","","1) shri. Dilip chiranjilalji gupta & smt. neelam dilip gupta","1) late shri. satish rusia & smt. Maya rusia
2) shri. Bharat dadariya & late smt. Prema dadariya","","","","","","","","Gold","","2027-05-18 00:00:00","all","","","","",""
"migr_1779091712202_488","gopaldasgupta478@gmail.com","Approved","2026-02-13T17:23:22.209Z","Father","Male","Unmarried","Ayush Guota","20/07/1999","5'6""","","Yes","Mba","Business/व्यापार","15-20 lac","Bhopal","Bhopal","Nigotiya","निगोतिया","Gopal das gupta","Business","Rita gupta","Mr. Rajkumar Suhane - Mrs. Neelam Suhane, Mr. Rajesh Kumar Suhane - Mrs. Pratibha Suhane","Married: No | Unmarried: 1","","9300655721","Contact Person","Homemaker | Homemaker","","Bhopal","Cricket","Good","","Bhopal","1899-12-30 03:58:00","Bhopak","","","","Late Mr. Munnalal gupta - Smt. Urmila Gupta","","Mr. Bhupendra Gupta - Mrs. Priya Gupta","Mr.Manoj Gupta - Mrs. Mamta Gupta","","","","","","","","Gold","","2027-05-18 00:00:00","all","","","","",""
"migr_1779091712202_489","tikaria.prabhakar@gmail.com","Approved","2026-02-14T02:36:45.616Z","Parents","Female","Unmarried","Aayushi Tikaria","16/03/2000","5'2""","","Partial","B Arch","Service/नौकरी","10L","Delhi","Chhatarpur","Bachal","टिकरया","Prabhakar Tikaria","Engineer, Govt job","Meena Tikaria","Sri manoj dengre, sri sanjay dengre, sri vinay dengre, industrialist Sagar M. P.","Married: Nil | Unmarried: Nil","Married: 1 | Unmarried: Nil","7987543855","Contact Person","Smart, good looking, have value for family | Engineer, professional, Self businessmen, suitable for Architectural field","","Delhi","Traveling and Art work","Humble and Good looking","","24/26 Doodhnath Colony, Chhatarpur M. P.","1899-12-30 09:30:00","Chhatarpur","","","","Late Sri Bhagwan Das Tikaria and","Late Smt Ram Payari Tikaria","Sri O. P. Tikaria, Sri S. K. Tikaria, Sri Devendra Kumar Tikaria, Sri Bhaskar Tikaria","Smt Kamlesh and Dr G. P. Gupta, Kumhari distt Damoh M. P.","","","","","","","","Gold","","2027-05-18 00:00:00","all","","","","",""
"migr_1779091712202_490","kailashnarayangupta7668@gmail.com","Approved","2026-02-15T10:45:59.313Z","Grandfather","Female","Unmarried","Purvi Gupta","22/03/1996","5'3""","","No","MSCIT","Service/नौकरी","100000","Ahmedabad","Ahmedabad","Gol","छिरोल्या","Late Shambhu chhiroliya","No","Savita chhiroliya","Mohan nagariya
Rashmi nagariya","Married: No | Unmarried: Ved
Yash
Harsh","Married: No | Unmarried: No","9726939697","Contact Person","","","Ahmedabad","Travelling","No","","8/2 gajraj society nr. Chandlodia lake opp. Jasmin girls hostel ahmedabad, gujarat 382481","1899-12-30 13:43:00","Ahmedabad","","","","Shri Kailashnarayangupta","Late shrimati kusum ben gupta","Mr.Dipak Gupta 
Mrs.Hemlataben gupta","Ravishankar seth 
Savitaben seth,
Rajendra kumar barsainya
Sandhyaben barsainya","","","","","","","","Gold","","2027-05-18 00:00:00","all","","","","",""
"migr_1779091712202_491","sunshinerays2704@gmail.com","Approved","2026-02-15T15:32:06.625Z","Parent","Female","Unmarried","Dr. Sonali Gupta","1995-02-02 00:00:00","5'","","Yes","PDCC - Pediatrics & Anesthesia (Fellowship), MD(Anesthesia)","Service/नौकरी","18 LPA","Gwalior","Gwalior","Vachhil","कुचिया","V.K. Kuchiya","Business","Kiran Kuchiya","Sandhya - Shivkumar Kasav","Married: No | Unmarried: One Younger Brother","Married: No | Unmarried: No","9425121315","Contact Person","MD Doctor | Must be a MD Doctor","","Gwalior","Reading","No","","21 MP Nagar Lashkar Gwalior","1899-12-30 21:00:00","Gwalior","","","","Late Gaekuwar -","Late Rajaram Kuchiya","Ranja - Rashikant Kuchiya","Meena-Ompraksh Seth","","","","","","","","Gold","","2027-05-18 00:00:00","all","","","","",""
"migr_1779091712202_492","bkgupta1308@gmail.com","Approved","2026-02-16T11:10:35.268Z","Father","Male","Unmarried","Deepak Kumar Gupta","13/08/1991","5'8""","","No","BE Electrical Engineering","Service/नौकरी","600000","Gwalior","Gwalior","Kotchchhil","पिपरसानिया","Birendra Kumar Gupta","Retired","Sadhana Gupta","Ramji Kiran Gupta,, Shyamji Neeta Gupta","Married: Nil | Unmarried: Nil","Married: Nil | Unmarried: Dr Diksha Gupta","7330897551","Contact Person","Educated | Educative","","Gwalior","Reading, Meditation, social work","Confident","","C-109, BSF Colony Bhind road Gwalior","1899-12-30 04:40:00","Secunderabad","","","","Bhagwan Das Gupta","Eswardevi","Prayagnarayan Gupta, Asharfilal Gupta, Kailashnarayan Gupta, Rambabu Gupta","Ramadevi Laljiwan Gupta, Puspa Ramshankar Gupta, Seema Sureshchand Gupta","","","","","","","","Gold","","2027-05-18 00:00:00","all","","","","",""
"migr_1779091712202_493","ag313952@gmail.com","Approved","2026-02-20T12:14:13.618Z","Brother","Male","Unmarried","Rahul Gupta","1995-07-04 00:00:00","5'5""","","No","Bachalor of arts","Service/नौकरी","2-3 lakh","Jhansi","Jhansi","Bacchal","रूसिया","Rajendra Gupta","Accountant","Late malti gupta","Dayaram guptq","Unmarried: 1","Married: 1","9506229653","Contact Person","Loving and caring | Loving and caring","","Jhansi","Watching thrill shows","No","","51/6 Outside bada gaon gate, bada bazar jhansi","1899-12-30 05:00:00","Jhansi","","","","Gyandevi gupta","","Sanjeev Kumar/ Bhawna Gupta","Umakanti devi/ jayprakash gupta ....suneeta / Ramkishor gupta","","","","","","","","Gold","","2027-05-18 00:00:00","all","","","","",""
"migr_1779091712202_494","newshivcolony@gmail.com","Approved","2026-02-20T16:50:22.292Z","पिता","Male","Unmarried","प्रखर गुप्ता","1997-07-02 00:00:00","5'10""","","No","बी टेक कंप्यूटर साइंस","Service/नौकरी","2400000","Guna","ग्वालियर","कोच्छल","इन्दुरख्या","मनोज गुप्ता","पब्लिक सेक्टर यूनिट NFL मे जॉब","निर्मला गुप्ता","महेश खांगट
अवधेश खांगट","Married: 1 | Unmarried: जुड़वा","Married: नही | Unmarried: नहीं","8319687713","Contact Person","यदि वो जॉब मे हे तो अच्छा है.
शिक्षा अच्छी हो. | पारिवारिक हंसमुख जॉब या व्यवसाय की इच्छुक","","Guna","Touring cooking","पारिवारिक हंसमुख वयक्तित्व्","","NFL TOWNSHIP GUNA","1899-12-30 02:44:00","ग्वालियर","","","","स्व अशोक गुप्ता इंस्पेक्टर COOPRETIVE
शीला गुप्ता","","मनीष गुप्ता/राधा","सुभाष महतेले ग्वालियर
मनीष गुप्ता ग्वालियर","","","","","","","","Gold","","2027-05-18 00:00:00","all","","","","",""
"migr_1779091712202_495","hsuhane786@gmail.com","Approved","2026-02-23T08:00:43.790Z","Self","Male","Unmarried","Harsh suhane","20/03/1994","6'","","No","Post graduate- M.design
 Undergraduate- B.arch","Service/नौकरी","22 lpa","Pune","Gwalior","Bhal","सुहाने","Hari krishna suhane","Business","Mamta suhane","Shri. Deepak gupta","Married: No | Unmarried: No","Married: No | Unmarried: Shubhangi suhane","9329684060","Contact Person","Looking for someone who is kindhearted underatanding and has a positive outlook towards life  and family values she should be tall, ambitious and career oriented. | Show be working .. and ready to move to metro cities.","","Pune","Creative, art, intellectual, travelling, music, dance,sports.","No","","Pashan, pune","1899-12-30 11:30:00","Gwalior","","","","Late. Shree Babu lal suhane","Late. Smt ram rati suhane","Shri. Hari om suhane (tauji)
Shri . Anil kumar gupta (chacha)","-","","","","","","","","Gold","","2027-05-18 00:00:00","all","","","","",""
"migr_1779091712202_496","poojagupta953112@gmail.com","Approved","2026-02-24T02:23:36.279Z","Self","Female","Unmarried","Pooja Gupta","31/12/1994","5'","","No","B.sc, PGDCA, Design diploma","Service/नौकरी","4 lakh","Indore","Sagar","Kochal","ददरया","Bal kishan gupta","NA","Anita Gupta","Rajendra, Mahendra, Virendra","Unmarried: Shivam Gupta","Married: Anjali Gupta","7566631277","Contact Person","Working | Working","","Indore","travelling","NA","","SN Enclave Nariman City, Indore Madhya Pradesh","1899-12-30 18:45:00","Sagar Madhya Pradesh","","","","Expired","","Bharat lal Gupta","NA","","","","","","","","Gold","","2027-05-18 00:00:00","all","","","","",""
"migr_1779091712202_497","pratikshagupta124@gmail.com","Approved","2026-02-27T15:48:40.016Z","Father","Female","Unmarried","Sneha Chaudhary","21/08/2004","5'1""","","No","B.Com, B.ed","Service/नौकरी","120000","Shivpuri","Shivpuri","Jaitil","नगरिया","Sunil Chaudhary","Business man","Anumeha Chaudhary","Ashwani etondiya","Married: Nil | Unmarried: Jyotiraj Chaudhary and Harsh Chaudhary","Married: Nil | Unmarried: Nil","9806219794","Contact Person","","","Shivpuri","Nil","No","","24, Dr. Moghewali gali, shivaji marg mahal road , Shivpuri","1899-12-30 17:25:00","Dinara","","","","Late. Motilal Chaudhary and smt. Vimla Chaudhary","","JayPrakash Chaudhary and Anjali Chaudhary","Nil","","","","","","","","Gold","","2027-05-18 00:00:00","all","","","","",""
"migr_1779091712202_498","s.suhane1992@gmail.com","Approved","2026-03-01T06:11:38.541Z","Myself","Female","Unmarried","Shubhangi Suhane","1992-04-07 00:00:00","5'5""","","No","MBA(finance)","Service/नौकरी","11-12 lac","Pune","Gwalior","Bhal","सुहाने","Hari Krishna Suhane","Business","Mamta Suhane","MRS.GITANJALI-MR.DEEPAK SONI (NOIDA)","Married: No | Unmarried: 1","Married: No | Unmarried: No","8827645143","Contact Person","Looking for partner in service industry | No","","Pune","Travelling","Friendly","","F-106 Hari Shankar Puram, Gwalior","1899-12-30 17:45:00","Gwalior","","","","Late shri Babulal suhane-","Late smt Ramrati","Shri Anil kumar Suhane- Smt. Ekta Suhane","LATE SMT.URMILLA - LATE.SHRI RAM SHARAN LAHARIYA
SMT.RAMKALI - SHRI HIMMAT RAM VARDHIYA, (POOCH)
SMT.PUSHPA - LATE.DR. BRIJ MOHAN NIGOTI (CHIMMAN), (PICHORE)
SMT.NIRMALA - SHRI ABADH KUMAR BILLIYA (ADVOCATE-LAHAR)","","","","","","","","Gold","","2027-05-18 00:00:00","all","","","","",""
"migr_1779091712202_499","kajalgupta0598@gmail.com","Approved","2026-03-01T14:14:51.750Z","No","Female","Unmarried","Kajal Gupta","27/05/1998","5'3""","","No","BBA, MBA (Pursuing)","Business/व्यापार","24 Lakhs","Mumbai","Gwalior","Jaetal","सेठ","Verendra Kumar Gupta","Businessman (MD of Jaetal Group of Companies)","Puunam Gupt","Mama - Shri Pramod Gupta (Businessman)
Mami - Shrimati Alka Gupta (Homemaker)

Mausaji - Shri Rambabu Sawla (Retired Government Office from Nagar Palika, Dabra)
Mausai - Shrimati Shushma Sawla (Homemaker)","Married: None | Unmarried: Prakhar Gupta - In Class 11th (ISC)","Married: None | Unmarried: Eshaa Gupta - Head of Communications at Voyaah (TravelTech), Mumbai","9674926217","Contact Person","Respectful, Career-oriented, Health Conscious (Vegetarian and no substance consumption) and Religious. | .","","Mumbai","Reading and Social service.","Good - Ambitious and Culturally rooted.","","Amarjyoti CHS, MG Complex, Vashi, Navi Mumbai","1899-12-30 10:30:00","Gwalior","","","","Dada -","Late Shri Dhaniram Gupta
Dadi - Late Shrimati Rampyari Devi Gupta","Tau - Shri Rakesh Kumar Gupta (Businessman)
Tai - Shrimati Neelu Gupta (Homemaker)","Fufaji - Late Shri Mahesh Chandra Neekhra
Bua - Shrimati Pista Devi Gupta","","","","","","","","Gold","","2027-05-18 00:00:00","all","","","","",""
"migr_1779091712202_502","guptapremn@gmail.com","Approved","2026-03-08T07:47:39.141Z","Grand Father","Male","Unmarried","VARUN GUPTA","1998-04-08 00:00:00","6'","","No","BBA-LLB","Service/नौकरी","14 lakhs","Delhi","Delhi","Kaushal","नीखरा","Abhilash Gupta","Business","Hemlata gupta","Rakesh suhane, suchita suhane","Married: None | Unmarried: None","Married: None | Unmarried: Vrinda gupta","9818084054","Contact Person","Working, adjustable, good looking, | Working, adjustable, good looking","","Delhi","Cooking, travelling, shopping, movies, sports","No","","A-1/7 Dekora house Krishna nagar, delhi 51","1899-12-30 13:37:00","Delhi","","","","Prem Narain Gupta","Ex. President of Gahoi Vaishya Asso. Delhi","Yashwant Gupta, seema gupta","Anita lohia, ved lohia (software engineer in US)","","","","","","","","Gold","","2027-05-18 00:00:00","all","","","","",""
"migr_1779091712202_503","tarsoliarajkumar@gmail.com","Approved","2026-05-07T13:06:31.169Z","पुत्र","Male","Unmarried","Abhi Raj Gahoi","19/04/1995","5'5""","","No","MBA","Service/नौकरी","7 L","Lucknow","Kanpur","Gol","तरसोलिया","Raj Kumar Tarsolia","Business","Abha Gupta","Shri Arvind/Rajni 
Sanjay/Kalpana 
Aditya/Ruchi करमेरी उरई","Unmarried: 1","","8840846842","Contact Person","शिक्षित | Best","","Lucknow","Touring","Good","","K block kidwainagar Kanpur","1899-12-30 08:47:00","Orai","","","","Late shri Ram Sevak Gupta","Late Sushila Devi Gupta","Arun Kumar Gupta/ Saroj","1.Shri Ram Prakash/Manorama Kanpur 
2.dr. Shri Murari Lal/Mamta  USA
3.Shri Shyam Bhihari/Late. Anita Devi Orai,Noida 
4.Shri O P Gupta/ Nita (BHEL) रामनाथ सिटी झांसी
5.Shri Subhash Pahariya/Madhu Gohad Gwalior","","","","","","","","Gold","","2027-05-18 00:00:00","all","","","","",""
"migr_1779091712202_504","aviigupta01@gmail.com","Approved","2026-03-06T09:05:03.148Z","Brother","Male","Unmarried","Akhil Gupta","22/11/1996","6'","","Yes","B. Tech","Service/नौकरी","1.25 Crore","Bangalore","Kanpur","Kurele","कुरेले","Lt. Shiv Kumar Gupta","Executive Engineer, Madhya Pradesh Electricity Board","Mrs. Ranjana Gupta","Mr. Manish Gupta
Mrs. Kalpana Gupta","Married: Avi Gupta","","7985092613","Contact Person","Looking for an educated life partner who balances career, family and fitness. | Vegetarian or Eggetarian, Educated, In Job preferably in software or AI related domains","","Bangalore","Sports, Music & Fitness","Akhil is cheerful individual with a passion for my career, a love for football, and a knack for chess. He likes to sing and play guitar in his leisure time. Family and fitness are his bedrocks. He believe in balancing work and personal life, valuing equality, and embracing a lifetime of adventure and fun.","","Kanpur","1899-12-30 18:54:00","Kanpur","","","","Grand Father - Lt. Pragilal Gupta
Grand Mother - Lt. Murti Gupta","","Dr. Ram Kumar Gupta
Mrs. Sadhna Gupta

Dr. Praveen Gupta
Dr. Shweta Gupta","Mr. Raj Kumar Gupta
Mrs. Sudha Gupta","","","","","","","","Gold","","2027-05-18 00:00:00","all","","","","",""
"migr_1779091712202_505","shubham9770997271@gmail.com","Approved","2026-03-06T11:49:46.039Z","Brother","Male","Unmarried","Shivam siolya","1996-08-03 00:00:00","6'","","No","Diploma in International business and export management","Service/नौकरी","1000000","Sagar","Sagar","Jaital","सिपौल्या","Late Shri kamal sipolya","Govt teacher","Smt kiran sipolya","Shri sitaram saravagi  (Chatarpur)","Married: Shubham sipolya (Railway mails SAGAR) | Unmarried: None","Married: None | Unmarried: None","9770997271","Contact Person","Well educated and experte to house held | Well educated and experte to house held","","Sagar","Fitness freak","No","","79/7 Bhagat Singh ward garhakota,Dist- sagar","1899-12-30 02:00:00","Garhakota","","","","Late Shri govind Prasad sipolya","late smt uma Devi sipolya","None","Shri Mahesh gupta(SECL KORBA)","","","","","","","","Gold","","2027-05-18 00:00:00","all","","","","",""
"migr_1779091712202_506","rakeshkgupta11963@gmail.com","Approved","2026-04-05T11:59:53.358Z","Father","Male","Unmarried","Samridh Nigoti","1998-09-04 00:00:00","5'9""","","No","MBA Finance","Service/नौकरी","6-10 lakhs","Mumbai","Bhopal","Koujhal","निगोती","Rakesh Kumar Gupta","Retd Officer Finance & Accounts in Govt undertaking of MP","Mrs Jyoti Gupta","Mr &Mrs RK Gupta Engr-Irrigation","Married: One ,Rohit gupta | Unmarried: Married","Married: No | Unmarried: No","9893359032","Contact Person","Bcom, MBA banking or Finance | Commerce background","","Mumbai","Music,wondering to tourist places ete","Respect to all elders ete","","108 Durgesh Vihar jk Road Bhopal 41","1899-12-30 23:35:00","Bhopal","","","","Late Shri Babulal Gupta &","Late Mrs Mohini Devi Gupta (Head master Govt School-Askn)","Mr CK Gupta, Engr-Orrigation Deptt","Mr &Mrs Shivani Rajindra Chouhda,Katni mp","","","","","","","","Gold","","2027-05-18 00:00:00","all","","","","",""
"migr_1779091712202_507","pramod301163@gmail.com","Approved","2026-03-12T09:48:15.251Z","Father","Male","Unmarried","Harsh Baroniya","14/09/1993","5'8""","","Partial","BSc and P G D M","Service/नौकरी","7 lakh","Jhansi","Jhansi","Vacchil","बड़ोन्या","Pramod Kamar baroniya","Business","Manju lata","3 mama 3 mami","Unmarried: 2","","9450077273","Contact Person","Gradute | Graduation and homely","","Jhansi","Movie","No","","Out side unnao gate near Usha marriage garden jhansi","1899-12-30 01:30:00","Jhansi","","","","Both Passed away","","2 UNCLE","3 bua 4 fufa","","","","","","","","Gold","","2027-05-18 00:00:00","all","","","","",""
"migr_1779091712202_508","surabhigupta4321@gmail.com","Approved","2026-03-13T08:02:05.005Z","Sister","Male","Unmarried","Saurabh Gupta","1995-06-12 00:00:00","5'6""","","No","Financial Analyst and Researcher","Service/नौकरी","5-10 lac","Panna","Panna","Vachal","पहारिया","Narendra Kumar Gupta","Business","Rekha Gupta","Rakesh Bilaiya","","Married: 1","8269837191","Contact Person","Working or non working | Working or non working","","Panna","Fitness, Reading and playing Guitar, piano","Simple and caring","","Gupta building near science college, satna naka, panna, 488001","1899-12-30 22:15:00","Panna","","","","Hargovind Gupta","","Pawan and Shailendra Pahariya","Vinod Nagariya","","","","","","","","Gold","","2027-05-18 00:00:00","all","","","","",""
"migr_1779091712202_509","sakhil2319654@gmail.com","Approved","2026-03-13T12:12:00.728Z","Mother","Male","Unmarried","Sakhil Gupta","1983-05-06 00:00:00","5'5""","","No","MBA from Shobhit University Meerut","Service/नौकरी","5.40 Lac.","Kanpur","Jhansi","वात्सल्य","कुचिया","Late Satish Chandra Gupta","Business","Mrs. Manju Lata Gupta","Late.Suresh Kumar Gupta /Late. Kamlesh Kumar Gupta","Married: No | Unmarried: No","Married: No | Unmarried: No","8004607511","Contact Person","Good Looking & Make tune between office & Family life & feelings. | Should Value of life & family","","Kanpur","Listening Music, Historical Place & Side seen","No","","67/116 Canal Road Kanpur","1899-12-30 10:00:00","Jhansi","","","","Late Hukum Chandra Gupta/","Late Shanti Devi Gupta","Late Jagdish Prasad Gupta/ Mrs. Sakun Gupta
Mr.Chimman Gupta/ Mrs.Pratibha Gupta in Kanpur","COL. Rajendra Gupta Army Retired/ Mrs. KumKum Gupta Delhi 7500602433; 9650473096
Mr.Manohar Lal Gupta /Late Asha Mor Nawgaon Business Chirag Jewellers & Gehna Jewellers in Chhatarpur 9425813538: 9425305538","","","","","","","","Gold","","2027-05-18 00:00:00","all","","","","",""
"migr_1779091712202_510","sandeepgupta59884@gmail.com","Approved","2026-03-14T04:13:52.035Z","Bete ke liye","Male","Unmarried","Sandeep Gupta","1993-01-01 00:00:00","5'8""","","Yes","B.com final","Business/व्यापार","35000 monthly","Gwalior","Gwalior","Bachal","कनकने","Mahendra Gupta","Business","Meena Gupta","Bhopal","Married: 1 | Unmarried: 1","","7999175836","Contact Person","Koi bhi | House wife","","Gwalior","Kam per focus karna","Kuch bhi nahi hai","","Lala ka bazar shitala Mata Mandir ke pass","1899-12-30 00:02:00","Gwalior","","","","Nhi hai","","Haa","Haa","","","","","","","","Gold","","2027-05-18 00:00:00","all","","","","",""
"migr_1779091712202_511","shivam020694@gmail.com","Approved","2026-03-20T06:47:23.381Z","Son","Male","Unmarried","Shivam Gupta","27/07/1995","5'8""","","No","B.Sc. MA","Service/नौकरी","5-7 Lakh","Shivpuri","Shivpuri","Gagal","गेडा","Shri Pramod Gupta","Business","Smt. Asha Gupta","Smt. Vinita- Shri Harnarayan Kharya Datia
Smt Nidhi- Shri Pawan Kharya Datia","Married: No | Unmarried: Rohit Gupta","Married: Smt Meenu Gupta-Shri Anand Loiya Jhansi | Unmarried: No","7958662195","Contact Person","Loyal and Understanding | Loyal and Understanding","","Shivpuri","Reading Books","NA","","Pitambrapuri, Bundela colony Datia MP","1899-12-30 23:45:00","Pichhore, Dist- Shivpuri MP","","","","Smt Mithla Gupta- Shri Ramswaroop Gupta","","Smt Rachna Gupta- Shri Manoj Gupta pichhore","Smt Alka -Shri Umashankar Kurele Bamorekala 
Smt Sangeeta- Nilesh Kanthariya Pichhore","","","","","","","","Gold","","2027-05-18 00:00:00","all","","","","",""
"migr_1779091712202_512","sumit.kharya901@gmail.com","Approved","2026-03-21T16:18:43.711Z","Father","Male","Unmarried","Sumit Kharya","28/05/1993","5'8""","","Partial","BE(Computer Science Engineering)","Service/नौकरी","2500000","Indore","Indore","Kauchal","खरया","Ramsharan Kharya","Retired","Manju Kharya","Pradeep Rawat and Vandana Rawat, Banda","Married: No | Unmarried: NO","Married: 3 elder married sisters","9425363783","Contact Person","Working professional | Working Professional in IT/Government service/Banking preferably in Indore or near areas","","Indore","Reading Books, Sports, Traveling, Food","Good Quality - Honest, Hard working, Respectful, Spiritual","","Scheme Number 74,DK1-329,Vijaynagar,Indore(M.P.)","1899-12-30 05:30:00","Chhatarpur","","","","Late Janaki Prasad Kharya","","LakhanLal Kharya and Lakshmi Kharya, Chhatarpur","1) KunjBihari Ghura and Kamla Ghura, Chhatarpur 2) Late PremNarayan Seth and Bhagvati Seth Chhatarpur","","","","","","","","Gold","","2027-05-18 00:00:00","all","","","","",""
"migr_1779091712202_513","prakhalgupta.j12@gmail.com","Approved","2026-03-24T05:52:05.686Z","Brother","Male","Unmarried","Priyanshu Gupta","24/03/1999","5'7""","","No","B. Tech (Electronics & Communication)","Service/नौकरी","1500000","Noida","Jhansi","Vachhil","कनकने","Sanjeev Kumar Gupta","Advocate","Anjali Gupta","Ratnesh Gupta (Business) - Shikha Gupta","Married: - | Unmarried: Prakhal Gupta (B. Tech - Information Technology)","Married: - | Unmarried: -","9415588551","Contact Person","Service | Service","","Noida","Travelling and Food","-","","436/5 Verma Colony, Outside Badagaon Gate, Jhansi (U.P) -284002","1899-12-30 11:05:00","Jhansi","","","","Lt. Shri Balram Kankane -  Kusum Gupta","","Rajeev Kumar Gupta (Business) - Poonam Gupta","Gyanendra Seth (Business) - Sangeeta Seth","","","","","","","","Gold","","2027-05-18 00:00:00","all","","","","",""
"migr_1779091712202_514","preetig220@gmail.com","Approved","2026-03-25T14:55:58.160Z","Mother","Male","Unmarried","Ayush Gupta","1995-03-04 00:00:00","5'5""","","Yes","B.Tech. M.S Engineering","Service/नौकरी","35 Lakhs","Bangalore","Jabalpur","Kohil","लोहिया","Ashok Gupta","Retired from Govt job","Preeti Gupta","Mamaji - Mamiji 

Shri Arun - Smt Rajni Gupta 
Shri Pradeep - Smt Kavita Gupta 
Shri Sandeep - Smt Varsha Gupta

Mausaji - Mausiji

Shri Alok - Dr Jyoti Gupta","Married: No | Unmarried: One younger brother, software engineer in Hyderabad","Married: No | Unmarried: No","8770466902","Contact Person","Engineer or CA | Engineer, Dr or CA","","Bangalore","Sketching, Music, travelling","Honesty","","Ashok Gupta
Damoh Naka, Parijat Building ,Saraswati colony
1652/3 house no
JABALPUR, MADHYA PRADESH 482002
India","1899-12-30 02:25:00","Durg Chhattisgarh","","","","Grandfather has expired. Grandmother lives with us.","","Tauji - Taiji

Late Shri Ramesh Kumar - Smt Sudha Gupta 
Late Shri Suresh Kumar - Smt Shobha Gupta 
Late Shri Shyamlal - Smt Kamalrani Gupta 
Shri Santosh - Smt Asha Gupta 
Shri Govind Prasad - Smt Urmila Gupta 
Shri Gopal Prasad - Late Smt Savita Gupta 

Chachaji - Chachiji 

Shri Shailesh Kumar- Smt Seema Gupta","Fufaji - Buaji

Late Shri Vijay - Smt Chandrakanta Bichpuria 
Shri Subhash - Smt Krishna Gupta 
Shri Ramakant - Smt Sarita Geda
Shri Sanjay - Smt Mamta Khantal","","","","","","","","Gold","","2027-05-18 00:00:00","all","","","","",""
"migr_1779091712202_515","prince.nagaria06@gmail.com","Approved","2026-03-29T18:36:11.374Z","Son","Male","Divorced","Prince Nagaria","17/03/1992","5'10""","","Partial","B.Tech, MBA","Service/नौकरी","60 Lakhs","Pune","Jabalpur","Jaital","नगरिया","Mr. Anil Kumar Nagaria","Retired from Punjab National Bank","Mrs. Alka Nagaria","No","Married: No | Unmarried: No","Married: Two elder sisters, both happily married. Sisters and brothers-in-law are working in reputed MNCs. | Unmarried: No","9754332200","Contact Person","Open to both non-working and working partner | Open to both non-working and working partner","","Pune","Playing Squash, Badminton, Gyming, Traveling","Fitness enthusiast, Good Looking, Highly Educated, caring and understanding.","","Duplex No.4 Savitri Villa, Lamti road, near manas chowk, gali no. 5, Vijay Nagar,  Jabalpur(M.P.).","1899-12-30 03:50:00","Jabalpur","","","","Late Mr. R.R Nagaria &","Late Mrs. Savitri Nagaria","No","No","","","","","","","","Gold","","2027-05-18 00:00:00","all","","","","",""
"migr_1779091712202_516","shreyash01gupta@gmail.com","Approved","2026-03-30T16:26:20.698Z","Self","Male","Unmarried","Shreyash Gupta","1997-03-10 00:00:00","","","No","BBA","Business/व्यापार","30-35 lakhs","Jhansi","Jhansi","Gol","सिजरिया","Late.Vijay Sijariya","Business","Shalini Sijariya","Sanjay Tarsoliya-Tanu tarsoliya","Unmarried: Jayesh Gupta
Software Engineer","","9235896100","Contact Person","","","Jhansi","Travelling,Watching movies",".","","Mission compound, Jhansi","1899-12-30 09:15:00","Jhansi","","","","Late.Rajendra Sijariya
Shakuntala Sijariya","","Uncle-Aunty
Sanjay Sijariya-Ritu Sijariya
Kushal Sijariya-Meenakshi Sijariya
Sachin Sijariya-Jyoti Sijariya
Rushank Sijariya-Neha Sijariya
Harsh Sijariya-Nindiya Sijariya","Sapna Gupta-Abhishek Gupta","","","","","","","","Gold","","2027-05-18 00:00:00","all","","","","",""
"migr_1779091712202_517","kumarguptaanil39@gmail.com","Approved","2026-03-31T13:51:57.198Z","Father","Female","Unmarried","Subhi Gupta","29/01/1997","5'1""","","No","Diploma in Elementary Education)","Service/नौकरी","6 lakh","Orai","Orai","Vashil","कसाव","Mr. Anil Kumar Gupta","Private teacher","Mrs. Chanchal Gupta","No","Unmarried: Shikhar Gupta (Senior Software Engineer)","","9450128925","Contact Person","Understanding, kind and emotional Understanding. | Understanding, kind and emotional available.","","Orai","Travelling, movies, listening music","Good quality- understanding, empathetic, kind to everyone","","New Patel Nagar near thadeshwari mandir, Orai (U.P)","1899-12-30 12:45:00","Jhansi (U.P)","","","","Smt. Shanti Devi -","Late Shri PooranMal Gupta","Mrs. Poonam Gupta - Mr. Ajay Kumar Gupta(Atul)(Businessman)","Mrs. Sudha Gupta - Dr. Arvind Gupta (Alampur, M.P)","","","","","","","","Gold","","2027-05-18 00:00:00","all","","","","",""
"migr_1779091712202_518","praveenjio66@gmail.com","Approved","2026-04-02T08:07:56.861Z","Jija ji","Male","Unmarried","Sandeep Gupta","22/08/1995","5'10""","","No","BTech , MTech (thermal) , D.el.ed","Service/नौकरी","1200000","Ahmedabad","Jhansi","Gol","इटोदिया","Mr. Shiv Narayan Gupta","Ex. soil conservation inspector","Mrs. Suneeta Gupta","1)Anand Naugraiya (Business)
2) Arvind Naugraiya (Business) add- Panwari","Married: 1 -Mrs. Ragini w/o Shashikant Gupta (farmer) | Unmarried: None","Married: 1) Mrs. Neha(gov. teacher) w/o Mr. Bhaskar (gov.
Gorakhpur
2) Mrs. Nikki(gov.teacher) w/o Mr. Praveen Neekhara(gov. teacher) Jhansi | Unmarried: None","9889756679","Contact Person","Good Nature and beauty ,Simple living and high thinking ,job not compulsory but teaching line prefer first , cooking and house work is most important part of every woman so this is preferable also | Good Nature and beauty ,Simple living and high thinking ,job not compulsory but teaching line prefer first , cooking and house work is most important part of every woman so this is preferable also","","Ahmedabad","Traveling, Reading Books ,Enjoy life","Very good nature, calm nature , hard working","","Behind Chanda hotel Near Jain Mandir Civil line jhansi","1899-12-30 18:00:00","Lalitpur","","","","Late Chiraunji w\o","Late Brindavan Lal Gupta","1) Mrs. Ramvati w/o Late Chhote Lal Gupta (Businessmen)
2) Mrs. Leela w/o late Dwarika Prasad Gupta(Ex sn. Assistant Indian post)","Mrs. Parvati Dhoosar w/o Late Kishori Lal Dhoosar Niwari","","","","","","","","Gold","","2027-05-18 00:00:00","all","","","","",""
"migr_1779091712202_520","gptsachin1234@gmail.com","Approved","2026-04-07T18:00:33.717Z","Son","Male","Unmarried","Sachin Gupta","1993-09-02 00:00:00","5'9""","","Partial","BSc. Bed","Business/व्यापार","12-15 Lakh","Orai","Orai","Jaital","सेठ","Murari Sharan Gupta","Confectionary","Sunita Gupta","Shri Mati Neetu-Shyam Lohiya (Konch,Jalaun)","Unmarried: 1","Married: 2 | Unmarried: 1","8318803650","Contact Person","Simple | Simple","","Orai","Cricket, traveling","No","","Near of Mordern Academy Shool, Indra Nagar , Ajnari Road, Orai, Jalaun","1899-12-30 18:05:00","Kotra, UP","","","","Late Shri Mati Bhagawati-Ayodhya Prasad Gupta","","0","Shri Mati Gayatri-Kamlesh Soni (Poonch, Jhansi)
Shri Mati Tara-Naresh Kharya (Uldan, Jhansi)","","","","","","","","Gold","","2027-05-18 00:00:00","all","","","","",""
"migr_1779091712202_522","shikhabrijpuriya03@gmail.com","Approved","2026-04-22T11:16:54.763Z","Mother","Male","Unmarried","Rishi Gupta","1998-03-06 00:00:00","5'8""","","No","B.E - EC","Service/नौकरी","25 LPA","Pune","Bilaspur","Gangal","झुड़ेले","Shri krishna Gupta","Notary","Shikha","Sanjiv Brijpuriya","Married: No | Unmarried: No","Married: 1 | Unmarried: No","9406727199","Contact Person","IT Sector | IT Sector","","Pune","NA","No","","Maihar","1899-12-30 15:45:00","Bilaspur","","","","Gulab Chand Gupta","","4","4","","","","","","","","Gold","","2027-05-18 00:00:00","all","","","","",""
"migr_1779091712202_524","juligupta8959@gmail.com","Approved","2026-05-07T14:48:47.617Z","बेटी","Female","Unmarried","Saloni gupta","1999-11-08 00:00:00","5'4""","","Partial","Bsc, MA, D Ed","Any other/कोई और","","शिवपुरी","शिवपुरी","Bhal","सेठ","दिनेश गुप्ता","पंचायत सचिव","Juli gupta","पूजा प्रकाश छिरौलिया","Married: No | Unmarried: 1","Married: No | Unmarried: 1","8959102672","Contact Person","Job
भावनाओं को समझने वाला हो | Job","","शिवपुरी","पढ़ाई","No","","मैन रोड दिनारा 
जिला शिवपुरी मध्य प्रदेश","1899-12-30 18:36:00","शिवपुरी","","","","केशव प्रसाद सेठ 
बैनी वाई","","Sunil Manju gipta","रचना सुरेंद्र रूसिया","","","","","","","","Gold","","2027-05-18 00:00:00","all","","","","",""
"migr_1779091712202_525","saurabh.srg2005@gmail.com","Approved","2026-05-07T17:47:20.272Z","Elder brother","Male","Unmarried","GAURAV GUPTA","19/09/1996","5'8""","","No","MBA","Service/नौकरी","28 lakh","Pune","Gwalior","Vasel","मोर","Late ram khiladi gupta","Business","Pushpa gupta","Shri Sanjeev kankane
Shri Dinesh kankane","Married: SMT sonal saurabh gupta | Unmarried: No","Married: SMT chetna manish nikhra
SMT ruchi anand billaiya | Unmarried: No","9425786262","Contact Person","Family oriented | All of them","","Pune","All of them","No","","Mor bhavan temak ka bada Lashker Gwalior","1899-12-30 14:40:00","Gwalior","","","","Late ram sewak mor","","Ashok mor 
Mukesh mor
Rajendra mor","ER. RAJESH GUPTA / SMT REKHA GUPTA","","","","","","","","Gold","","2027-05-18 00:00:00","all","","","","",""
"migr_1779091712202_526","hsgupta4963@gmail.com","Approved","2026-05-08T09:59:15.802Z","Maternal uncle","Male","Unmarried","Sanjay kumar Gupta","1986-09-06 00:00:00","5'3""","","No","B Ed, ITI","Business/व्यापार","","Orai","Orai","Kachhil","पिपरसानिया","Late Ram Das Pipersaniya","N/A","Smt Vimala Gupta","4","Married: 4 | Unmarried: No","Married: 1 | Unmarried: No","9453007933","Contact Person","Not working | Mother, Four Brothers & one Sister all are married.","","Orai","No","No","","Gandhinagar bambi road Orai Distt jalaun UP","1899-12-30 00:50:00","Orai","","","","No","","2","No","","","","","","","","Gold","","2027-05-18 00:00:00","all","","","","",""
"migr_1779091712202_527","guptaim33@gmail.com","Approved","2026-05-09T07:14:28.228Z","Aadar father","Male","Unmarried","Rakesh bilaiya nahin","1999-12-05 00:00:00","5'6""","","No","Bsc. MCA","Service/नौकरी","","Bhopal","Katni","Gol","बिलैया","Ramesh bilaiya","broker","Sheela bilaiya","Rajendra mor Jabalpur","","Married: 2","9425162630","Contact Person","Sarvesh | Service","","Bhopal","Trave.  song","No","","Rachit bilaiya Kshetra sal Nagar Bhopal phase 1","1899-12-30 01:13:00","Katni","","","","No","","Vijay Kumar bilaiya","Santosh mor Panna Rajkumar badwaniya shehdol","","","","","","","","Gold","","2027-05-18 00:00:00","all","","","","",""
"migr_1779091712202_528","sethanurag81@gmail.com","Approved","2026-05-09T07:20:38.386Z","Sister","Male","Unmarried","Amit Gupta","1987-07-04 00:00:00","5'9""","","Partial","BE","Business/व्यापार","10Lakh","Gwalior","Lahar (M.P.)","Batchal","कुचिया","Rajendra Kuchiya","Job","Smt. Sarda Gupta","2 (datiya, M.P.)","Married: 1 Mayank gupta | Unmarried: No","Married: 2","7509853576","Contact Person","Good Understanding with partner | Family value,  good understanding,  good natured","","Gwalior","Traveling and music","No","","Suraj nagar Colony,  near sagartal , bhodapur, gwalior","1899-12-30 11:40:00","Lahar (M.P.)","","","","Late shree","","3","Late shree  Kailash narayan gupta","","","","","","","","Gold","","2027-05-18 00:00:00","all","","","","",""
"migr_1779091712202_529","khairababita@gmail.com","Approved","2026-05-09T09:39:52.604Z","Mother","Female","Unmarried","Nancy Khaira","22/02/1995","5'4""","","No","PH.d (Commerce)","Any other/कोई और","","Delhi","Jhansi","Vatsal","खैरया","Jai kishan khaira","Businessman","Babita khaira","Mr.Rajkumar-Mrs.Kiran Bilaiya
Mr.Sanjeev -Mrs.Rekha Bilaiya
Mr.Manoj-Mrs.Pratibha Bilaiya","Married: No | Unmarried: 01","","9415112981","Contact Person","Good and kind hearted person | N/A","","Delhi","Dancing","N/A","","1071 Opposite Punjab National Bank New Market Jhokan Bagh Jhansi","1899-12-30 06:30:00","Jhansi","","","","Lt Anant Kishan khaira","","Mr.Vikas khaira -Mrs.Sarita khaira
Mrs.Sandhya khaira
Mrs.Suman khaira","Prof.Rajeev -Mrs.Sunita Sijariya","","","","","","","","Gold","","2027-05-18 00:00:00","all","","","","",""
"migr_1779091712202_530","guptamuskan30420@gmail.com","Approved","2026-05-09T16:07:06.419Z","Self","Female","Unmarried","Muskaan Gupta","2000-01-05 00:00:00","5'3""","","Partial","B.Tech","Service/नौकरी","","Delhi","Khandwa","Vaachhil","तपा","Mr. Dinesh Gupta","Business","Seema Gupta","Mr. Arvind Gupta Mrs. Neelma Gupta 
Mr. Ashish Gupta Mrs. Sarika gupta","Unmarried: Harsh Gupta","","9971662761","Contact Person","Well educated | NA","","Delhi","Travelling","NA","","Khar khalan Khandwa Madhya Pradesh","1899-12-30 18:00:00","Kha kalan","","","","Lt. Sh Rameshwar Dayal Gupta","Lt. Shri kanti bai Gupta","Mr. Suresh Gupta/ Maya Gupta
Mr. Naresh Gupta/ Sangeeta Gupta,
Mr. Rakesh Gupta/Sunita Gupta 
Mr. Akhilesh Gupta/ Sandhya Gupta
Mr. Rajesh
 Gupta/Geeta Gupta","Neha Gupta / Anil Gupta","","","","","","","","Gold","","2027-05-18 00:00:00","all","","","","",""
"migr_1779091712203_531","satyambarsainya.signin1@gmail.com","Approved","2026-05-10T09:15:58.684Z","Mother","Female","Unmarried","Shweta Barsainya","22/12/1997","5'1""","","Partial","MBA","Service/नौकरी","8-10 Lakh","Pune","Pune","Wachchhal","बरसैंया","Mukesh Barsainya","Business","Lata Barsainya","Ravi Rusia","Married: 1","","8329266630","Contact Person","He should be loyal and treat everyone with respect. | He should be working","","Pune","Travelling, Cooking, Watching Movies, Spending time with family","She is very hardworking, cooks delicious food, and is extremely loyal.","","Pune","1899-12-30 18:15:00","Pune","","","","Late Sri. Ramsevak Barsainya -","Late Smt. Radhabai Barsainya","Deepak Barsainya","Raju Behre - Maya Behre","","","","","","","","Gold","","2027-05-18 00:00:00","all","","","","",""
"migr_1779091712203_532","devyanigupta35@gmail.com","Approved","2026-05-13T12:53:49.595Z","Son","Male","Unmarried","Adarsh Gupta","1999-04-01 00:00:00","5'7""","","No","MCA (Boston USA)","Service/नौकरी","USD 130K","Vadodara","Vadodara","Gol","छिरोल्या","Kamlesh Gupta","Retired Executive Engineering Irrigation Department","Sunita Gupta","Shri Shailesh Kathal- Smt Anju Kathal","","Married: Shivani Gupta is working with a Dutch company in the Netherlands.
CMA Devyani Gupta is working with a US-based company in Vadodara.","9909921839","Contact Person","We are seeking a well-educated girl, preferably an IT/Software engineer, who is willing to settle in the USA and is open to pursuing a career there. | We are seeking a well-educated girl, preferably an IT engineer, who is willing to settle in the USA and is open to pursuing a career there.","","Vadodara","Traveling","No","","A-155, Gokul Township, Nr. Rameshwar School, Gotri Road, Vadodara, Gujarat 390021","1899-12-30 16:24:00","Vadodara","","","","Late Ramdas Gupta-","Late Shanti Devi Ashoknagar","Late Shri Suresh Gupta- Smt Chandan Gupta
Shri Omprakash Gupta- Smt Suman Gupta
Shri Vijay Gupta- Late Smt Saroj Gupta
Late Shri Vishnu Gupta- Smt Gita Gupta
Shri Sharad Gupta- Smt Vinita Gupta","NA","","","","","","","","Gold","","2027-05-18 00:00:00","all","","","","",""
"migr_1779091712203_534","sawlapramod@gmail.com","Approved","2026-05-16T07:13:13.489Z","Father","Female","Unmarried","Kamya gupta","25/07/1997","5'2""","","No","MBA","Service/नौकरी","900000","Delhi","Bhind","Kauchhil","सावला","Pramod Kumar sawla","Business","Gayatri gupta","Rakesh bijpuriya","Married: One | Unmarried: No","Married: No | Unmarried: No","9926210565","Contact Person","Service man | Service","","Delhi","Singing","No","","Housing colony bhind","1899-12-30 14:30:00","Bhind","","","","Kailash Narayan gupta","Lt Girja devi","Pradeep Kumar Gupta","Manoj teetwilasi","","","","","","","","Gold","","2027-05-18 00:00:00","all","","","","",""
"migr_1779091712203_535","saranshviswari@gmail.com","Approved","2026-05-16T07:50:19.479Z","Myself","Male","Unmarried","Saransh Viswari","1994-12-03 00:00:00","5'3""","","No","B. Tech CS","Service/नौकरी","18.5 lakhs","Bangalore","Gwalior","Kochhil","विसवारी","Suresh Viswari","Provisional store","Anita Viswari","Rajendra - Uma Vijpuria, Dabra 
Jagdeesh - Usha, Gwalior 
Dinesh - Shobha, Gwalior","Married: Sagar - Aastha, Hyderabad","","9244810409","Contact Person","Im pure vegetarian looking for the same, she should not drink and smoke | Im pure vegetarian looking for the same, she should not drink and smoke.","","Bangalore","Reading, Connect with new people, travelling","I'm a Spiritual and positive attitude person and optimistic in every situation. I have religious beliefs moral values and respect for elders, I'm pure vegetarian","","Mama ka bazar, Lashkar, Gwalior M.P.","1899-12-30 22:10:00","Samthar (Jhansi) U.P.","","","","Late Bhagwan das Viswari","","Shri Ashok - Priti,l Viswari, Orai
Shri Rajesh - Sandhya Viswari, Samthar, Jhansi","0","","","","","","","","Gold","","2027-05-18 00:00:00","all","","","","",""
"m1779102403980","gyan_man@rediffmail.com","Approved","2026-05-18T11:06:44.090Z","","Male","Unmarried","Aditya Rawat","1995-08-12 00:00:00","5'8""","Fair (गोरा)","","MS Eng.,PhD","Scientist","75 LPA - 1 Cr","Potsdam, Germany","Gwalior","Gol","रावत","Gyanendra Rawat","Retired Divisional Manager, New India Assurance","Manju Rawat","Arvind — Kanpur — Business; Apoorv — Kanpur — Service; Arun — Kanpur — Business","","Nishi — Married — Expired; Dr Neha — Married — Dr Prem Gupta; Nidhi — Married — Ankush Gupta","7000809197","Gyanendra Kumar Rawat","","","","","Aditya completed MS Engineering from Germany, working as senior Scientist and doing PHd also.
Girl should be good match , working,M Tech ,MS,MBA, doctor,B Tech or similar.","https://res.cloudinary.com/dtcrife6i/image/upload/w_600,h_600,c_fill,g_face,q_auto,f_auto/v1779102088/gahoibandhu/txps0tnrlzwsx6aryxtf.jpg","19-A , Awadhpuri, near Alkapuri","1899-12-30 02:28:00","Bhopal","","Deva (देव)","","Ramkishor Rawat","Radheshyam Suhane","","Sudha Gupta — Bhopal — Housewife; Sumita — Housewife — Sehora; Krishna — Housewife — Jabalpur","Ajay Rawat — Bhopal — Retired RM; Anoop Rawat — Gwalior — Retired LIC SBM; Neeraj — Chhatarpur — Business","Mamta — Orai — Business; Samta — Tikamgarh — Housewife; Amita — Ghaziabad — Housewife","","Shanti devi","Parvati devi","","","Gold","","2027-05-18 00:00:00","all","","","","",""
"m1779476804028","gaurav.reja@gmail.com","Inactive","2026-05-27T17:57:26.924Z","","Male","Unmarried","Shishir Seth","15-03-1990","5'10""","Fair (गोरा)","No","MBA","Business","","Noida","Jhansi","Jaital","सेठ","Ravi Seth","Business","","","","","7900201010","","","","","","","https://res.cloudinary.com/dtcrife6i/image/upload/w_600,h_600,c_fill,g_face,q_auto,f_auto/v1779820564/gahoibandhu/uq45cvvo3jj6ad8ufnmk.jpg","","01:01 AM","","","Manushya (मनुष्य)","","","","","","","","","","","","","Platinum","[""https://res.cloudinary.com/dtcrife6i/image/upload/w_600,h_600,c_fill,g_face,q_auto,f_auto/v1779820564/gahoibandhu/uq45cvvo3jj6ad8ufnmk.jpg"",""https://res.cloudinary.com/dtcrife6i/image/upload/w_600,h_600,c_fill,g_face,q_auto,f_auto/v1779880741/gahoibandhu/dir37bwbxuuxrg8qdfjf.jpg"",""https://res.cloudinary.com/dtcrife6i/image/upload/w_600,h_600,c_fill,g_face,q_auto,f_auto/v1779880748/gahoibandhu/zv1hkxw23satiblkocax.jpg"",""https://res.cloudinary.com/dtcrife6i/image/upload/w_600,h_600,c_fill,g_face,q_auto,f_auto/v1779880785/gahoibandhu/ujj3bxyzwnakhrsgnkwk.jpg""]","2026-07-14 00:00:00","all","","2026-06-14 00:00:00","2026-05-27T17:57:26.930Z","HCL","Noida"
"m1779597513038","dineshbarsainya@gmail.com","Approved","2026-05-24T04:38:33.167Z","","Male","Unmarried","Prakhar Gupta","26-07-1999","5'9""","Wheatish (गेहुआ)","Partial","MBA , IIM Ahamdabad","Regional Manager, HRIPL, Noida","25-35 LPA","GREATER NOIDA West","Jhansi","Bachhal","Barsainya","Dinesh Gupta","Engineer,  Northern Railway","Sandhya Gupta","Dr. Subhash Gupta — Shakti Bhairo; Jai Prakash Gupta — Niwari; Arvind Gupta — Jhansi","","Pratyaksha Gupta — Unmarried","9717632850","Self","","","","","","https://res.cloudinary.com/dtcrife6i/image/upload/w_600,h_600,c_fill,g_face,q_auto,f_auto/v1779597507/gahoibandhu/rzmmxwaktzbq3e9yvglk.jpg","Tower 23, Flat no 1801, La Residentia Society,  Greater Noida West","1899-12-30 12:30:00","Jhansi","","Manushya (मनुष्य)","","Pheran Chand Barsainya","","Arvind Barsainya — Bhopal","Ashok Bilaiya — Jhansi; Santosh Naugraiya — Jhansi","","","","Late Ram Kumari","","","","Gold","[""https://res.cloudinary.com/dtcrife6i/image/upload/w_600,h_600,c_fill,g_face,q_auto,f_auto/v1779597507/gahoibandhu/rzmmxwaktzbq3e9yvglk.jpg""]","2027-05-24 00:00:00","all","","","","",""
"m1779605361971","anilneekhara2@gmail.com","Approved","2026-05-24T07:40:12.659Z","","Male","Unmarried","Dev neekhara","21-12-2002","5'8""","Wheatish (गेहुआ)","Partial","MCA Master of computer application)","बिजनेसमैन","25-35 LPA","Jalaun","Kuthond","Kochhil","Neekhara","Anil Prakash Neekhara","प्रॉपर्टी डीलर","Neelam Neekhara","Ashish kankane — Orai — Senior Clerk(BSA office); Abhishek kankane — Scottland — Software engineer","Amit neekhara — Married — Rashmi neekhara; Aarush neekhara — Unmarried","Shivani neekhara — Married — Rajat seth","6393458257","Father","","","","","","https://res.cloudinary.com/dtcrife6i/image/upload/w_600,h_600,c_fill,g_face,q_auto,f_auto/v1779605352/gahoibandhu/crnntxlg1luh3ju2w3mc.jpg","Madhogarh road kuthond","05:10 AM","Kuthond","","Manushya (मनुष्य)","","Late Shri Thakur Prasad Neekhara","Late shree कृष्ण मुरारी","Aditya Prakash Neekhara — Kuthond — Buisness","Naresh Chandra Behre — Jhansi — Retired army; Meera devi — Jhansi — Housewife","","Rajesh Gandhi — Jalaun — Buisness; Seema Gupta — Jalaun — Housewife; Deepak chhabla — Mumbai — Engineer Railway Mumbai; Shilpi Gupta — Mumbai — Housewife","","Somvati neekhara","Pushpa devi","","","Gold","[""https://res.cloudinary.com/dtcrife6i/image/upload/w_600,h_600,c_fill,g_face,q_auto,f_auto/v1779605352/gahoibandhu/crnntxlg1luh3ju2w3mc.jpg""]","2027-05-24 00:00:00","all","","","","",""
"m1779615643969","guptaadarsh313@gmail.com","Approved","2026-05-24T09:40:44.055Z","","Male","Unmarried","Adarsh Gupta","1997-04-10 00:00:00","5'6""","Wheatish (गेहुआ)","Partial","BA, MSW and Steno","District Coordinator at District central cooperative Bank through Atishay Ltd Bhopal (system integrator)","2-5 LPA","Bhind","Bhind","Vashchhil","कनकने","Mr. Pramod Gupta","Business","Mrs. Meera Gupta","","Mr. Nitin Gupta — Married — Mrs. Divya Gupta (Rani)","","7974388289","Brother","","","","","No Smoking No Drinking, Cool nd Calm,","https://res.cloudinary.com/dtcrife6i/image/upload/w_600,h_600,c_fill,g_face,q_auto,f_auto/v1779615502/gahoibandhu/oc5b3lnijiux7n8jkjac.jpg","Vikas Nagar Bhind","1899-12-30 21:45:00","Bhind","","Rakshasa (राक्षस)","","Late Rameshwar Dayal kankane","","","","","","","","","2026-05-24T11:52:09.346Z","Adarsh Gupta <guptaadarsh313@gmail.com>","Gold","[""https://res.cloudinary.com/dtcrife6i/image/upload/w_600,h_600,c_fill,g_face,q_auto,f_auto/v1779615502/gahoibandhu/oc5b3lnijiux7n8jkjac.jpg""]","2027-05-24 00:00:00","all","","","","",""
"m1779617586118","guptaadarsh313@gmail.com","Approved","2026-05-24T10:13:06.195Z","","Male","Unmarried","Adarsh Gupta","1997-04-10 00:00:00","5'6""","Wheatish (गेहुआ)","Partial","BA, MSW and Steno","District Coordinator at District central cooperative Bank through Atishay Ltd Bhopal (system integrator)","2-5 LPA","Bhind","Bhind","Vashchhil","कनकने","Mr. Pramod Gupta (Vice Chairman Gahoi vaishya Sabha Bhind","Business","Mrs. Meera Gupta","Mr. Vijay Reja - Mrs. Krishna — Gohan District Jalaun — Business; Mr. Rajesh Reja - Mrs. Urmila — Gohan District Jalaun — Business; Mr. Sunil Reja - Mrs. Mamta — Bhind — Business; Mr. Narendra Reja - Mrs. Kalpana — Bhind — Business","Mr. Nitin Gupta, (Jhansi) — Married — Mrs. Divya Gupta (Rani)","","7974388289","Brother","","","","","No Smoking No Drinking, Cool nd Calm","https://res.cloudinary.com/dtcrife6i/image/upload/w_600,h_600,c_fill,g_face,q_auto,f_auto/v1779617527/gahoibandhu/mudfafimyrjp7rjj9rzn.jpg","Vikas Nagar Bhind","1899-12-30 21:45:00","Bhind","","Rakshasa (राक्षस)","","Late Rameshwar Dayal kankane","Late Lakhmichandra Reja, Gohan District Jalaun","Late Narayandas - Gayatri — Bhind — Expired","Mr. Ramparkash Rawat - Mrs. Rajani — Delhi — Job; Mr. Brajesh seth - Late Shobha — Delhi — Not working","Mr. Raju kankane - Mrs. Rani — Delhi","Mr. Parakash Chandra Kastwar - Mrs. Mamta — Kailiya, conch — Business; Mr. Mahesh Tapa - Mrs. Usha — Kharkala, Khandwa — Business; Mr. Kamlesh Seth - Mrs. Santoshi — Bhiwadi, Alwar — Business; Mr. Ajay Sipaulya - Mrs. Ruby — Orai — Business","","Late Ramkali","Late Ramshri","","","Gold","[""https://res.cloudinary.com/dtcrife6i/image/upload/w_600,h_600,c_fill,g_face,q_auto,f_auto/v1779617527/gahoibandhu/mudfafimyrjp7rjj9rzn.jpg""]","2027-05-24 00:00:00","all","","","","",""
"m1779617846919","ramkumargupta1115@gmail.com","Approved","2026-05-24T10:17:27.041Z","","Male","Unmarried","Harshit Gupta","17-01-1991","5'6""","Wheatish (गेहुआ)","No","B.Com","Financial Advisor & Accountant","5-10 LPA","Prayagraj","Prayagraj","Bhal","सोहाने","Ram Kumar Gupta","Ex-servicemen","Anita Gupta","","","Shweta Gupta — Married — Sanjay Kumar Gupta; Priyanka Gupta — Married — Atul Kumar Gupta","9936664424","Father 7355238801 , Brother 9140524677","","","","","","https://res.cloudinary.com/dtcrife6i/image/upload/w_600,h_600,c_fill,g_face,q_auto,f_auto/v1779617747/gahoibandhu/noofg9uh3gkrjluld6fq.jpg","4/3 LIG Preetam Nagar Dhoomanganj Prayagraj","1899-12-30 06:09:00","Prayagraj","","","","Ram Shankar Gupta","Radhe Lal Gupta","","","","","","Sumitra Devi Gupta","Sita Devi Gupta","","","Gold","[""https://res.cloudinary.com/dtcrife6i/image/upload/w_600,h_600,c_fill,g_face,q_auto,f_auto/v1779617747/gahoibandhu/noofg9uh3gkrjluld6fq.jpg""]","2027-05-24 00:00:00","all","","","","",""
"m1779618934060","hkgupta74d@gmail.com","Approved","2026-05-24T10:35:34.109Z","","Male","Unmarried","Mayank Gupta","1999-02-11 00:00:00","5'5""","Fair (गोरा)","Partial","BCA","Software profession","25-35 LPA","Datia","Datia","Kackchhal","नीखरा","Hemant gupta","Busines","Madhvi Gupta","","Mudit gupta — Unmarried","","9425120458","Hemant gupta","","","","","Simple housewife","","Bihari ji road datia mp","1899-12-30 05:10:00","Datia","","Rakshasa (राक्षस)","","","","","","","","","","","2026-05-24T11:41:27.458Z","MAYANK GUPTA <hkgupta74d@gmail.com>","Gold","[""""]","2027-05-24 00:00:00","all","","","","",""
"m1779620525477","hkgupta74d@gmail.com","Approved","2026-05-30T15:29:14.309Z","","Male","Unmarried","Mayank Gupta","02-11-1999","5'5""","Fair (गोरा)","Partial","BCA","Software profession","35-50 LPA","Datia mp","Datia mp","Kouchall","नीखरा","Hemant Gupta","Business","Madhvi Gupta","Dr nitin — Alampur bhind — Govt health Dept; Anjaninandan Kuchiya — Alampur — Education department","Mudit Gupta — Unmarried","","9425120458","Hemant gupta","","","","","","https://res.cloudinary.com/dtcrife6i/image/upload/w_600,h_600,c_fill,g_face,q_auto,f_auto/v1779620508/gahoibandhu/orbpqvwbczbvx0xzjk4h.jpg","Bihari ji road datia mp","05:10 AM","Datia MP","","Rakshasa (राक्षस)","","Govind prasad","Late bhaiyalal kuchiya","","Smt Geeta Shri Sanat Gupta — Jhansi — Chresher Plant; Smt Vandana Shri Bharat Gupta — Indore — Cloth Shop; Smt radha Shri Prahalad Bilaiya — Dabra — Electronic Shop; Smt Nidhi Shri Manish Soni — Datia — Property","","","","Shashi prabha","","","","Gold","[""https://res.cloudinary.com/dtcrife6i/image/upload/w_600,h_600,c_fill,g_face,q_auto,f_auto/v1779620508/gahoibandhu/orbpqvwbczbvx0xzjk4h.jpg""]","2027-08-24 00:00:00","all","","2026-08-23 00:00:00","2026-05-30T15:29:14.314Z","",""
"m1779714208755","jyotimukesh013@gmail.com","Approved","2026-05-25T13:03:28.857Z","","Female","Unmarried","Garima Gupta","1998-03-10 00:00:00","5'1""","Wheatish (गेहुआ)","No","BCA","Software engineer","5-10 LPA","Bangluru","Gwalior","Badal","चऊदा","Mukesh Gupta","Service","Jyoti Gupta","","Yash Gupta — Unmarried","","9413860778","Mukesh Gupta","","","","","","https://res.cloudinary.com/dtcrife6i/image/upload/w_600,h_600,c_fill,g_face,q_auto,f_auto/v1779714187/gahoibandhu/bmxie3uupzb8k4oloq2e.jpg","Rasula bad hazira","1899-12-30 13:30:00","Gwalior","","Rakshasa (राक्षस)","","Late Shri Ramswaroop Gupta","Late Shri jawahar lal kantharia","Rakesh Gupta/Dipika Gupta — Gwalio; Nandkishor/Rajni Gupta — Gwalior — Business; Shyam Kishor/Kiran Gupta / — Gwalior — Business","Surendra suhane/Meena shuhanee — Orai — Business; Rajendra pahariya /Late suman paharia — Lahar — Business","","","","Smt santi devi","Smt sheela devi kantharia","","","Gold","[""https://res.cloudinary.com/dtcrife6i/image/upload/w_600,h_600,c_fill,g_face,q_auto,f_auto/v1779714187/gahoibandhu/bmxie3uupzb8k4oloq2e.jpg""]","2027-05-25 00:00:00","all","","","","",""
"m1780149015749","mohanrusia63yu@gmail.com","Approved","2026-05-30T13:50:15.800Z","","Male","Unmarried","Safal Rusia","1996-06-04 00:00:00","5'11""","Fair (गोरा)","No","B tech","Architect","5-10 LPA","Mahoba","Mahoba","Basal","Rusia","Mohan Rusia","Architect","Nilma Rusia","Titu; Dr dhiru","","Saumya tiwari","9450269211","Mohan Rusia","","","","","Na","","Viyogi market","1899-12-30 06:27:00","Chhatarpur","","Manushya (मनुष्य)","","Hira lal Rusia","Dr. Jaideo gupta","Shankar Rusia — Banda — Acount","","Manoj Rusia and vipin Rusia","Dilip gura bamday; Rajesh denge puna","","Shanti devi","Suman","","","Gold","[""""]","2027-05-30 00:00:00","all","","2026-05-30 00:00:00","2026-05-30T13:50:15.836Z","Self employed","Mahoba"
"m1780201970003","ashutoshgupta9813@gmail.com","Approved","2026-05-31T04:46:23.702Z","","Male","Unmarried","Rishabh Gupta","12-12-1999","5'8""","Wheatish (गेहुआ)","No","BA","Business","10-15 LPA","Virindavan UP","Delhi","Bashchel","रेजा","Sanjay Kumar Gupta","Business","Sandhya Gupta","Ramakant Gupta — Orai — Business","Rohit Gupta — Married — Priyanka","Rohini — Married — Mehul Agarwal","9311478912","Sanjay Gupta","","","","","","https://res.cloudinary.com/dtcrife6i/image/upload/w_600,h_600,c_fill,g_face,q_auto,f_auto/v1780202413/gahoibandhu/hdubzriytishqhk8rdel.png","D-14/58-59 2nd floor Rohini Delhi-110085","09:25 PM","Lahar","","Manushya (मनुष्य)","","Late shri Munni Lal Gupta","","Santosh Kumar Gupta - Mamta Gupta — Gwalior — Business","Rajkumar Mor — Konch — Business; Ghanshyam Viswari — Jhansi — Business","Rajeev Gupta - Anju Gupta — Gwalior — Business; Ashutosh Gupta - Mini Gupta — Delhi — Business","Rajeev kurele — Orai — Business","","Smt. Sombati devi Gupta","","","","Gold","[""https://res.cloudinary.com/dtcrife6i/image/upload/w_600,h_600,c_fill,g_face,q_auto,f_auto/v1780202413/gahoibandhu/hdubzriytishqhk8rdel.png""]","2027-05-31 00:00:00","all","","2026-05-31 00:00:00","2026-05-31T04:46:23.706Z","Shri Shyam enterprises Virindavan UP","Virindavan UP"
"m1780912500794","mgca27@gmail.com","Approved","2026-06-08T09:55:00.883Z","","Male","Unmarried","SAURABH KUMAR SARAWAGI","1991-10-06 00:00:00","5'6""","Fair (गोरा)","No","BA AND ITI","MANAGER","2-5 LPA","BHOPAL","BHOPAL","GOL","सरावगी","MAHESH CHANDRA SARAWAGI","","ANEETA SARAWAGI","","MANISH SARAWAGI — Married — RINKI SARAWAGI","NEELAM REJA — Married — DEEPAK REJA","9235277916","MANISH- BROTHER","","","","","OWN FLAT AT BHOPAL, NO SMOKING","https://res.cloudinary.com/dtcrife6i/image/upload/w_600,h_600,c_fill,g_face,q_auto,f_auto/v1780912280/gahoibandhu/qxhhovuqpao7qbsqsvap.jpg","NARAYAN NAGAR BHOPAL","","SAMTHAR","","Manushya (मनुष्य)","","","BADRI PRASAD REJA","","","","","","","JAY DEVI REJA","","","Gold","[""https://res.cloudinary.com/dtcrife6i/image/upload/w_600,h_600,c_fill,g_face,q_auto,f_auto/v1780912280/gahoibandhu/qxhhovuqpao7qbsqsvap.jpg""]","2027-06-08 00:00:00","all","","2026-06-08 00:00:00","2026-06-08T09:55:00.935Z","DEEPSHIKHA HOSPITAL","BHOPAL (M.P.)"
"m1781087001726","mg.manoj009@gmail.com","Approved","2026-06-10T10:23:21.796Z","","Male","Unmarried","Chetan Gupta","1998-10-09 00:00:00","5'11""","Fair (गोरा)","Partial","B.Tech.","Software Engineer (SDE-2)","75 LPA - 1 Cr","Bangalore","Jhansi","Jaital","बड़ेरिया","Shri Manoj Baderiya,Ex. President Jhansi Thok Vastra Vyapar Mandal","M/S Ram Raja Textile Jhansi, wholesale textile business","Smt Archana Baderiya","","Shri Rohan Gupta (MSc IIT KGP) Sr.Product Manager Turtilmint Pune — Married — Smt Payal Gupta , Director Payal Edge Investment Co in Pune","","9454986864","Manoj Baderiya","","","","","Software Engineer","https://res.cloudinary.com/dtcrife6i/image/upload/w_600,h_600,c_fill,g_face,q_auto,f_auto/v1781086966/gahoibandhu/s7tumrarhbnisowgxs00.jpg","1342, Vivekanand Colony civil lines 3 Jhansi","1899-12-30 00:35:00","Jhansi","","","","Late Shri Brij Mohan Gupta,Rtrd Sr.D.M.LIC","Late Shri Rameshwar Prasad Nougaraiya","Shri Sanjay Gupta, Rtd G.M. I.T.I Ltd,Smt Seema Gupta — Lucknow — RTD G.M. ITI Ltd","Dr.Neelum Gupta & Shri Alok Gupta — Kanpur — Alok Industries Fazalganj Kanpur","Shri Neeraj Gupta,Smt Ruchi Gupta — Jhansi — Architect & Professor Bundelkhandi University Jhansi","Smt Neetu Seth & Shri Ashutosh Seth — Gwalior — Jan Awsadhi Kendra; Smt Ruchi Ghura &  Shri Shashikant Ghura — Gwalior — Jwellers; Smt Anu Gupta & Shri Ankit Gupta — Gwalior — Jan Awsadhi Kendra","","Late Smt Vimla Baderiya","Smt Gaytri Nougaraiya","","","Gold","[""https://res.cloudinary.com/dtcrife6i/image/upload/w_600,h_600,c_fill,g_face,q_auto,f_auto/v1781086966/gahoibandhu/s7tumrarhbnisowgxs00.jpg""]","2027-06-10 00:00:00","all","","2026-06-10 00:00:00","2026-06-10T10:23:21.828Z","Uber Technologies Inc","Bangalore"
"m1781635886916","amitbichpuria@gmail.com","Approved","2026-06-16T18:51:27.033Z","","Male","Unmarried","Amit bichpuria","1998-01-06 00:00:00","5'8""","Wheatish (गेहुआ)","No","B tech","Medical business","","Katni","Katni","Gol","ब्रिजपुरिया","Late vaidh vinod Kumar Bichpuria","Medical business","Archana bichpuria","","","","8871301961","Mother","","","","","","https://res.cloudinary.com/dtcrife6i/image/upload/c_fill,g_face,w_600,h_600/f_auto,q_auto/v1781635876/gahoibandhu/fvaefaxkn2vw2arcg3dg.png","In front of narvdeshwar shiv sai mandir gate, adarsh colony, gali no.2, Katni.","1899-12-30 11:35:00","Katni","","Rakshasa (राक्षस)","","Late vaidh bholanath bichpuria","Late bhuralal baderia","","","","","","Late Shyama devi bichpuria","Late bitting bai baderia","","","Gold","[""https://res.cloudinary.com/dtcrife6i/image/upload/c_fill,g_face,w_600,h_600/f_auto,q_auto/v1781635876/gahoibandhu/fvaefaxkn2vw2arcg3dg.png""]","2027-06-16 00:00:00","all","","2026-06-16 00:00:00","2026-06-16T18:51:27.059Z","","Katni"
"m1781792046441","rishavnigoti@gmail.com","Approved","2026-10-04T06:07:22.981Z","","Male","Unmarried","Tanish Gupta","28-07-1998","5'7""","Fair (गोरा)","No","MCA","Senior Software Engineer","","Indore","Karera, Shivpuri MP","Kochal","निगोती","Rakesh Kumar Gupta","Business","Manju Gupta","Mukesh Choudhary — Pichhore — Business; Vijay Chaudhary — Pichore — Business","Rishav Gupta — Unmarried","","8269497116","Rishav Gupta","","","","","","https://res.cloudinary.com/dtcrife6i/image/upload/c_fill,g_face,w_600,h_600/f_auto,q_auto/v1781792040/gahoibandhu/vm4vtaretu13r4rwsy6w.jpg","Gahoi Niwas Near Bedar Bhawan, Ganesh chowk Kacchi Gali Karera MP","08:15 PM","Jhansi U.P.","","Manushya (मनुष्य)","","Ramesh Chandra Nigoti","Ramkishore Chaudhary","","Mukesh Barsaiya — Bamore Kalan — Business","Arvind Nigoti — Karera — Business","Rambabu Chaudhary — Shivpuri — Govt Teacher; Vineet Biliya — Gwalior — Business","","Ramdevi Gupta","Shukhbati Chaudhary","","","Gold","[""https://res.cloudinary.com/dtcrife6i/image/upload/c_fill,g_face,w_600,h_600/f_auto,q_auto/v1781792040/gahoibandhu/vm4vtaretu13r4rwsy6w.jpg""]","2027-06-18 00:00:00","all","","2026-06-18 00:00:00","2026-10-04T06:07:22.983Z","EPAM System","Gurugram"
"m1781817792627","sparsh.755@gmail.com","Approved","2026-06-18T21:23:12.695Z","","Male","Unmarried","Sparsh Gupta","25-10-1994","5'7""","Wheatish (गेहुआ)","No","B.Tech (IT), M.Sc (AI)","AI Software Engineer","25-35 LPA","Noida","Orai","Kocchhal","कस्तवार","Alok Gupta","Business","Reena Gupta","Amit Gupta/Nidhi Gupta — Jhansi — Business; Anuj Gupta/Preeti Gupta — Jhansi — Service","Shubh Gupta — Unmarried","Surbhi Gupta — Married — Vaibhav; Shrishti Gupta — Unmarried","9450594477","Alok Gupta (Father)","","","","","","https://res.cloudinary.com/dtcrife6i/image/upload/c_fill,g_face,w_600,h_600/f_auto,q_auto/v1781817408/gahoibandhu/aenjivej9lj6hlnajgfq.jpg","Galaxy North Avenue 2, Gaur City 2, Sector 16-C, Greater Noida West","1899-12-30 15:47:00","Orai","","Manushya (मनुष्य)","","Late Shri Siya Ram Gupta","Late Shri Umesh Gupta (Jhansi)","Suresh Gupta/Shobha Gupta — Orai — Business; Dinesh Gupta/Geeta Gupta — Kanpur — Business; Mahesh Gupta/Late Meena Gupta — Orai","","Pawan Gupta/Namrita Gupta — Kanpur — Business; Vivek Gupta/Sangeeta Gupta — Kanpur — Business","","","Smt. Shanti Devi Gupta","Ram Kumari Gupta","","","Gold","[""https://res.cloudinary.com/dtcrife6i/image/upload/c_fill,g_face,w_600,h_600/f_auto,q_auto/v1781817408/gahoibandhu/aenjivej9lj6hlnajgfq.jpg""]","2027-06-18 00:00:00","all","","2026-06-18 00:00:00","2026-06-18T21:23:12.730Z","L&T Infotech","Noida"
"m1782097270897","mayankgupta101093@gmail.com","Approved","2026-06-22T03:01:11.263Z","","Male","Unmarried","Mayank gupta","1994-10-10 00:00:00","5'7""","Fair (गोरा)","","B. Sc agriculture , PGDCA","Farming","10-15 LPA","Mahoba","Mahoba","Jaital","नगरिया","Mr. Purushottam das gupta","Farming","Mrs. Ram kumari gupta","","Om prakash gupta — Unmarried; Swyam Prakash gupta — Unmarried","","7897596065","Mayank gupta","","","","","घर परिवार ओर सामाजिक व्यक्ति की तलाश है ।
जॉब करने के बाद फार्मिंग सेक्टर को चुना है ।","https://res.cloudinary.com/dtcrife6i/image/upload/c_fill,g_face,w_600,h_600/f_auto,q_auto/v1782097203/gahoibandhu/mcx8p4eg4dwqfspujeex.jpg","New mahoba city mahoba","1899-12-30 05:50:00","Belatal","","Manushya (मनुष्य)","","Let. Mr. Thakur das","","","","","","","","","","","Gold","[""https://res.cloudinary.com/dtcrife6i/image/upload/c_fill,g_face,w_600,h_600/f_auto,q_auto/v1782097203/gahoibandhu/mcx8p4eg4dwqfspujeex.jpg""]","2027-06-22 00:00:00","all","","2026-06-22 00:00:00","2026-06-22T03:01:11.289Z","UPL",""
"m1783407188365","gauravrawat987@gmail.com","Approved","2026-07-07T07:04:44.378Z","","Male","Unmarried","Prakhar Rusia","22-04-1995","5'10""","Fair (गोरा)","No","B.Tech, MBA","Product manager","25-35 LPA","Kanpur","Orai","Vasil","रूसिया","Sh. Kuldeep Gupta","Service - Retired in Railway","Smt. Rekha Gupta","","","","9451426400","Kuldeep Gupta","","","","","Prakhar Rusia (31), 5'10"", is a Product Manager at IBM, Bengaluru, with an MBA from SPJIMR Mumbai and a B.Tech from UPES Dehradun. He is a non-Manglik, Makara (Capricorn) by Rashi, and belongs to the Vasil Gotra. He comes from a well-respected family based in Kanpur, where his father is a retired from Indian Railways  and his mother is a homemaker. A balanced and grounded individual, he enjoys cinema, snooker, and occasional trekking. The family is seeking a suitable, well-educated match with shared values.","https://res.cloudinary.com/dtcrife6i/image/upload/c_fill,g_face,w_600,h_600/f_auto,q_auto/v1783407157/gahoibandhu/zaxa5wkavkmiu5a4hwpx.jpg","128/19 A1, Block H1, kidwai nagar kanpur","10:00 PM","Kanpur","","Deva (देव)","","Late Sh. Sitaram Rusia","Late Smt Dropadi devi","Late Shri Hari Shankar Gupta","","","","","Late Smt Brij kishori","late Sh. Ganesh prasad Tarsoliya","","","Gold","[""https://res.cloudinary.com/dtcrife6i/image/upload/c_fill,g_face,w_600,h_600/f_auto,q_auto/v1783407157/gahoibandhu/zaxa5wkavkmiu5a4hwpx.jpg""]","2027-07-07 00:00:00","all","","2026-07-07 00:00:00","2026-07-07T07:04:44.382Z","IBM Bengaluru","Bangalore"
"m1783602595132","roshnichhirolya123@gmail.com","Approved","2026-07-09T13:09:55.212Z","","Female","Unmarried","Roshni chhiroliya","1998-02-23 00:00:00","4'10""","Wheatish (गेहुआ)","Yes","M.com & PGDCA","Nill","","Raigarh Chhattisgarh","Raigarh Chhattisgarh","Gol","छिरोल्या","Mr.sunil chhirolya","Owner  of retailer clothing business","Mrs . Jyoti chhirolya","","Chirag chhirolya — Unmarried; Anuj chhirolya — Unmarried","0","9179050318","","","","","","","https://res.cloudinary.com/dtcrife6i/image/upload/c_fill,g_face,w_600,h_600/f_auto,q_auto/v1783602582/gahoibandhu/f5olasdibhyxku2hl2uc.jpg","Dhimrapur","1899-12-30 07:35:00","Raigarh Chhattisgarh","","Manushya (मनुष्य)","","","","","","","","","","","","","Gold","[""https://res.cloudinary.com/dtcrife6i/image/upload/c_fill,g_face,w_600,h_600/f_auto,q_auto/v1783602582/gahoibandhu/f5olasdibhyxku2hl2uc.jpg""]","2027-07-09 00:00:00","all","","2026-07-09 00:00:00","2026-07-09T13:09:55.249Z","Nill","Nill"
"m1784742815046","amitoppo78n@gmail.com","Approved","2026-07-22T17:53:35.183Z","","Male","Divorcee","Amit gupta","1992-10-02 00:00:00","5'8""","Wheatish (गेहुआ)","","MCA","Assistant programmer","10","Gwalior","Datia","Gol","बिलैया","Shri Ram kumar gupta","Retired from own works and contract","Smt Mamta Gupta","","Shri Ajay Gupta — Married — Smt jaya gupta","Smt rupali gupta — Married — Shri ankur gupta","9479817763","Father","","","","","","https://res.cloudinary.com/dtcrife6i/image/upload/c_fill,g_face,w_600,h_600/f_auto,q_auto/v1784742805/gahoibandhu/m80onb19nzy0zcpvu9ji.jpg","Morar","1899-12-30 13:06:00","Datia","","Rakshasa (राक्षस)","","Lat Shri mohan lal vaishy","Lat Shri devi lal seth","","","","","","Lat smt makhan devi","Lat smt pista devi seth","","","Gold","[""https://res.cloudinary.com/dtcrife6i/image/upload/c_fill,g_face,w_600,h_600/f_auto,q_auto/v1784742805/gahoibandhu/m80onb19nzy0zcpvu9ji.jpg""]","2027-07-22 00:00:00","all","","2026-07-22 00:00:00","2026-07-22T17:53:35.263Z","Govt","Gwalior"
"m1785178744030","shekhargupta0987@gmail.com","Approved","2026-07-27T19:09:35.086Z","","Male","Unmarried","शेखर गुप्ता","17-08-1996","5'6""","Wheatish (गेहुआ)","No","DIPLOMA, B.TECH, M.TECH","सिविल इंजीनियर","","पुणे","Uboura","गोल","रावत","श्री सुंदर लाल गुप्ता","Business","श्रीमती प्रभा","श्रीमती सियाप्यारी /स्व. गंगाप्रसाद वृजपुरिया — नौगांव; श्रीमती कौशल्या देवी /श्री अशोक कुमार वृजपुरिया — नौगांव — गहोई अध्यक्ष; श्रीमती ऊषा /श्री संतोष कुमार वृजपुरिया — भोपाल — मुख्य अभियंता नगर निगम भोपाल","हर्ष गुप्ता — Unmarried","श्रीमती शिखा — Married — श्री विष्णुकांत सेठ; शिवांगी गुप्ता — Unmarried","9755326350","Father","","","","","","https://res.cloudinary.com/dtcrife6i/image/upload/c_fill,g_face,w_600,h_600/f_auto,q_auto/v1785178444/gahoibandhu/joksb9zfrhiazec4rmyk.png","Gram/Post Uboura","12:20 AM","नौगांव","","Manushya (मनुष्य)","","स्व. बुद्धिप्रकाश रावत","स्व.  चिरंजी लाल वृजपुरिया","स्व. सुमनलता गुप्ता /श्री कैलाश नारायण गुप्ता — Uboura — Business; श्रीमती रामकुमारी गुप्ता /श्री यशोदानंदन गुप्ता — Uboura — Business","श्रीमती विद्या /श्री सुरेशचन्द मोर — नौगांव — Business","श्रीमती छाया गुप्ता /श्री प्रमोद  कुमार गुप्ता — Uboura — Govt. Teacher","","","श्रीमती लली देवी","स्व. बेटी बाई","","","Gold","[""https://res.cloudinary.com/dtcrife6i/image/upload/c_fill,g_face,w_600,h_600/f_auto,q_auto/v1785178444/gahoibandhu/joksb9zfrhiazec4rmyk.png""]","2027-07-27 00:00:00","all","","2026-07-27 00:00:00","2026-07-27T19:09:35.090Z","Bloom Companies LLC USA","पुणे"
"m1785307507902","arpitgupta02200@gmail.com","Approved","2026-07-30T06:35:04.272Z","","Male","Unmarried","Arpit Chhiroliya","10-02-2000","5'4""","Fair (गोरा)","No","B.Tech (Information Technology)","BUSINESS IN ELECTRICALS","","Dabra","Dabra","GOL","Chhiroliya","VIVEK CHHIROLIYA","BUSINESS IN HARDWARE","ANITA CHHIROLIYA","","Anukalp Chhiroliya — Unmarried","","9826263203","Father","","","","","","https://res.cloudinary.com/dtcrife6i/image/upload/c_fill,g_face,w_600,h_600/f_auto,q_auto/v1785307466/gahoibandhu/b3m6tsfevualxa3lcppd.jpg","IN FRONT OF SITARA LAUDGE, Dabra","07:05 AM","Gwalior","","Deva (देव)","","LATE. RAMSWAROOP CHHIROLIYA","","","","","","","LATE. SARLA DEVI CHHIROLIYA","","","","Gold","[""https://res.cloudinary.com/dtcrife6i/image/upload/c_fill,g_face,w_600,h_600/f_auto,q_auto/v1785307466/gahoibandhu/b3m6tsfevualxa3lcppd.jpg""]","2027-07-29 00:00:00","all","","2026-07-29 00:00:00","2026-07-30T06:35:04.276Z","TIRUPATI ELECTRIC DABRA","Dabra"
"m1785312642986","arpitgupta02200@gmail.com","Approved","2026-07-29T08:10:43.073Z","","Male","Unmarried","Goldy Gupta","1990-05-04 00:00:00","5'4""","Fair (गोरा)","","BCA","Service","1500000","Banglore","Gwalior","Vaachal","विसवारी","Rakesh Gupta","","Rama Gupta","","","","7987311169","Mother","","","","","","","Lohiya bazar, Gwalior","1899-12-30 02:10:00","Gwalior","","","","","","","","","","","","","","","Gold","[""""]","2027-07-29 00:00:00","all","","2026-07-29 00:00:00","2026-07-29T08:10:43.112Z","Job in Textile Industries in Bewakoof.com","Banglore"
"m1785682862705","avinash.jhs.up@gmail.com","Approved","2026-08-02T15:01:02.779Z","","Male","Unmarried","Romil Gupta","1990-04-12 00:00:00","5'7""","Wheatish (गेहुआ)","No","High School","Grain Business","300000","Dabra","","Kochal","सावला","Suresh Chandra Sawla","Business","Pushpa Gupta","","Rishabh Gupta — Unmarried","Rubi Gupta — Married — Rajeev Lahariya; Rachna Gupta — Married — Avinash Gupta; Neha Gupta — Married — Monu Gupta","8004818675","Jijaji","","","","","","https://res.cloudinary.com/dtcrife6i/image/upload/c_fill,g_face,w_600,h_600/f_auto,q_auto/v1785682855/gahoibandhu/m0xn3pq5qmt4connqwgm.jpg","","1899-12-30 03:30:00","Dabra","","Manushya (मनुष्य)","","","","","","","","","","","","","Gold","[""https://res.cloudinary.com/dtcrife6i/image/upload/c_fill,g_face,w_600,h_600/f_auto,q_auto/v1785682855/gahoibandhu/m0xn3pq5qmt4connqwgm.jpg""]","2027-08-02 00:00:00","all","","2026-08-02 00:00:00","2026-08-02T15:01:02.819Z","",""
"migr_17790918121","vai11gup112@gmail.com","Approved","2026-08-02T15:01:02.779Z","","Female","Unmarried","Deeksha Gupta","1998-11-01 00:00:00","5'3""","","No","B.Sc , I.T.I","","","Orai","","","सेठ","Late Mr Devendra Kumar Gupta","","Suneeta Gupta","Smt Radha - Sanjeev Seth; Smt Manorma -Ramkrishna seth","","","9170084381","","","","","No","","","3115 Indra nagar Orai","1899-12-30 03:18:00","Orai","","","","Late shiv Ram Gupta","","","Smt verrotam gupta","","","","Smt Ramdhakeli","","","","Gold","","2027-08-02 00:00:00","all","","2026-08-02 00:00:00","2026-08-02T15:01:02.819Z","","Orai"
"migr_17790918122","rajeevgupta221196@gmail.com","Approved","2026-08-02T15:01:02.779Z","","Male","Unmarried","Rajeev Gupta","1995-11-21 00:00:00","5'8""","","No","B.Tech. IIT BHU","Service","4000000","Jhansi","","","सिजरिया","Rajendra Prasad Gupta","Retired from PWD","Neelam Gupta","Rajendra Kumar Sijariya-Saroj Sijariya","","","9453166850","","","","","Working professional, emotionally mature, growth-oriented, and values compatibility.","","","134 Najhai Bazar Jhansi","1899-12-30 04:00:00","Jhansi","","","","Lt. NathuRam Barsaiyan","","","Harishchandra Bichpuriya - Sudha Bichpuriya","","","","Lt. RamPyari Gupta","","","","Gold","","2027-08-02 00:00:00","all","","2026-08-02 00:00:00","2026-08-02T15:01:02.819Z","","Bangalore"
"migr_17790918123","kanil531900@gmail.com","Approved","2026-08-02T15:01:02.779Z","","Male","Unmarried","Shivanshu Pahariya","1997-07-30 00:00:00","5'11""","","No","M.com","Business","","Banda","","","इटोरिया","Anil Kumar Pahariya","Readymade garments shop","Vandana","Shree Vivek Kumar itoriya-Smt Sarita itoriya; Shree Abhishek kumar itoriya-smt sapna itoriya","","","8318742995","","","","","Simple,educated and hight","","","Aliganj atarra chungi chauki banda","1899-12-30 05:35:00","Banda","","","","Late shree Bhagwati Prasad Gupta retired principal","","","Shree Jagdish Prasad damele - Late smt Pushplata damele; Late shree laxmi Prasad saraogi - Smt hemlata saraogi","","","","Shree Kamla Gupta","","","","Gold","","2027-08-02 00:00:00","all","","2026-08-02 00:00:00","2026-08-02T15:01:02.819Z","","Banda"
"migr_17790918124","scguptaps@gmail.com","Approved","2026-08-02T15:01:02.779Z","","Male","Unmarried","Aayush Gupta","1998-09-24 00:00:00","5'10""","","No","BTech in CS","Service","5200000","Bhopal","","","नीखरा","Dr. Subhash Chandra Gupta","Principal Scientist/Professor and Head -Department of Soil Science and Agri. Chemistry RVS Krishi Vishwa Vidyalaya, R.A.K. College of Agriculture, Sehore, M.P.","Smt. Sangeeta Gupta","Krishna-Sanjay Neekhra; Dr Richa Neekhra Lecturer-Ajay Neekhra Marketing Executive Bharat Foods Gwalior","","","9926823612","","","","","Educated, kind-hearted, and working professional.","","","A-5 Exotica Vilas , Airport Road Bhopal M.P.","1899-12-30 07:45:00","Sehore M.P.","","","","Late Shri P.M. Gupta (Retired as Farm Manager-BSI)","","","Smt Indira Seth -J.B. Seth Sagar; Smt Asha Suhane - N.K. Suhane, Vidisha","","","","Late Smt. Kamla Gupta","","","","Gold","","2027-08-02 00:00:00","all","","2026-08-02 00:00:00","2026-08-02T15:01:02.819Z","Software Engineer at Microsoft Hyderabad","Hyderabad"
"migr_17790918125","kratagyagupta2006@gmail.com","Approved","2026-08-02T15:01:02.779Z","","Male","Unmarried","Vatsal gupta","2000-02-14 00:00:00","5'6""","","Partial","B tech","Service","3500000","Ahemdabad","","","बहरे","Rajkumar gupta","Service","Sushma gupta","Subhash Gupta","","","9827757318","","","","","Working in IT sector","","","Orchid Heaven shela ahamdabad 0","1899-12-30 11:16:00","Gwalior","","","","Late sri satish kuchiya","","","","","","","Smt asha devi","","","","Gold","","2027-08-02 00:00:00","all","","2026-08-02 00:00:00","2026-08-02T15:01:02.819Z","","Bangalore"
"migr_17790918126","akash25012000@gmail.com","Approved","2026-08-02T15:01:02.779Z","","Male","Unmarried","AKASH GUPTA","2000-01-25 00:00:00","5'6""","","Partial","Diploma in Civil Eng","Service","700000","Jhansi","","","चउदा","Pankaj Gupta","Private Job","Usha Gupta","Nandini-Ajay Chauda; Anjna-Vijay Chauda","","","9616428739","","","","","I would like my partner to be understanding caring and respectful My life partner should most importantly be my best friend who I feel comfortable with The girl should have good communication to maintain relations with all my family members and friends","","","Annapurna Colony Jhansi","1899-12-30 17:30:00","झाँसी","","","","Lt. Ramswaroop Gupta","","","Rani-Shrikant Reja (Chirgaon); Geeta-Sheelnidhi Chauda (Kanpur) ; Rajini-Rajesh Seth (Jhansi)","","","","Lt. Gayatri Gupta","","","","Gold","","2027-08-02 00:00:00","all","","2026-08-02 00:00:00","2026-08-02T15:01:02.819Z","","Udhampur, Jammu and Kashmir"
"migr_17790918127","sapna.gahoi@gmail.com","Approved","2026-08-02T15:01:02.779Z","","Male","Unmarried","Piyush Gahoi","1999-06-01 00:00:00","5'11""","","Yes","B.Tech","Service","3600000","Bangalore","","","सोनी","Sri Sanjay Kumar Billaiya","Business","Smt. Sapna Gahoi","Sri Sanjay Gupta-Smt. Sadhana Gupta","","","9451360323","","","","","Job","","","Bangalore","1899-12-30 10:10:00","Mirzapur","","","","Late Prakash chand Billaiya","","","","","","","Late Kusum Devi","","","","Gold","","2027-08-02 00:00:00","all","","2026-08-02 00:00:00","2026-08-02T15:01:02.819Z","","Bangalore"
"migr_17790918128","ramji20370@gmail.com","Approved","2026-08-02T15:01:02.779Z","","Female","Unmarried","Aakanksha Gupta","1998-02-02 00:00:00","5'1""","","No","B.Tech","Service","800000","Ghaziabad","","","गंधी","Rakesh Kumar Gupta","Deputy Secretary, Ministry of Home Affairs","Ramji Gupta","Dr. G.D Gandhi (Moth, Jhansi); Anil Gandhi (Gwalior)","","","9891848478","","","","","Govt. Job or pvt. Job","","","Indirapuram, Ghaziabad","1899-12-30 04:15:00","Ghaziabad","","","","","","","","","","","","","","","Gold","","2027-08-02 00:00:00","all","","2026-08-02 00:00:00","2026-08-02T15:01:02.819Z","","Noida"
"migr_17790918129","nishagupta301098@gmail.com","Approved","2026-08-02T15:01:02.779Z","","Female","Unmarried","Nisha Gupta","1998-10-30 00:00:00","5'","","No","Bsc., MSc., MBA","Service","200000","Gwalior","","","पहारिया","Late mr. Pramod Gupta","","Mrs. Poonam Gupta","Late Mr. K.R. Gupta-Mrs. Padma Gupta; Mr. Sangam Lal Gupta- Mrs. Amrita Gupta","","","9425755440","","","","","Business, job","","","Mama ka bazar, jamboor khana, lashkar, Gwalior","1899-12-30 06:45:00","Gwalior","","","","Late mr. Kishori Lal Seth","","","Mrs. Jayanti Rajendra Prasad Nahar","","","","Late mrs. Shanti Devi seth","","","","Gold","","2027-08-02 00:00:00","all","","2026-08-02 00:00:00","2026-08-02T15:01:02.819Z","Private school teacher",""
"migr_17790918130","dhirendrakumargupta9@gmail.com","Approved","2026-08-02T15:01:02.779Z","","Female","Unmarried","Ashtha Gupta","2000-08-02 00:00:00","5'","","No","B.tech","Service","450000","Auraiya","","","बरसैंया","Dhirendra Kumar gupta","","Rachana gupta","Vipin Barsaiyan","","","7906959796","","","","","He should be well educated and supportive in nature towards his family","","","AUraiya","1899-12-30 20:08:00","Auraiya","","","","Late.Dr.Ambrish.ch. Gupta","","","","","","","late smt Mithla gupta ( Retd.Teacher )","","","","Gold","","2027-08-02 00:00:00","all","","2026-08-02 00:00:00","2026-08-02T15:01:02.819Z","","Noida"
"migr_17790918131","harsha261998@gmail.com","Approved","2026-08-02T15:01:02.779Z","","Male","Unmarried","Anand gupta","1994-11-22 00:00:00","5'5""","","No","B.com","Business","600000","Ahemdabad","","","नोगरैया","Late Badriprasad gupta","","Ramkumari gupta","Rambabu nogariya; Brijkishor nogariya; Anilkuamr nogariya;","","","7862911595","","","","","Simple","","","B 134 Gokulnagar Adhinathnagar odhav ahmedabad","1899-12-30 06:30:00","Ahmedabad","","","","","","","","","","","","","","","Gold","","2027-08-02 00:00:00","all","","2026-08-02 00:00:00","2026-08-02T15:01:02.819Z","","Ahmedabad"
"migr_17790918132","nancy75000g@gmail.com","Approved","2026-08-02T15:01:02.779Z","","Female","Unmarried","Nancy Gupta","2001-06-19 00:00:00","5’3""","","Partial","MBA","Service","500000","Bareilly","","","इन्दुरख्या","Anil Kumar Gupta","Businessman","Poonam Gupta","Renu - Pradeep Indurkhya; Pramod Indurkhya","","","9997745545","","","","","Businessman, height should be till 5’7 or 5’8","","","Villa - 80, Mega Dream Homes, Karamchari Nagar Bareilly, U.P.","1899-12-30 08:35:00","Orai","","","","Smt. Sheela Gupta","","","Aneeta & Late Santosh Seth; Sangeeta & Sh. Jaishankar Tarsauliya","","","","Sh. Govind Das Gupta","","","","Gold","","2027-08-02 00:00:00","all","","2026-08-02 00:00:00","2026-08-02T15:01:02.819Z","","Noida"
"migr_17790918133","jhudelerajkumar@gmail.com","Approved","2026-08-02T15:01:02.779Z","","Male","Unmarried","Akshay Raj jhudele","1987-02-02 00:00:00","5'7""","","Yes","M.tech","Service","1000000","Sagar","","","झुड़ेले","Rajkumar jhudele","Business","Anita jhudele","","","","9425655511","","","","","-","","","Near utsav bhawan Ravi Shankar ward sagar (m.p)","1899-12-30 23:33:00","Sagar","","","","-","","","","","","","","","","","Gold","","2027-08-02 00:00:00","all","","2026-08-02 00:00:00","2026-08-02T15:01:02.819Z","MINING INSPECTOR (mp govt)",""
"migr_17790918134","sanjaygupta.sg864@gmail.com","Approved","2026-08-02T15:01:02.779Z","","Male","Unmarried","AMAY GUPTA","1996-07-16 00:00:00","5'7""","","Partial","B.E.(IT), OIST, BHOPAL","Service","1600000","Jabalpur","","","बड़ेरिया","SRI SANJAY KUMAR GUPTA","RET. BRANCH MANAGER, LIC OF INDIA, JABALPUR","SMT. ARCHNA GUPTA","SRI VIJAY BADERIA; SRI VINAY BADERIA","","","7415786403","","","","","Well Educate, Family Value, Service","","","AS ABOVE","1899-12-30 01:59:00","JABALPUR (M.P.)","","","","LATE SRI JAGDISH PRASAD GUPTA","","","SRI SOHAN GUPTA","","","","LATE SMT. GEETA DEVI GUPTA","","","","Gold","","2027-08-02 00:00:00","all","","2026-08-02 00:00:00","2026-08-02T15:01:02.819Z","Lead I Software Engineer, UST GLOBAL","MUMBAI"
"migr_17790918135","kg0092@gmail.com","Approved","2026-08-02T15:01:02.779Z","","Male","Unmarried","Ankur gupta","1997-09-08 00:00:00","5'7""","","No","12","Business","","Jhansi","","","इटोरिया","Mukesh Kumar gupta","Contractor","Usha Gupta","Badri prashad itoriya Dabra","","","7309858777","","","","","Achi ho","","","Garmau crossing balni Dudh ke Just piche takori Jhansi","1899-12-30 14:00:00","Shivpuri","","","","","","","Shivkumar gupta --Neelam Gupta Konch","","","","","","","","Gold","","2027-08-02 00:00:00","all","","2026-08-02 00:00:00","2026-08-02T15:01:02.819Z","","Jhansi"
"migr_17790918136","anjile7898@gmail.com","Approved","2026-08-02T15:01:02.779Z","","Male","Unmarried","Aman Pahariya","1999-10-15 00:00:00","5'9""","","No","B COM","Business","500000","Katni","","","रिखोल्या","Anil Pahariya","Business","Anjile Pahariya","Rakesh Gupta - Kalpana Gupta; Vinay Gupta - Vandana Gupta","","","7898183867","","","","","Good Nature","","","Azad Chowk masuraha ward purani basti Katni","1899-12-30 00:15:00","Katni","","","","Shri Babulal Pahariya","","","Ashok Sathiya - Sunita Pahariya; Naveen Chhoudha - Kirti Chhoudha","","","","Late smt. Kusum bai Pahariya","","","","Gold","","2027-08-02 00:00:00","all","","2026-08-02 00:00:00","2026-08-02T15:01:02.819Z","Anil Kirana Store","Katni"
"migr_17790918137","hemantgupta78388@gmail.com","Approved","2026-08-02T15:01:02.779Z","","Male","Unmarried","JATIN GUPTA","2000-07-17 00:00:00","5'10""","","No","M.Tech.(C.S.) ,IIT Guwahati","Service","1800000","Gwalior","","","बिलैया","Hemant Kumar Gupta","Govt Teacher","Mrs. Rashmi Gupta","Devendra Bilaiya (Business)-Mrs. Anju Bilaiya; Manish Bilaiya (Business)- Mrs. Rani Bilaiya (Maa Vaishno Printers Dabra","","","8959578388","","","","","Attractive and compu.engg. in same psu","","","Sikander Kampoo Lashkar Gwalior MP","1899-12-30 17:15:00","DABRA (Gwalior)","","","","Shri Munna Lal Gupta (retd. govt. Teacher)","","","Kamal Kumar Bedar (Retd.Revenue Dept.) - Mrs.Rekha bedar Seondha (Datiya)","","","","Mrs Meera Devi","","","","Gold","","2027-08-02 00:00:00","all","","2026-08-02 00:00:00","2026-08-02T15:01:02.819Z","POWER GRID CORPORATION OF INDIA LTD","Manesar"
"migr_17790918138","sandeep.shantiinfotech@gmail.com","Approved","2026-08-02T15:01:02.779Z","","Male","Unmarried","Sandeep Gupta","1989-09-07 00:00:00","5'6""","","No","B.Tech IT","Service","900000","Shahgarh - Sagar","","","नीखरा","Late. Mr Parmanand Mor","","Mrs. Ramkali Devi Mor","Late Mr. Kamlesh/Bhanumati Neekhra Chhatarpur","","","9770210208","","","","","Someone who believes in supporting each other through every stage of life. Preferably a non-working partner.","","","Ward No - 12 Pachour Muhalla Shahgarh Dist- Sagar MP","1899-12-30 10:31:00","Shahgarh","","","","Late. Mr Hardas","","","","","","","Putlibai Mor","","","","Gold","","2027-08-02 00:00:00","all","","2026-08-02 00:00:00","2026-08-02T15:01:02.819Z","","Indore"
"migr_17790918139","pkgupta307@gmail.com","Approved","2026-08-02T15:01:02.779Z","","Male","Unmarried","Prafull Kumar Gupta","1986-05-09 00:00:00","5'10""","","No","B Tech CS","Service","500000","Jhansi","","","कनकने","Pramod Kumar Gupta","Retd Chief Pharmacist","Geeta Gupta","Smt Geeta Gupta and Sh Krishna Gupta; Smt Usha Gupta and Sh Ramkrishna Gupta; Smt Darshna Gupta and Sh Manoj Gupta","","","9198144889","","","","","Only beautiful. No other demand","","","665/1, Shivaji Nagar, Jhansi","1899-12-30 06:33:00","Lalitpur","","","","Late Sh Ram Narayan Gupta","","","Late Sh Radhe Shyam Gupta - Smt Meera Gupta from Khaksis","","","","Late Smt Savitri Gupta","","","","Gold","","2027-08-02 00:00:00","all","","2026-08-02 00:00:00","2026-08-02T15:01:02.819Z","L&T","Jhansi"
"migr_17790918140","shivam728482gupta@gmail.com","Approved","2026-08-02T15:01:02.779Z","","Male","Unmarried","Samir Gupta","1996-11-06 00:00:00","5'5""","","No","BA and D.ED","Service","500000","Narsinghpur","","","सिजरिया","Purushottam Gupta","Grain marchant business","Anjna Gupta","Santosh sijariya","","","8989948232","","","","","Should be caring and family oriented","","","Pratap nagar gali no.12, narsinghpur (mp)","1899-12-30 22:10:00","Narsinghpur","","","","Late.jawahar lal mor","","","Dwarka prasad seth","","","","","","","","Gold","","2027-08-02 00:00:00","all","","2026-08-02 00:00:00","2026-08-02T15:01:02.819Z","Aviva health insurance pvt Ltd",""
"migr_17790918141","sumitragupta2727@gmail.com","Approved","2026-08-02T15:01:02.779Z","","Male","Unmarried","Aditya Gupta","2002-07-06 00:00:00","6'4""","","No","B Tech (EC)","Service","1200000","Narmadapuram","","","बरसैंया","Pramod Gupta","Retail shop","Shrimati Sumitra Gupta","Let Harish Kumar Gupta shrimati Jyoti Gupta; Devendra Kumar Gupta shrimati Sarika Gupta","","","9669444516","","","","","Government job","","","Semriharchand ,narmadapuram Madhya Pradesh","1899-12-30 10:55:00","Semri harchand","","","","Late Gopi Kishan Gupta retired teacher ","Late Lalji Ram Gupta retired principal","","","","","","Smt Krishna Gupta retired teacher","Nani ji shrimati Mirabai","","","Gold","","2027-08-02 00:00:00","all","","2026-08-02 00:00:00","2026-08-02T15:01:02.819Z","Scale -1 officer at Bank of India (Government of India undertaking)",""
"m1785926544431","sanjaygupta.sg864@gmail.com","Approved","2026-08-05T10:42:24.508Z","","Male","Unmarried","AMAY GUPTA","16-07-1996","5'7""","Wheatish (गेहुआ)","Partial","B.E. (IT), OIST BHOPAL","Sr. Software Engineer","16","MUMBAI","JABALPUR","Wachchal","कुचिया","SANJAY GUPTA","Ret. Br. Manager, LIC OF INDIA","SMT ARCHNA GUPTA","Sri V. Baderia — Jabalpur — Business; Sri V. Baderia — Jabalpur — ADM, LIC, Amrawati","Ar. Ayush Gupta — Married — Smt. Rashi","","7415786403","Father","","","","","Looking for Well Educated, Family Value and Service life partner.","https://res.cloudinary.com/dtcrife6i/image/upload/c_fill,g_face,w_600,h_600/f_auto,q_auto/v1785925840/gahoibandhu/rjaancqd5ueqtsgmzwds.jpg","J-12A, J-LANE, OPP. POOJA HOMES, KACHNAR CITY, VIJAY NAGAR,. JABALPUR (M. P.) 482002","1899-12-30 01:59:00","Jabalpur","","Deva (देव)","","Late Sri J. P. Gupta","Sri R.S.Baderia","Sri O. P. Gupta — Jabalpur — Ret. Br. Mgr. SBI; Sri A.K.Gupta — Sihora — Ret. Accountant, SBI; Sri V.K.Gupta — Gurgaon — Ret. CMO, Municipal","","","","","Late Smt. Geeta Devi Gupta","Smt. R.B. Baderia","","","Gold","[""https://res.cloudinary.com/dtcrife6i/image/upload/c_fill,g_face,w_600,h_600/f_auto,q_auto/v1785925840/gahoibandhu/rjaancqd5ueqtsgmzwds.jpg""]","2027-08-05 00:00:00","all","","2026-08-05 00:00:00","2026-08-05T10:42:24.547Z","UST GLOBAL","MUMBAI"
"m1786067932471","dishaashokguptagupta@gmail.com","Approved","2026-08-07T01:58:52.700Z","","Female","Unmarried","Disha Ashokji Gupta (Nagariya)","2004-02-10 00:00:00","5'4""","Fair (गोरा)","","Msc (computer science) pursuing","","","Ashti","Ashti","Jaital","नगरिया","Ashok Ramdashji Gupta (Nagariya)","Property dealer and grocery store","Deepa Ashokji Gupta (Nagariya)","","","Varsha Ashokji Gupta (Nagariya) — Unmarried","9765791719","Father","","","","","","https://res.cloudinary.com/dtcrife6i/image/upload/c_fill,g_face,w_600,h_600/f_auto,q_auto/v1786067922/gahoibandhu/kwolfotec0wfiw6yznjw.jpg","Goal bajar chok ashti,maharashtra","","Sewagram(wardha)","","","","Ramdashji Gupta (Nagariya)","","","","","","","Radhabai Gupta (Nagariya)","","","","Gold","[""https://res.cloudinary.com/dtcrife6i/image/upload/c_fill,g_face,w_600,h_600/f_auto,q_auto/v1786067922/gahoibandhu/kwolfotec0wfiw6yznjw.jpg""]","2027-08-07 00:00:00","all","","2026-08-07 00:00:00","2026-08-07T01:58:52.730Z","",""
"m1788619020420","rkg311964@gmail.com","Approved","2026-09-05T14:37:00.512Z","","Male","Unmarried","Dr Sanchit Gupta","27-05-1994","5'9""","Fair (गोरा)","Partial","PHD","Assistant professor","20","Patna","Bhopal","Gol","इटोरिया","Er Rajkumar Gupta","Sr Vice President","Sandhya Gupta","Mr Shyam Sunder — Gwalior — Business; Mr Ramkishor — Bhopal — Ret. IPS; Ramkumar — Noida — Service; Adv Deepak — Gwalior — Advocate in High court; Sunil — Gwalior — Business","Shubham — Married — Rupali","","9202325357","Father","","","","","Sanchit is working as Assistant Professor NIT Patna in civil engineering department","https://res.cloudinary.com/dtcrife6i/image/upload/c_fill,g_face,w_600,h_600/f_auto,q_auto/v1788618399/gahoibandhu/f3bjoaxwc1i9ro9dbfyx.jpg","88starhomes Bawadia kalan","1899-12-30 05:25:00","Chhindwara MP","","Rakshasa (राक्षस)","","Late sri MR Gupta","Late Gorishankar Arusia","Mr Rambabu — Datia — Business; Mr Shyam Sunder — Datia — Business; Late Kashiram — Datia","Smt Sakuntala — Dabra — Sehore bale pahariya","","Mr Shivkumar — Datia — LIC; Mr Shashi kastwar — Indore — Medical","","Late smt Dankaur","","","","Gold","[""https://res.cloudinary.com/dtcrife6i/image/upload/c_fill,g_face,w_600,h_600/f_auto,q_auto/v1788618399/gahoibandhu/f3bjoaxwc1i9ro9dbfyx.jpg""]","2027-09-05 00:00:00","all","","2026-09-05 00:00:00","2026-09-05T14:37:00.559Z","NIT Patna","Patna"